Price,Close,High,Low,Open,Volume
Ticker,AAPL,AAPL,AAPL,AAPL,AAPL
Date,,,,,
2020-01-02,72.3338623046875,72.39407027941263,71.09116882440814,71.34403937841115,135480400
2020-01-03,71.6306381225586,72.38925722098051,71.40666619485818,71.56320547713457,146322800
2020-01-06,72.2013931274414,72.23992710936326,70.50353134989086,70.7539985575802,118387200
2020-01-07,71.86186218261719,72.46634548952974,71.64270418623039,72.2110641639823,108872000
2020-01-08,73.017822265625,73.31886213203573,71.56560624404386,71.56560624404386,132079200
2020-01-09,74.56879425048828,74.76145686133366,73.74274246581768,73.99320238999518,170108400
2020-01-10,74.73736572265625,75.30091887725054,74.23643856809193,74.80239504412852,140644800
2020-01-13,76.33409118652344,76.36058652225458,74.93485817482635,75.05287082554342,121532000
2020-01-14,75.30333709716797,76.48100893453174,75.18051779267843,76.27148630079421,161954400
2020-01-15,74.9805908203125,75.98245224534158,74.54949973066661,75.10341742145754,121923600
2020-01-16,75.91985321044922,76.03064118697364,75.16123412136378,75.52248200660513,108829200
2020-01-17,76.76036071777344,76.7627640392473,75.86205500785368,76.16790890123319,137816400
2020-01-21,76.24015045166016,76.83018415127219,76.10287451536945,76.38946504217743,110843200
2020-01-22,76.51231384277344,77.06381371935198,76.41838585398544,76.72423978617735,101832400
2020-01-23,76.88079071044922,76.96026202494508,76.01860816134078,76.56530142477,104472000
2020-01-24,76.65922546386719,77.86819933392093,76.46896614550444,77.12644008388187,146537600
2020-01-27,74.40503692626953,75.08417746726008,73.42484908589569,74.67235687385795,161940000
2020-01-28,76.5099105834961,76.68089922753784,75.18533472345831,75.2840767149778,162234000
2020-01-29,78.11143493652344,78.95675744540253,77.39857441186852,78.13793027321145,216229200
2020-01-30,77.99822235107422,78.0512056603916,76.7651642610764,77.19625539826748,126743200
2020-01-31,74.53988647460938,77.71163859900423,74.24607125177067,77.29018275843434,199588400
2020-02-03,74.3351821899414,75.49839714349714,72.78422401879573,73.2851511845041,173788400
2020-02-04,76.78925323486328,76.97951249486786,75.53211041551288,75.93670624597806,136616400
2020-02-05,77.41543579101562,78.21258898353346,76.81335589638837,77.91395235806485,118826800
2020-02-06,78.32093048095703,78.32334115153373,77.12881713275685,77.68513816517135,105425600
2020-02-07,77.25634765625,78.06987612347613,76.76629893571341,77.82123085871221,117684000
2020-02-10,77.623291015625,77.623291015625,75.7644885208781,75.8441484328751,109348800
2020-02-11,77.15496826171875,78.19059132825674,76.93770658748598,78.11817322586252,94323200
2020-02-12,78.98725891113281,78.99208433087418,77.60401366524216,77.60401366524216,113730400
2020-02-13,78.42473602294922,78.75063214721084,78.05780543857192,78.26058344838953,94747600
2020-02-14,78.44406127929688,78.69270656111114,77.93711251400148,78.3933612458328,80113600
2020-02-18,77.0077133178711,77.1887659353896,75.94794846047884,76.12900107799734,152531200
2020-02-19,78.12300109863281,78.35233737517142,77.24912158938099,77.24912158938099,93984000
2020-02-20,77.321533203125,78.3716398349872,76.81700080414447,77.88400744802773,100566000
2020-02-21,75.57135009765625,77.35774159273006,74.95577422235982,76.91596913601705,129554000
2020-02-24,71.98168182373047,73.43010258149737,69.82112528029087,71.75959476642028,222195200
2020-02-25,69.54352569580078,73.03180965186876,69.07279323243056,72.6503953158895,230673600
2020-02-26,70.64673614501953,71.90927916190874,69.16210602316792,69.16934783382864,198054800
2020-02-27,66.02865600585938,69.04137312147908,65.89347068981047,67.85849792252752,320605600
2020-02-28,65.99005126953125,67.20914325476264,61.88860853206062,62.10346116385855,426510000
2020-03-02,72.13379669189453,72.76868922917748,67.0425965295844,68.14339616645945,341397200
2020-03-03,69.84285736083984,73.38665871766685,68.99311238709194,73.3069988099028,319475600
2020-03-04,73.08250427246094,73.2418314905751,70.76261982320094,71.56166493954149,219178400
2020-03-05,70.71192932128906,72.31242862903635,70.3474076125405,71.33957264179317,187572800
2020-03-06,69.77285766601562,70.2049720207652,67.88991319528947,68.07579124975517,226176800
2020-03-09,64.2543716430664,67.13189718407227,63.489119320777824,63.670171942415024,286744800
2020-03-10,68.88206481933594,69.14761010810192,65.02685113261988,66.90256079781972,285290000
2020-03-11,66.4897689819336,67.88749740945617,65.62795665733853,66.96292517997638,255598800
2020-03-12,59.923580169677734,65.1789345537906,59.868058404963215,61.7848024771312,418474000
2020-03-13,67.10292053222656,67.57366022928257,61.06300489011421,63.94536649521935,370732000
2020-03-16,58.4703483581543,62.542820889319664,57.93684495675963,58.40758108532822,322423600
2020-03-17,61.041290283203125,62.1879532458274,57.55059398806874,59.74978006097213,324056000
2020-03-18,59.5469970703125,60.350871115595204,57.24159305699179,57.88131450093201,300233600
2020-03-19,59.09075164794922,61.03646337436918,58.56690646649194,59.72081496454535,271857200
2020-03-20,55.33934020996094,60.79264444451166,55.03999854094989,59.67011594836406,401693200
2020-03-23,54.1636962890625,55.1606938155284,51.3247927605554,55.059304798459365,336752800
2020-03-24,59.597694396972656,59.79323063321941,56.56083807077307,57.05812866753022,287531200
2020-03-25,59.269386291503906,62.34245170831376,58.97487373705756,60.53192552123785,303602000
2020-03-26,62.38832092285156,62.446255405203736,59.472166210481355,59.51079165439952,252087200
2020-03-27,59.805301666259766,61.767909526223264,59.638732669554486,61.01473181958192,204216800
2020-03-30,61.51203536987305,61.68343350383442,60.20604133587408,60.529524878595154,167976400
2020-03-31,61.38649368286133,63.366001623216455,60.83368129501873,61.702735358357586,197002000
2020-04-01,58.15651321411133,60.04187380235648,57.726815314664734,59.505957782413006,176218400
2020-04-02,59.1269645690918,59.18007364013517,57.1884945265853,58.018923255417455,165934000
2020-04-03,58.27721405029297,59.3128333420279,57.688188979235456,58.61276473473643,129880000
2020-04-06,63.361175537109375,63.51566994282337,60.201204676104986,60.568135335844495,201820400
2020-04-07,62.6273078918457,65.58933353543772,62.52350615550967,65.3720644929947,202887200
2020-04-08,64.23021697998047,64.54403851459621,63.06182517929843,63.42633937506472,168895200
2020-04-09,64.69371032714844,65.19583364514321,63.899498254908295,64.86511208653789,161834800
2020-04-13,65.96350860595703,66.07214313145124,64.17229133387406,64.77097468626023,131022800
2020-04-14,69.29486846923828,69.58455560243435,67.12223707141726,67.59297682109842,194994800
2020-04-15,68.66239166259766,69.1210568119712,67.74506136385055,68.17234288135833,131154400
2020-04-16,69.20799255371094,69.57251431493546,68.1603019063984,69.37456161234648,157125200
2020-04-17,68.26891326904297,69.27074378183441,66.83497575491855,68.72516946310567,215250000
2020-04-20,66.85187530517578,67.99854202997274,66.83256626499734,67.09811161151838,130015200
2020-04-21,64.78546142578125,66.92912586019385,64.07573448825138,66.69496415132106,180991600
2020-04-22,66.6514892578125,67.08601248995713,65.71001734346707,66.05038970065308,116862400
2020-04-23,66.3932113647461,68.0154433517939,66.35458591659604,66.59598944224571,124814400
2020-04-24,68.30994415283203,68.31960235496462,66.86876505886688,66.91704870248016,126161200
2020-04-27,68.3582534790039,68.68897519756469,67.58093367390491,68.02752439339068,117087600
2020-04-28,67.25018310546875,69.00035846269303,67.15845596472252,68.81930583953189,112004800
2020-04-29,69.45903778076172,69.92736120107678,68.53204914375017,68.73482721743544,137280800
2020-04-30,70.92434692382812,71.10057413486881,69.60870223992275,69.99735834734561,183064000
2020-05-01,69.78250885009766,72.17964374552773,69.0051893150792,69.10174923798432,240616800
2020-05-04,70.76986694335938,70.89781053260225,69.11866751411011,69.80666911806027,133568000
2020-05-05,71.83203887939453,72.66246767070962,71.08368641004002,71.2285300116976,147751200
2020-05-06,72.5731430053711,73.20320267035598,72.14827044329485,72.5321011645588,142333600
2020-05-07,73.32389831542969,73.66911092684012,72.89661676334377,73.19837114485792,115215200
2020-05-08,75.06912231445312,75.12237513838589,73.65551062741005,73.98228898395239,133838400
2020-05-11,76.25035858154297,76.7441494175839,74.36957144120983,74.57774424961227,145946400
2020-05-12,75.37896728515625,77.38319884408511,75.25793879153254,76.93296900656856,162301200
2020-05-13,74.46881866455078,76.47789576756719,73.39408522317618,75.55807493186354,200622400
2020-05-14,74.92632293701172,74.98683718466037,72.98744407851115,73.70877656980059,158929200
2020-05-15,74.48333740234375,74.52932881095421,72.66791038979864,72.70180190645536,166348400
2020-05-18,76.23826599121094,76.61103581678174,75.11512542110488,75.80498930633232,135178400
2020-05-19,75.79773712158203,77.0999976554672,75.76626852775506,76.25522103808397,101729600
2020-05-20,77.2718734741211,77.3420646988432,76.61589356065315,76.65462357446266,111504800
2020-05-21,76.69575500488281,77.67366726497515,76.4585365069764,77.13387754437865,102688800
2020-05-22,77.1895523071289,77.27185079219365,76.33266854723075,76.43432834001963,81803200
2020-05-26,76.66670227050781,78.48454498542678,76.6110265113562,78.3054252019707,125522000
2020-05-27,77.00074768066406,77.14598335609439,75.78562421645006,76.52390248864035,112945200
2020-05-28,77.03462219238281,78.29089831885972,76.4004341829612,76.67637525704153,133560800
2020-05-29,76.95960235595703,77.73660324937043,76.60377827424547,77.27669643163954,153532400
2020-06-01,77.90605163574219,78.0270801430567,76.78290354210658,76.91361639836452,80791200
2020-06-02,78.2667236328125,78.29093081458433,77.19925118352937,77.63979677599443,87642800
2020-06-03,78.69757080078125,78.9589964979716,78.0149682866651,78.58622664893751,104491200
2020-06-04,78.0197982788086,78.81858326292213,77.64702850562604,78.52085794063949,87560400
2020-06-05,80.24188995361328,80.30240419943048,78.2400813612976,78.26912701737099,137250400
2020-06-08,80.71631622314453,80.75020774515244,79.23009024878114,79.93931540745123,95654400
2020-06-09,83.26517486572266,83.65730597576551,80.36533708864444,80.3968056767083,147712400
2020-06-10,85.40737915039062,85.87454732273147,83.77349462695621,84.21161714524366,166651600
2020-06-11,81.3069076538086,84.97649098272757,81.20524789699783,84.55289142637267,201662400
2020-06-12,82.0088882446289,84.18740070270101,80.90027071068629,83.44186857843707,200146000
2020-06-15,83.02311706542969,83.6742509001126,80.50330314287096,80.6654845616587,138808800
2020-06-16,85.22339630126953,85.49450625406323,83.44186093342775,85.0733221942709,165428800
2020-06-17,85.10481262207031,86.02704912393895,84.98378413219785,85.96653487900272,114406400
2020-06-18,85.1386947631836,85.55503301794639,84.53112944713651,85.06123476532262,96820400
2020-06-19,84.65216827392578,86.30783714893171,83.54596609025744,85.8430918789263,264476000
2020-06-22,86.86698150634766,87.00979422869749,84.99830144840965,85.04429286253834,135445200
2020-06-23,88.72115325927734,90.13718820813904,87.68998805980996,88.10874933547481,212155600
2020-06-24,87.15504455566406,89.26820486684538,86.78227469992099,88.35080675031271,192623200
2020-06-25,88.31207275390625,88.35080275936323,86.55232106785238,87.30996064055707,137522400
2020-06-26,85.5986099243164,88.42825657527817,85.45095132716905,88.20798383985682,205256800
2020-06-29,87.57136535644531,87.66577111516035,85.02976731524565,85.50661981464565,130646000
2020-06-30,88.30238342285156,88.58801627360432,87.14051287267962,87.15987418081895,140223200
2020-07-01,88.13536071777344,88.92204587845694,88.08695375546539,88.37984062385425,110737200
2020-07-02,88.13536071777344,89.67484690422407,88.02160103220285,89.04065881814572,114041600
2020-07-06,90.49301147460938,90.96017971455592,89.52962194946613,89.56109054157537,118655600
2020-07-07,90.21221923828125,91.6476154008952,90.10087509241899,90.87061453958542,112424400
2020-07-08,92.31328582763672,92.34475442259624,91.10057777662374,91.18772214628044,117092000
2020-07-09,92.71025085449219,93.25729463316677,91.66456287634601,93.20404179945581,125642800
2020-07-10,92.8724365234375,92.93053523193312,91.6960429410668,92.30602397781523,90257200
2020-07-13,92.44397735595703,96.77921853086478,92.23096604261153,94.17468319640058,191649200
2020-07-14,93.97378540039062,94.16500509879575,90.89482027358295,91.82673375082925,170989200
2020-07-15,94.62008666992188,96.09421302015997,93.42432441242931,95.84489458759741,153198000
2020-07-16,93.45578002929688,94.31024088700049,92.85789898357274,93.49451003316076,110577600
2020-07-17,93.26698303222656,94.06092970486094,92.79496892260524,93.90601706451432,92186800
2020-07-20,95.23249816894531,95.37047245273277,93.01041634508266,93.35414058744878,90318000
2020-07-21,93.91809844970703,96.09661104261261,93.6687800817764,96.02157397759412,103433200
2020-07-22,94.18193817138672,94.86211761268852,93.53322731563136,93.620364272229,89001600
2020-07-23,89.89510345458984,93.99312548879989,89.08663419834281,93.91566549865867,197004400
2020-07-24,89.67243194580078,90.01615612762265,86.31267968652797,88.09664593771886,185438800
2020-07-27,91.79768371582031,91.88966654711753,90.50994623863684,90.7326345162056,121214000
2020-07-28,90.2896728515625,91.54594911832494,90.2848269844815,91.36924487069622,103625600
2020-07-29,92.02039337158203,92.20435906214746,90.73507124553788,90.77137831946693,90329200
2020-07-30,93.13385772705078,93.2379404686909,90.78832470426487,91.19497870904048,158130000
2020-07-31,102.8839111328125,103.03398529349649,97.6215868383854,99.61614157613516,374336800
2020-08-03,105.47633361816406,108.09054616095987,104.4645371706777,104.76226254133908,308151200
2020-08-04,106.18070983886719,107.26996618839969,104.94379489849536,105.6651273181697,173071600
2020-08-05,106.56558990478516,106.88510690463526,105.43760344433963,105.90235611566642,121776800
2020-08-06,110.28359985351562,110.7773982628993,106.30902755903897,106.89722436885218,202428800
2020-08-07,107.77620697021484,110.26176460572711,106.98082882286342,109.80587577731004,198045600
2020-08-10,109.34270477294922,110.35875275642206,106.69710077257369,109.21903076531765,212403600
2020-08-11,106.09088134765625,109.10507306907006,105.83141158748525,108.60796447088038,187902400
2020-08-12,109.61671447753906,109.87375687982836,106.98565970661953,107.17965145918507,165598000
2020-08-13,111.55665588378906,112.55815472074357,110.50665541102485,110.99406946976315,210082000
2020-08-14,111.4572525024414,111.54697388434195,109.65067355223327,111.38208013380518,165565200
2020-08-17,111.16624450683594,112.60180865121056,110.54061480830164,112.57755783182,119561600
2020-08-18,112.09258270263672,112.51694618501556,110.58427334354063,110.91891544512356,105633600
2020-08-19,112.23322296142578,113.64453639963617,112.13865437861999,112.49996719549999,145538000
2020-08-20,114.7236328125,114.83760501028006,112.25747159683876,112.27444791147464,126907200
2020-08-21,120.63561248779297,121.11817195845913,115.66934527196243,115.6814669811538,338054800
2020-08-24,122.07847595214844,124.91807958440302,120.21612802925294,124.83319799639226,345937600
2020-08-25,121.07697296142578,121.42131690614454,119.35769534098384,120.95330633788029,211495600
2020-08-26,122.72349548339844,123.17938430241111,121.32673099966804,122.39128067814039,163022400
2020-08-27,121.25641632080078,123.65709978806709,120.11426694187719,123.32488497435537,155552400
2020-08-28,121.05999755859375,122.64589926041506,120.83690034715939,122.22881026536905,187630000
2020-08-31,125.16539001464844,127.06654483126823,122.21667670793738,123.74923681098468,225702700
2020-09-01,130.1510467529297,130.75244043183687,126.61064913629612,128.77368605712132,151948100
2020-09-02,127.45454406738281,133.8369730802814,123.186665513161,133.45868391206912,200119000
2020-09-03,117.25041198730469,124.97140134269283,116.8818246649217,123.09935930505591,257599600
2020-09-04,117.32801055908203,119.98573625952378,107.56037630423063,116.46473461185484,332607200
2020-09-08,109.43243408203125,115.41717011939836,109.2966383541402,110.52850171438395,231366600
2020-09-09,113.79729461669922,115.56264615107492,111.79915150644727,113.73909857280785,176940500
2020-09-10,110.08230590820312,116.88182317054356,109.12203408038299,116.74602745349068,182274400
2020-09-11,108.63703918457031,111.77005705290503,106.69709205627441,111.1298709484181,180860300
2020-09-14,111.89617156982422,112.4490563072492,109.41304115616997,111.27538896641066,140150100
2020-09-15,112.07076263427734,115.26197700807842,110.19871308977739,114.77699015613865,184642000
2020-09-16,108.7631607055664,112.51696201625585,108.67586661477294,111.7700854383201,154679000
2020-09-17,107.02689361572266,108.83104527474275,105.4458391619844,106.42551466292394,178011000
2020-09-18,103.63197326660156,107.55066740012516,102.90449308489,107.08508422800398,287104900
2020-09-21,106.77468872070312,106.88138640178967,100.00427017683465,101.40103443810513,195713800
2020-09-22,108.45276641845703,109.47124185175878,105.88234181116601,109.29664627463028,183055400
2020-09-23,103.903564453125,108.74373016788621,103.56406780634413,108.26844522282775,150718700
2020-09-24,104.97056579589844,106.93961142539536,101.847248976567,102.01214274645399,167743300
2020-09-25,108.90865325927734,109.06385261398287,104.43707360612179,105.17425574034796,149981400
2020-09-28,111.5081558227539,111.85734688464554,109.39361323699265,111.55665745924858,137672400
2020-09-29,110.6642837524414,111.84765272079834,110.15990073985728,111.1104781178147,99382200
2020-09-30,112.33263397216797,113.73910005377913,110.20839693905525,110.37329066576835,142675200
2020-10-01,113.28319549560547,114.18527106334523,112.3520219096015,114.10767141443411,116120400
2020-10-02,109.62641143798828,111.90585528542881,108.85043700934379,109.50031753591523,144712000
2020-10-05,113.001953125,113.14745068204762,110.14053323775403,110.48972441454302,106243800
2020-10-06,109.76222229003906,112.63334341918222,108.87954271233731,112.22594886007512,161498200
2020-10-07,111.62456512451172,112.08045390652613,110.70308575226879,111.1783781507114,96849000
2020-10-08,111.51786804199219,112.90493061170089,111.1492733309645,112.7594330889432,83477200
2020-10-09,113.45781707763672,113.48691510258755,111.46936816913343,111.81855926916633,100506900
2020-10-12,120.66473388671875,121.42131221454332,115.69846570876324,116.45504403658781,240226800
2020-10-13,117.46379852294922,121.62498605023444,116.05733979847938,121.50858655705257,262330500
2020-10-14,117.55110168457031,119.33584953717633,116.02824344500344,117.36680433445795,150712000
2020-10-15,117.08550262451172,117.560787576873,114.60237278324881,115.15525739322722,112559200
2020-10-16,115.4462661743164,117.90030584427576,115.24257258596,117.63840880188037,115393800
2020-10-19,112.49756622314453,116.80424492583009,112.18717489862382,116.35805785935115,120639300
2020-10-20,113.98159790039062,115.40746025257594,112.15804282671203,112.71092747344602,124423700
2020-10-21,113.36083221435547,115.14558032107824,112.95343762450592,113.16683302863848,89946000
2020-10-22,112.27447509765625,114.49571614097361,111.14930185986196,113.92342771131939,101988000
2020-10-23,111.58578491210938,113.05044739689119,110.84860276475848,112.8952480394225,82572600
2020-10-26,111.59546661376953,113.05042702646372,109.49061825916863,110.58669317293085,111850700
2020-10-27,113.09894561767578,113.75852810945555,111.10080192212806,112.02227408844243,92276800
2020-10-28,107.86103820800781,111.96402891145699,107.76404234888977,111.59544168668458,143937800
2020-10-29,111.85736846923828,113.41902674173545,108.83104781563942,108.99594897135509,146129200
2020-10-30,105.5913314819336,108.6273463236584,104.48556211975591,107.72527053869118,190272600
2020-11-02,105.5040283203125,107.35668150297613,104.09756951905206,105.83382320217856,122866900
2020-11-03,107.12388610839844,108.14235394209176,105.46523215040254,106.36730788899447,107624400
2020-11-04,111.49848937988281,112.11927204229539,108.97655888879257,110.71281294158537,138235500
2020-11-05,115.45597839355469,116.02826677461476,113.36083886704176,114.40840493014188,126387100
2020-11-06,115.32479095458984,115.8203256136095,112.83736946099638,114.96527887670223,114457900
2020-11-09,113.02198791503906,118.53122507296646,112.7596464655049,117.08347300114552,154515300
2020-11-10,112.68191528320312,114.25597883957684,110.8940807658282,112.27382528066764,138023400
2020-11-11,116.10211944580078,116.2381494579348,113.1385999950758,113.86733537997074,112295000
2020-11-12,115.83003997802734,117.1126137436234,115.20818648034917,116.22841881317535,103162300
2020-11-13,115.87865447998047,116.27702600238625,114.52806537956721,116.05355128357041,81581900
2020-11-16,116.88914489746094,117.55957633149036,114.80010222486767,115.54826720324448,91183000
2020-11-17,116.00495147705078,117.24865863043144,115.58714291023577,116.16041857776305,74271000
2020-11-18,114.6834945678711,116.42274359265693,114.65434634387621,115.24705160870013,76322100
2020-11-19,115.27619171142578,115.6842816447608,113.49807604222319,114.25595946501045,74113000
2020-11-20,114.0130615234375,115.40251710432108,113.96448361868471,115.27620565626937,73604300
2020-11-23,110.62202453613281,114.28513837643995,110.52486130551306,113.85761126601786,127959300
2020-11-24,111.90457916259766,112.56529939521855,109.39772821414678,110.68030932430327,113874200
2020-11-25,112.74018859863281,113.439775552587,111.90457167175171,112.27380223804838,76499200
2020-11-27,113.28433990478516,114.15882383972767,112.92483519653295,113.26491022315516,46691300
2020-11-30,115.67457580566406,117.54013622605181,113.49808123546687,113.65354831037159,169410200
2020-12-01,119.24052429199219,119.96925956195165,116.60736173944143,117.57900876605405,127728200
2020-12-02,119.5903091430664,119.87208764992158,117.46239993689542,118.56035832864589,89004200
2020-12-03,119.45429229736328,120.27047227200518,118.74498667961886,120.0178419599632,78967600
2020-12-04,118.78385925292969,119.3765645833526,118.07455360054387,119.12393425897255,78260400
2020-12-07,120.24134063720703,121.03809104227989,118.78386984160453,118.84216630124308,86712000
2020-12-08,120.85346984863281,121.43646406909802,119.60004413555974,120.84375871454999,82225500
2020-12-09,118.32719421386719,122.37896123763355,117.56931058790569,120.99922399995596,115089200
2020-12-10,119.74578094482422,120.35792333365181,116.7433951040976,117.08347009062476,81312200
2020-12-11,118.93933868408203,119.27941372539408,117.13207427816091,118.95876836655133,86939800
2020-12-14,118.32719421386719,119.85268001340195,118.0940009627436,119.12394461719592,79184500
2020-12-15,124.25423431396484,124.27367140820184,120.61055751786674,120.81460252887871,157243700
2020-12-16,124.18621826171875,124.73033828648967,122.97165933994127,123.79756533721344,98208600
2020-12-17,125.05099487304688,125.90604917528667,124.40970414636703,125.245321352785,94359800
2020-12-18,123.06884002685547,125.43966160781517,122.5441496402621,125.30363159052206,192541500
2020-12-21,124.59429931640625,124.67203286094654,119.94982751976666,121.47531311924551,121251600
2020-12-22,128.14080810546875,130.599073771845,125.9740246713456,127.8784592702847,168904800
2020-12-23,127.24688720703125,128.6751945398209,127.07198305177502,128.41286054616967,88223700
2020-12-24,128.22825622558594,129.67601559807733,127.38292807699283,127.59669160383469,54930100
2020-12-28,132.81446838378906,133.446033182036,129.72462233987497,130.19102370668213,124486200
2020-12-29,131.0460662841797,134.85492191166836,130.5310944025397,134.1359124001807,121047300
2020-12-30,129.9286651611328,132.13430846309575,129.61773093964035,131.73592955161843,96452100
2020-12-31,128.92784118652344,130.9197204767935,127.98534242224186,130.27842990655225,99116600
2021-01-04,125.74083709716797,129.82175137838865,123.1659711614339,129.73430670995643,143301900
2021-01-05,127.29547119140625,128.0047841932833,124.78862009202955,125.2355842462787,97664900
2021-01-06,123.01052856445312,127.33436285992687,122.79676500387103,124.09877604874403,155088000
2021-01-07,127.20806121826172,127.89793731653697,124.23482288794177,124.72064653214206,109578200
2021-01-08,128.3060302734375,128.8695874924766,126.5376250523671,128.67524616951312,105158200
2021-01-11,125.3230209350586,126.47928319135579,124.85663454489163,125.52707332046941,100384500
2021-01-12,125.14813995361328,126.0129052139805,123.26314235039197,124.85664288048969,91951100
2021-01-13,127.17889404296875,127.72301407124303,124.84694682860504,125.10928088256377,88636800
2021-01-14,125.25504302978516,127.28578210198899,125.1092870553467,127.09145562889725,90221800
2021-01-15,123.53518676757812,126.52786101069914,123.39915679407967,125.12868709691216,111598500
2021-01-19,124.20564270019531,125.06069683837403,123.340877429049,124.15705738304294,90757300
2021-01-20,128.2865753173828,128.7335395413519,124.90524730001776,125.01212908230433,104319500
2021-01-21,132.9893035888672,135.70991781539036,129.80230301173157,130.00635537983658,120150900
2021-01-22,135.12698364257812,135.88486727485233,131.19180950505606,132.41607964346215,114459400
2021-01-25,138.86778259277344,140.97625472972098,132.66867020571667,139.01353853335786,157611700
2021-01-26,139.1010284423828,140.20870575076052,137.36177150504042,139.528555618627,98390600
2021-01-27,138.03219604492188,140.20869106595407,136.42898412808006,139.36334793740457,140843800
2021-01-28,133.20306396484375,137.96414245615455,132.82412228395296,135.56417353512813,142621100
2021-01-29,128.2185516357422,132.86302336292994,126.51816929301403,131.9788209864335,177523800
2021-02-01,130.33676147460938,131.54160940158948,127.21776727973175,129.95781964029345,106239800
2021-02-02,131.16265869140625,132.44522526454477,130.79342801715512,131.88166811874655,83305400
2021-02-03,130.14239501953125,131.92051071941538,129.82174974648763,131.91078476116337,89880900
2021-02-04,133.49459838867188,133.5043095225396,130.7739834636992,132.43550657690793,84183100
2021-02-05,133.08099365234375,133.72324245824956,132.20521062487953,133.65513325973174,75693800
2021-02-08,133.22698974609375,133.27564766652046,131.29051736028654,132.37065786118401,71297200
2021-02-09,132.35118103027344,134.1708861386868,132.19549648512387,132.94477197557092,76774200
2021-02-10,131.74790954589844,133.30487431692404,130.78453592339073,132.80858418639744,73046600
2021-02-11,131.49484252929688,132.72094164331565,130.17142759822354,132.24411789704274,64280000
2021-02-12,131.72842407226562,131.88412349618312,130.09362466607496,130.73587365349886,60145100
2021-02-16,129.6070556640625,132.35118706954955,129.2178071626484,131.84518629017936,80576300
2021-02-17,127.3202896118164,128.66317119438432,125.98714852369966,127.7192638281322,97918500
2021-02-18,126.22068786621094,126.50288006540657,123.98255701846796,125.7243978338029,96856700
2021-02-19,126.37635803222656,127.1937724488316,125.33514985915805,126.73641474669597,87668800
2021-02-22,122.6104736328125,126.23040308983671,122.22123254914695,124.56639727156255,103916400
2021-02-23,122.4742431640625,123.30137584564321,115.20519230196524,120.43073670834654,158273000
2021-02-24,121.97796630859375,122.1823162213377,118.94190197736167,121.57899955251936,111039900
2021-02-25,117.7352294921875,123.0580814668372,117.29733797299157,121.32596667655264,148199500
2021-02-26,117.99800872802734,121.49143122307309,117.93961772875939,119.29222499597206,164560400
2021-03-01,124.35233306884766,124.48856634693102,119.4868376397081,120.42101187120407,116307900
2021-03-02,121.75416564941406,125.25732102772348,121.64712415132996,124.95566267357219,102260900
2021-03-03,118.77647399902344,122.32828720569532,118.56239100874602,121.45249652917722,112966300
2021-03-04,116.89839172363281,120.27504677444026,115.4290174341431,118.47481493176636,178155000
2021-03-05,118.15369415283203,118.65970985611862,114.40726400079701,117.72553558561702,153766600
2021-03-08,113.22982025146484,117.74499981575629,113.08385389082869,117.67688317068041,154376600
2021-03-09,117.8325424194336,118.7764495417566,115.59441940046939,115.82796105806665,129525800
2021-03-10,116.75240325927734,118.88348469179792,116.23665463262118,118.41640140144617,111943300
2021-03-11,118.67916870117188,119.89554261056912,117.99800228157227,119.24356797692991,103026500
2021-03-12,117.774169921875,117.91040318694742,115.95447955662657,117.16112022904915,88105100
2021-03-15,120.65455627441406,120.66428934425417,117.18059275719496,118.14396621912681,92403800
2021-03-16,122.19203186035156,123.7976465733389,121.36489925795071,122.31853204805573,115227900
2021-03-17,121.4038314819336,122.47423888090718,119.04892629520441,120.71293209328559,111932600
2021-03-18,117.28761291503906,119.86632656590932,117.08326303051578,119.57439391707281,121229700
2021-03-19,116.76215362548828,118.16341864155612,116.46049529392347,116.67457827406234,185549500
2021-03-22,120.07070922851562,120.53780010933397,117.02491141702193,117.09302806379151,111912300
2021-03-23,119.24356842041016,120.89783397367995,118.85432728312398,120.01231762490714,95467100
2021-03-24,116.85946655273438,119.5938800533793,116.8400078374971,119.51603034411634,88530500
2021-03-25,117.34602355957031,118.38724678280408,115.79879946642953,116.32427390112565,98844700
2021-03-26,117.94932556152344,118.2120664416162,115.72092802368101,117.1124598512715,94071200
2021-03-29,118.1244888305664,119.28247903408416,117.48224734126221,118.37749665321657,80819200
2021-03-30,116.67456817626953,117.16111766205535,115.66254435493632,116.87891806940085,85671900
2021-03-31,118.86408233642578,120.19722364117948,117.89098302531981,118.37753268087279,118323800
2021-04-01,119.69117736816406,120.83943448866229,119.19489479787379,120.33342627373456,75089100
2021-04-05,122.51316833496094,122.7661761594041,119.75929632134557,120.53777850848313,88651200
2021-04-06,122.81483459472656,123.71008397089403,122.26990148299974,123.09703422020135,80171300
2021-04-07,124.45936584472656,124.47882455845117,121.7736104771957,122.4450511751175,83466700
2021-04-08,126.85318756103516,126.88237934347556,125.06268894589843,125.48111439308595,88844600
2021-04-09,129.4221649169922,129.4610823431084,125.987126690143,126.3082511367721,106686700
2021-04-12,127.70948791503906,129.27617752860823,127.11589707143067,128.9550531527241,91420000
2021-04-13,130.81369018554688,131.0375136441806,128.38094270892825,128.87723269707828,91266500
2021-04-14,128.47828674316406,131.36839256751463,128.11824478906962,131.31000899099288,87222800
2021-04-15,130.88182067871094,131.36837019796266,130.04495491166549,130.22012045971883,89347100
2021-04-16,130.55096435546875,131.04723949609195,129.69463249088383,130.6871976204425,84922400
2021-04-19,131.21267700195312,131.82573417670255,129.75302837507442,129.91845343765638,94264200
2021-04-20,129.52923583984375,131.8841341353887,128.264203903013,131.3878588859704,94812300
2021-04-21,129.90872192382812,130.15199668398512,127.76790700410929,128.7993896114448,68847100
2021-04-22,128.3907012939453,130.54124205126504,127.87495994409139,129.46110142550572,84566500
2021-04-23,130.70668029785156,131.48514771146148,128.60478264515086,128.60478264515086,78657500
2021-04-26,131.09593200683594,131.42678218788413,129.96713331445437,131.20297351815344,66905100
2021-04-27,130.7747802734375,131.76734545845767,130.5023137282654,131.37809693084532,66015800
2021-04-28,129.986572265625,131.3878372667235,129.50002274292763,130.69693041123548,107760100
2021-04-29,129.88925170898438,133.38268843991688,128.886960916459,132.79882309453924,151101000
2021-04-30,127.92364501953125,129.96714471255788,127.54413687308934,128.2350290853802,109839500
2021-05-03,128.97451782226562,130.4633727552625,128.283625938946,128.48796838679135,75135100
2021-05-04,124.41070556640625,127.95279275381809,123.29164023246338,127.66086008438737,137564700
2021-05-05,124.65398406982422,126.9407577416854,124.5274764521898,125.72438402846821,84000900
2021-05-06,126.24986267089844,126.25958831497178,123.71006640231249,124.44962368045476,78128300
2021-05-07,126.92244720458984,127.94592476658238,126.21086763240989,127.54628780481441,78973300
2021-05-10,123.64726257324219,126.26933982071908,123.60827160938823,126.14263220253412,88071200
2021-05-11,122.73102569580078,123.08192956770212,119.67029762868589,120.38186984814409,126142800
2021-05-12,119.6702880859375,121.4930768252382,119.16342036759427,120.28438654552215,112172300
2021-05-13,121.81475830078125,122.96496595514449,121.1226852750631,121.43460561674969,105861300
2021-05-14,124.23211669921875,124.66100988052594,122.67251527187383,123.06241748790161,81918000
2021-05-17,123.08192443847656,123.72526428981506,122.00969878967952,123.61804098125864,74244600
2021-05-18,121.6977767944336,123.78374532662899,121.62954445690447,123.36460169987382,63342900
2021-05-19,121.54181671142578,121.76600548369002,119.75801895076617,120.050447495282,92612000
2021-05-20,124.09566497802734,124.49531683623646,121.94146411990351,122.06818662946591,76857100
2021-05-21,122.26312255859375,124.76823446881733,122.04867596571786,124.5927788416249,79295400
2021-05-24,123.8909683227539,124.70976380781524,122.76025995557121,122.82849229292907,63092900
2021-05-25,123.69601440429688,125.08016771850949,123.13065653206684,124.59278434432386,72009500
2021-05-26,123.64726257324219,124.17362943012175,123.22811900776954,123.7544858646491,56575900
2021-05-27,122.1169204711914,124.41733561849655,121.92197306010468,123.24763627844212,94625600
2021-05-28,121.4638442993164,122.62380153028337,121.405361560534,122.39960530367183,71311100
2021-06-01,121.14217376708984,122.18515807859856,120.81076166659518,121.92197831860382,67637100
2021-06-02,121.90245056152344,122.07790617267895,120.91795665587394,121.14214539210477,59278900
2021-06-03,120.42084503173828,121.69776758173275,120.02119320163122,121.53206155124437,76229200
2021-06-04,122.71151733398438,122.97470451422886,120.72302254551224,120.93746915555829,75169300
2021-06-07,122.72126007080078,123.13065406520676,121.67827588309044,122.98443979955707,71057600
2021-06-08,123.54005432128906,125.21663622404847,123.02343700167279,123.4035896495703,74403800
2021-06-09,123.92019653320312,124.52454534046706,123.32559732645998,123.99817846383709,56877900
2021-06-10,122.92596435546875,124.95345011953233,122.76025831506651,123.81298472926724,71186400
2021-06-11,124.13463592529297,124.22236745136004,122.91619621766982,123.33533977456281,53522400
2021-06-14,127.18560028076172,127.24408300420586,123.8617007821636,124.59276457227712,96906500
2021-06-15,126.3668212890625,127.30258955054586,126.1231333418934,126.6592498003718,62746300
2021-06-16,126.86395263671875,127.58527439037435,125.2166344350542,127.07839924257492,91815000
2021-06-17,128.4625244140625,129.203345250585,126.37655629930642,126.52277798345058,96721700
2021-06-18,127.16614532470703,128.1896229684165,126.95169870686416,127.40983331102534,108953300
2021-06-21,128.95965576171875,129.06687904605207,125.94767651117064,127.0101523182265,79663300
2021-06-22,130.59725952148438,130.69474066397615,128.29684436989922,128.7939773736595,74783600
2021-06-23,130.3243408203125,130.92869718078555,129.86620618552573,130.3925806003398,60214200
2021-06-24,130.04165649414062,131.240597184488,129.5737648661965,131.05539194095186,68711000
2021-06-25,129.7492218017578,130.50952706925113,129.45679326652197,130.09039090512184,70783700
2021-06-28,131.37704467773438,131.83517920756188,129.9831567614525,130.04163948891443,62111300
2021-06-29,132.88792419433594,133.0438880631515,130.9579196567259,131.3965550234282,64556100
2021-06-30,133.50201416015625,133.94064949902392,132.43952338561445,132.73195190270366,63261400
2021-07-01,133.80421447753906,133.86269721920397,132.33232940247316,133.15113240638843,52485800
2021-07-02,136.42628479003906,136.46526832234767,134.27207651002422,134.41828334809892,78852600
2021-07-06,138.43431091308594,139.53577077954614,136.53354710734317,136.53354710734317,108181800
2021-07-07,140.9198760986328,141.231788943126,139.05809657469072,139.91586805219615,104911600
2021-07-08,139.6234588623047,140.42274763655988,137.11833949517367,138.00536723887996,105575500
2021-07-09,141.4462432861328,141.97260274724476,139.04834716131978,139.1458282969305,99890800
2021-07-12,140.8516082763672,142.62566335381342,140.36423246918253,142.5184400812916,76299700
2021-07-13,141.962890625,143.73694652851253,140.00364432229037,140.39353920017592,100827100
2021-07-14,145.38424682617188,145.79365573228569,143.95136027537654,144.36076918149035,127050800
2021-07-15,144.7311553955078,146.21278242197315,143.37625087333885,145.47197634550716,106820300
2021-07-16,142.6939239501953,145.97883295333372,142.19680585690423,144.71166743629377,93251400
2021-07-19,138.85336303710938,140.43247074983955,138.09305797575115,140.1205430972161,121434600
2021-07-20,142.45999145507812,143.38601770583355,139.35054523026795,139.83792120496685,96350000
2021-07-21,141.7289276123047,142.4405072449087,140.97837931958148,141.85565012536404,74993500
2021-07-22,143.0935821533203,144.4582288663732,142.12857241610413,142.25529492286392,77338200
2021-07-23,144.80911254882812,144.96507639303513,143.2105203295334,143.82461867014172,71447400
2021-07-26,145.22830200195312,146.04709009069717,143.97086362595675,144.52647939059113,72434100
2021-07-27,143.0643768310547,145.44277445035308,141.87517802140547,145.35503545320321,104818600
2021-07-28,141.31951904296875,143.25928057886588,138.94112214929507,141.15381301329907,118931200
2021-07-29,141.962890625,142.84991857675627,140.92965581242072,141.03687913486968,56699500
2021-07-30,142.1773223876953,142.63545700170118,140.47150644681145,140.73469364228038,70440600
2021-08-02,141.8459014892578,143.2397895751834,141.582714310116,142.6646895204393,62880000
2021-08-03,143.6394500732422,144.30227426975748,141.51448305654833,142.12858155366985,64786600
2021-08-04,143.2397918701172,144.058579914417,142.58670986762564,143.5517196242508,56368300
2021-08-05,143.34701538085938,144.107320690727,142.47948676454712,143.26903344221475,46397700
2021-08-06,142.66368103027344,143.61060825982952,142.16581806356817,142.86869219057516,54126800
2021-08-09,142.61485290527344,143.21034301067533,142.05841963396023,142.72223685529076,48908700
2021-08-10,142.13648986816406,144.1962980261516,141.8436232545715,142.95650446957146,69023100
2021-08-11,142.3903350830078,143.2298783064216,142.06818321748432,142.57581781429272,48493500
2021-08-12,145.34829711914062,145.50449471411517,142.37084563416195,142.71252601119096,72282600
2021-08-13,145.5532684326172,145.88517705910473,144.7430103885552,145.42635605950554,59375000
2021-08-16,147.52520751953125,147.59354953492934,142.98582599022765,145.00657783567002,103296000
2021-08-17,146.61734008789062,148.07188700426227,145.5435005089824,146.6563820290242,92229700
2021-08-18,142.87843322753906,147.134719463398,142.67342208980006,146.23660593235846,86326000
2021-08-19,143.2103729248047,144.47945217305653,141.06270837166667,141.5800998127829,86960300
2021-08-20,144.66490173339844,144.9675251601663,143.28843882859866,143.9327425154178,60549600
2021-08-23,146.1487274169922,146.61730507779947,144.3720141553827,144.78202147056598,60131800
2021-08-24,146.06089782714844,147.27140659304087,145.60207679709836,145.89494350289067,48606400
2021-08-25,144.8308868408203,146.7442698916124,144.28421022511418,146.24639198416384,58991300
2021-08-26,144.03036499023438,145.57278230599707,144.00107981111,144.82110951404735,48597200
2021-08-27,145.06512451171875,145.21155036889095,143.3372249180138,143.97175682684613,55802400
2021-08-30,149.47763061523438,149.83883931473636,145.07491826892314,145.45564049048158,90956700
2021-08-31,148.21832275390625,149.16524992421503,147.6911597437249,149.0285807911714,86453100
2021-09-01,148.8821258544922,151.293371319359,148.71617155840954,149.1945209265185,80313700
2021-09-02,149.99502563476562,151.0395800272227,148.77476016459727,150.20979354918074,71115500
2021-09-03,150.62954711914062,150.9516989362315,149.44832378980732,150.10238418360416,57808700
2021-09-07,152.9627227783203,153.51915609845358,150.71743128739138,151.28363626481305,82278300
2021-09-08,151.42030334472656,153.3043860941943,150.31717858511598,153.24581573453693,74420200
2021-09-09,150.405029296875,152.39649574316758,150.2878736971047,151.7912489116524,57305700
2021-09-10,145.42636108398438,151.7814983871202,145.1627795675759,151.31292061025323,140893200
2021-09-13,145.9925079345703,147.81801961235422,145.2115353535065,147.0468186846345,102404300
2021-09-14,144.59657287597656,147.4764113119793,143.41536423851278,146.77353720711707,109296300
2021-09-15,145.4849395751953,145.88519025288556,142.88821089491876,145.0261185341006,83281300
2021-09-16,145.25059509277344,145.42632102057476,143.71794980690362,144.9089297875281,68034100
2021-09-17,142.58555603027344,145.27991132028194,142.29268938190515,145.27991132028194,129868800
2021-09-20,139.53981018066406,141.39460787991925,137.909537174392,140.37935348466607,123478900
2021-09-21,140.0181121826172,141.1602935933769,139.38358019514303,140.50621829477157,75834000
2021-09-22,142.380615234375,142.94680544027904,140.28174918379625,141.0139086418493,76404300
2021-09-23,143.33726501464844,143.581318108749,142.1755699033987,143.16153904107028,64838200
2021-09-24,143.4250946044922,143.96201429353556,142.09744541695585,142.19507259526048,53477900
2021-09-27,141.91195678710938,142.48793328173883,140.39883985731234,142.0095839613355,74150700
2021-09-28,138.53431701660156,141.3067568929059,138.31954907870838,139.8424381686271,108972300
2021-09-29,139.43243408203125,141.0138935757981,138.65146109771675,139.08099698388077,74602000
2021-09-30,138.13404846191406,140.9455448156453,137.9192805517919,140.2426707272125,89056700
2021-10-01,139.25669860839844,139.52028013802934,135.80091312494108,138.52453927839463,94639600
2021-10-04,135.83016967773438,138.8271483868743,134.98086980059804,138.38784096480848,98322000
2021-10-05,137.75331115722656,138.8564357660988,136.04493972017434,136.17185207930245,80861100
2021-10-06,138.6221466064453,138.76857249312508,135.07849119061893,136.15233067899587,83221100
2021-10-07,139.8814697265625,140.78935501402486,139.32503639848235,139.6569450430087,61732700
2021-10-08,139.500732421875,140.7502829805711,139.16882381318146,140.60385709315267,58773200
2021-10-11,139.41285705566406,141.36528138783962,138.43664488957629,138.8857090401355,64452200
2021-10-12,138.143798828125,139.84241361250955,137.68497785008697,139.82288519545196,73035900
2021-10-13,137.55807495117188,138.0364094315763,135.88874541033104,137.88022678873125,78762700
2021-10-14,140.34030151367188,140.45745714105692,138.14382342191217,138.72955687137625,69907100
2021-10-15,141.3946075439453,141.45317790755652,140.09624319922384,140.35006796929892,67940300
2021-10-18,143.0638885498047,143.3469835092285,139.75453007307178,140.03762503249558,85589200
2021-10-19,145.2213134765625,145.62156403141842,143.0638929755576,143.51294222106137,76378900
2021-10-20,145.70944213867188,146.18779152686344,144.59656071553547,145.16276563549152,58418800
2021-10-21,145.9241943359375,146.08039186170322,144.35249211048287,145.2701339545865,61421000
2021-10-22,145.15298461914062,146.60753116579318,145.10417103326708,146.12919675335147,58883400
2021-10-25,145.1041717529297,145.81680244360976,144.10843120026792,145.14321368433312,50720600
2021-10-26,145.76800537109375,147.25183711393476,145.465367092144,145.77776213009912,60893400
2021-10-27,145.30923461914062,146.1682914783705,144.95779752805828,145.80709762491546,56094900
2021-10-28,148.94073486328125,149.5264533730465,146.15852353048365,146.25615073002083,100077900
2021-10-29,146.23663330078125,146.37330245291255,142.92727357091124,143.718003300801,124953200
2021-11-01,145.4166259765625,146.13901372017423,144.2842158593394,145.44591116098886,74588300
2021-11-02,146.4513702392578,147.96450225059075,145.11394928812004,145.12372094423125,69122000
2021-11-03,147.8864288330078,148.35500663634056,146.25615583539988,146.8125891838913,54511500
2021-11-04,147.3690185546875,148.80403696262286,147.0566234619275,147.97426542713765,60394600
2021-11-05,147.8969268798828,148.79635114627666,146.7042085245969,148.49328605752575,65463900
2021-11-08,147.0757293701172,148.18046407919945,146.80199217243356,148.02403856122066,55020900
2021-11-09,147.43743896484375,148.0435691533501,146.70421118808,146.84107977637362,56787900
2021-11-10,144.61207580566406,146.7726603269792,144.54364896685252,146.66511965093986,65187100
2021-11-11,144.5631866455078,146.0882980655143,144.37743321812488,145.62882237351127,41000000
2021-11-12,146.63580322265625,147.03662312152338,144.18192440007093,145.11067671997742,63804000
2021-11-15,146.64556884765625,148.483531417499,146.08830852560698,147.00728981052836,59222800
2021-11-16,147.62322998046875,148.1022776202638,146.00034850775356,146.58693684556133,59256200
2021-11-17,150.05752563476562,151.53375230300938,147.61343285568483,147.6232038564801,88807000
2021-11-18,154.3395538330078,155.12166644396783,149.62735108476016,150.27259510761894,137827700
2021-11-19,156.95962524414062,157.41911583313842,153.02952027938457,154.12446895909494,117305600
2021-11-22,157.4191436767578,161.99447854129045,157.3995867561447,158.06437288139423,117467900
2021-11-23,157.80039978027344,158.18167763297342,155.5029467463392,157.51687668201387,96041900
2021-11-24,158.3185272216797,158.51405162465102,156.06995929361992,157.15513688529995,69463600
2021-11-26,153.30325317382812,156.8618512011978,152.86331951425362,156.0015407986573,76959800
2021-11-29,156.6565704345703,157.58532267329434,155.2389847402696,155.8060160344783,88748200
2021-11-30,161.60342407226562,161.8185054389282,156.34373142534065,156.41217318635103,174048100
2021-12-01,161.0852813720703,166.49161375206606,160.8506430799377,163.73466976035556,152052500
2021-12-02,160.0978546142578,160.52801734787488,154.27114554315142,155.1901268526862,136739200
2021-12-03,158.22079467773438,161.271032766341,156.14820866843903,160.3520514474846,118023100
2021-12-06,161.6229705810547,164.12571914002814,160.6062196554979,160.61599065605895,107497000
2021-12-07,167.35189819335938,167.74296195252498,164.5754126322905,165.29886939857903,120405400
2021-12-08,171.1647186279297,172.02504411674911,166.882663021836,168.28069194116756,116998900
2021-12-09,170.65631103515625,172.7973384356804,170.03062395661757,170.9984899495763,108923700
2021-12-10,175.4369659423828,175.61294836881706,170.78341894665584,171.29179439045112,115402700
2021-12-13,171.80995178222656,178.05705234389498,171.60464142456377,177.06962931153166,153237000
2021-12-14,170.4314727783203,173.76521877848376,168.35888695654498,171.33089709564845,139380400
2021-12-15,175.29031372070312,175.48583813344078,168.45662585148168,171.1940123824784,131063300
2021-12-16,168.40777587890625,177.08919884301145,166.9315491019716,175.27079308478832,150185800
2021-12-17,167.31280517578125,169.59070130648584,165.89523442801953,166.12985777423478,195432700
2021-12-20,165.95391845703125,166.76535914150864,163.71513578207376,164.51679054709132,107499100
2021-12-21,169.12144470214844,169.3267401361631,165.3379790393109,167.72341591348743,91185900
2021-12-22,171.71214294433594,171.9272242537676,168.3001848243109,169.17028106062807,92135300
2021-12-23,172.3378448486328,172.89510508509778,171.35043687369296,171.91746810959268,68356600
2021-12-27,176.29733276367188,176.38531653879255,173.11024059629176,173.12978260127787,74919600
2021-12-28,175.28054809570312,177.2749361221624,174.5375492742612,176.1311025117923,79144300
2021-12-29,175.36854553222656,176.59059189162147,174.15627017338588,175.31966069433915,62348900
2021-12-30,174.21493530273438,176.53194546765312,174.10739462067014,175.45653864701075,59773000
2021-12-31,173.59901428222656,175.22188041192248,173.29593427269404,174.1073747963206,64062300
2022-01-03,177.93972778320312,178.79028222604728,173.73590007898758,173.85321176039008,104487900
2022-01-04,175.6813507080078,178.84889968411812,175.1143195069881,178.5458346271631,99310400
2022-01-05,171.00830078125,176.1408961877194,170.73456355297643,175.59342173117227,94537600
2022-01-06,168.15359497070312,171.37980064842037,167.80164498917833,168.83793801323478,96904000
2022-01-07,168.31976318359375,170.2457092977057,167.2052575825263,169.0236630282213,86709100
2022-01-10,168.33937072753906,168.6424359067065,164.40926456601338,165.29891809796788,106765600
2022-01-11,171.1647186279297,171.26247339503044,166.99998962694013,168.46644539148625,76138300
2022-01-12,171.60462951660156,173.21772467571947,170.91051556767007,172.1814317936139,74805200
2022-01-13,168.33937072753906,172.6702968486557,167.94830685316055,171.849085088803,84505800
2022-01-14,169.19967651367188,169.8937905683483,167.2639441267619,167.508353425533,80440800
2022-01-18,166.0028076171875,168.68152412823068,165.62152968734614,167.67455895666092,90956700
2022-01-19,162.51260375976562,167.25414945182573,162.22909557704548,166.19829964047344,94815000
2022-01-20,160.8310546875,165.8854360990158,160.50843269303434,163.24581922868165,91420500
2022-01-21,158.7780303955078,162.61036568511253,158.67048972769118,160.74307541554964,122848900
2022-01-24,158.0056915283203,158.67049246380245,151.2404450916643,156.44148123567246,162294600
2022-01-25,156.2068328857422,159.1201868610098,153.50856023591945,155.424720331175,115798400
2022-01-26,156.11888122558594,160.71377291639465,154.29070450112417,159.84367643647036,108275300
2022-01-27,155.6593780517578,160.1760566161972,154.74039680395836,158.8171416631375,121954600
2022-01-28,166.52090454101562,166.5404614570555,159.15929945417386,162.00422657695262,179935700
2022-01-31,170.8713836669922,171.0864649878099,165.7192328015865,166.35470576493188,115541600
2022-02-01,170.70523071289062,170.93008309016165,168.45666218750117,170.11864243059435,86213900
2022-02-02,171.90769958496094,171.94681342176997,169.45383589849953,170.84207875406224,84914300
2022-02-03,169.03343200683594,172.2987509371964,168.27087633720052,170.57810026310062,89418100
2022-02-04,168.74957275390625,170.42346859121156,167.0756769166009,168.05455952783922,82465400
2022-02-07,168.03500366210938,170.2766384169295,167.33999039041194,169.20965988540354,77251200
2022-02-08,171.13807678222656,171.6471000057892,167.80986639624405,168.1035342150904,74829200
2022-02-09,172.55740356445312,172.91958530484067,171.20654095307694,172.3322647747442,71285000
2022-02-10,168.48529052734375,171.7743370940817,167.92733513885554,170.462637822063,90865900
2022-02-11,165.0787811279297,169.4250227899619,164.4914455219278,168.690860750742,98670700
2022-02-14,165.31370544433594,165.99892030677,163.04269054419584,163.83558309476697,86185500
2022-02-15,169.14114379882812,169.29776862360237,166.65478818594016,167.3595849608588,62527400
2022-02-16,168.90621948242188,169.67953027359678,166.45901263665095,168.22100455291906,61177400
2022-02-17,165.31370544433594,168.27971865617212,164.91235997613748,167.4182971510757,69589300
2022-02-18,163.76708984375,166.93866044821442,162.68052937533312,166.23387859788448,82772700
2022-02-22,160.8499755859375,163.16992227378196,158.72578746937097,161.4960266681506,91162800
2022-02-23,156.68975830078125,162.6413518716535,156.37650867254357,162.04423283731927,90009200
2022-02-24,159.30337524414062,159.4110529381091,148.7901697172211,149.3579234730035,141147500
2022-02-25,161.36880493164062,161.6330924831591,157.47284137265066,160.38012393186045,91974200
2022-02-28,161.63307189941406,161.92673963359974,158.9998756125995,159.6165763607333,95056600
2022-03-01,159.753662109375,163.08187242749526,158.54964050687724,161.2219862371019,83474400
2022-03-02,163.04270935058594,163.82581854222389,159.5089420061074,160.9185355637426,79724800
2022-03-03,162.7196502685547,165.3430634011942,162.05401727070716,164.91235266773373,76678400
2022-03-04,159.72427368164062,162.05401907314567,158.67687705595137,161.01640589639365,83737200
2022-03-07,155.93600463867188,161.53521443024337,155.68148559760553,159.91026569329455,96418800
2022-03-08,154.11526489257812,159.4403881412621,152.50989817230385,155.4661275372027,131148300
2022-03-09,159.50888061523438,159.95917308150396,156.04364356686645,158.0699223236803,91454900
2022-03-10,155.17245483398438,157.00296029096637,152.6860849715575,156.81697023000987,105342000
2022-03-11,151.46249389648438,155.91641251914996,151.23735509056115,155.57379764949783,96970100
2022-03-14,147.4392852783203,150.86537421208124,146.9302771053436,148.2517595892854,108732100
2022-03-15,151.81492614746094,152.28480063427574,147.204396636905,147.71340492610565,92964300
2022-03-16,156.2198486328125,156.62119402728206,151.19819175617425,153.73349374971625,102300200
2022-03-17,157.22811889648438,157.60009906528276,154.30126947324382,155.2605702418383,75615400
2022-03-18,160.5171661376953,161.0066074424884,156.3862803303168,157.1204422875064,123511700
2022-03-21,161.88763427734375,162.8371517415441,159.5676719986422,160.0571133745572,95811400
2022-03-22,165.25497436523438,165.84229498697943,161.42753966012307,162.01486028186812,81532000
2022-03-23,166.61563110351562,168.99430889731204,164.1096788423283,164.44251031244588,98062700
2022-03-24,170.39413452148438,170.4626485498089,166.6156463524789,167.44768776251115,90131400
2022-03-25,171.03038024902344,171.57855215101324,169.1019802060181,170.20812239603873,80546200
2022-03-28,171.8917999267578,172.0190445148475,168.36781639958284,168.53422465828777,90371900
2022-03-29,175.18081665039062,175.2297488255487,172.6161343745908,172.95874922006587,100589400
2022-03-30,174.01596069335938,175.8171010585222,172.96854916161706,174.77948791199498,92633200
2022-03-31,170.92269897460938,174.27047582290578,170.7171270473916,174.08448573079536,103049300
2022-04-01,170.6290283203125,171.18699858724577,168.30908127405286,170.35494237968112,78751300
2022-04-04,174.67184448242188,174.720791608407,170.75631338866327,170.88357292891146,76468400
2022-04-05,171.36317443847656,174.53475923368862,170.7366902126206,173.75165021722813,73401800
2022-04-06,168.201416015625,169.9634078617043,166.537318414103,168.7202226513366,89058800
2022-04-07,168.50486755371094,169.69910564386342,166.26323274049562,167.54556668896316,77594700
2022-04-08,166.4981689453125,168.15248323813117,165.6269638660641,168.15248323813117,76575500
2022-04-11,162.2498016357422,165.4605355802755,162.00508096962494,165.14730089465874,72246700
2022-04-12,164.11944580078125,166.28276779117587,163.12098145475815,164.4718441031093,79265200
2022-04-13,166.80160522460938,167.42808955183875,163.24827119923606,163.85517369033073,70618900
2022-04-14,161.79954528808594,167.65327568742538,161.55482456714066,167.01699285102723,75329400
2022-04-18,161.58413696289062,163.08182595142617,160.1158132536157,160.4584131571765,69023900
2022-04-19,163.86497497558594,164.27611889634176,160.44868355818875,161.5352440651779,67723800
2022-04-20,163.69854736328125,165.31371275678185,162.59242008519655,165.19623667762264,67929800
2022-04-21,162.9056396484375,167.90773030576432,162.40641490220864,165.34306268686478,87227800
2022-04-22,158.3734130859375,164.32502122927878,158.08954369720692,162.94480808191494,84882400
2022-04-25,159.44039916992188,159.72426854560663,155.113739965227,157.71755627231695,96046400
2022-04-26,153.48878479003906,158.91178747297153,153.41047239469103,158.8236916294158,95623200
2022-04-27,153.263671875,156.41566043489684,152.09879906936447,152.61760570667977,88063200
2022-04-28,160.1844024658203,161.04582422606288,155.5738572819724,155.8871069899036,130216800
2022-04-29,154.3208465576172,162.69029635210208,153.92929946524063,158.42236732431553,131747600
2022-05-02,154.62429809570312,154.88858563658798,150.0333364297974,153.40069487713816,123055300
2022-05-03,156.1121826171875,157.31621889046943,153.01892515604405,154.8102670522691,88966500
2022-05-04,162.5141143798828,162.96439206944154,155.89685759161674,156.29820309411934,108256500
2022-05-05,153.4594268798828,160.61505617925764,151.6778534074066,160.38991736716943,130525300
2022-05-06,154.1848602294922,156.30235682996496,151.1458596477854,152.93984857664353,116124600
2022-05-09,149.0675506591797,152.76336357443273,148.5087756857944,151.88106604384285,131577900
2022-05-10,151.46939086914062,153.6555174482576,149.92048190900607,152.45952464307157,115366700
2022-05-11,143.61705017089844,152.39092157530175,142.9406261760487,150.47929830193112,142689800
2022-05-12,139.75453186035156,143.3228989996902,136.06853101088905,139.96040581157675,182602000
2022-05-13,144.21499633789062,145.18551933414366,140.29371306035543,141.74458368466105,113990900
2022-05-16,142.67593383789062,144.61698048840304,141.34269647322668,142.68574662285644,86643800
2022-05-17,146.30311584472656,146.82268479374127,143.79348144376362,145.9305890667493,78336300
2022-05-18,138.0487823486328,144.46007380411618,137.14687404841018,143.96011558077154,109742900
2022-05-19,134.64707946777344,138.87226008655338,133.91183880440775,137.12729010884627,136095600
2022-05-20,134.8823699951172,137.93116906609265,130.00037534307543,136.3528515735585,137426100
2022-05-23,140.2937469482422,140.4407891232643,134.9411873997547,135.0784317492794,117726300
2022-05-24,137.59783935546875,139.17615657107172,134.62746828487894,138.03898075989613,104132700
2022-05-25,137.75466918945312,138.99966571047085,135.61756228135172,135.70578755446192,92482700
2022-05-26,140.95053100585938,141.49950829001511,134.44120114221013,134.68628135538745,90601500
2022-05-27,146.69520568847656,146.73441193920726,142.4013957458045,142.5288422380691,90978500
2022-05-31,145.91094970703125,147.69514080945274,143.9503080341332,146.1364342695409,103718400
2022-06-01,145.78353881835938,148.75391017683245,144.773794451972,146.95010821381516,74286600
2022-06-02,148.23434448242188,148.29316134885798,143.96994216366954,144.92085472708317,72348100
2022-06-03,142.51902770996094,145.05805472503135,141.61713446378366,144.00910439920688,88570300
2022-06-06,143.26406860351562,145.64625571792195,142.04846553260185,144.13655344098794,71598400
2022-06-07,145.78353881835938,146.06782531945106,141.26425852389363,141.50933876771822,67808200
2022-06-08,145.04827880859375,146.9206802540853,144.55811838609154,145.6560729457736,53950200
2022-06-09,139.8329620361328,145.03846322934638,139.7251261469218,144.1855888973648,69473000
2022-06-10,134.43141174316406,137.9899664897166,134.36278209908923,137.51941663931075,91437900
2022-06-13,129.28472900390625,132.53938671229503,128.85338540144875,130.25523715092532,122207100
2022-06-14,130.14739990234375,131.25516732822615,128.89259032192393,130.5101288143863,84784300
2022-06-15,132.7648468017578,134.63726323315953,129.5592083618082,131.64728162043858,91533000
2022-06-16,127.50054168701172,129.784691319241,126.50061011925011,129.48079421494845,108123900
2022-06-17,128.97100830078125,130.4611001773296,127.25544681769559,127.51033981148552,134520300
2022-06-21,133.1961669921875,134.36275100339577,130.696361206463,130.7943843000857,81000500
2022-06-22,132.68643188476562,135.04899374439105,131.27476747959807,132.13743964836019,73409200
2022-06-23,135.54898071289062,135.86267563561398,132.96093402675356,134.1275183400123,72433800
2022-06-24,138.8722686767578,139.1173489130396,137.01946268880786,137.14689423988725,89116800
2022-06-27,138.8722686767578,140.6662578013618,138.19584483125837,139.89179587794544,70207900
2022-06-28,134.7353057861328,140.59762053174873,134.61767206581916,139.3330131628478,67083400
2022-06-29,136.49009704589844,137.90176176618252,133.9804775247322,134.75493953918553,66242400
2022-06-30,134.02944946289062,135.64697266058235,131.13750634293814,134.54901824559195,98964500
2022-07-01,136.19598388671875,136.3038197907336,132.9903451154339,133.36285690870372,71051600
2022-07-05,138.77426147460938,138.82328052447406,134.235369702093,135.05885084768343,73353800
2022-07-06,140.107421875,141.28380363283725,138.30363551574916,138.5683262727769,74064300
2022-07-07,143.469970703125,143.66603189279604,140.4603783389641,140.47017616296918,66253700
2022-07-08,144.1463623046875,144.646335480772,142.14651447587394,142.4013924960781,64547800
2022-07-11,142.01907348632812,143.7542455393016,140.95052737444695,142.8033331399919,63141600
2022-07-12,142.98960876464844,145.52863633565593,142.19555121961218,142.89157069008422,77588800
2022-07-13,142.6268768310547,143.5679764107693,139.32318560371215,140.1760748610569,71185600
2022-07-14,145.54823303222656,146.0187828364424,140.43095716603992,141.24462523992875,78140700
2022-07-15,147.21478271484375,147.8912065060331,145.2835494113212,146.83245817528143,76259900
2022-07-18,144.17581176757812,148.58725611818477,143.8130828380742,147.77358792071823,81420900
2022-07-19,148.02845764160156,148.25392726287154,144.01894870347078,145.0090674390563,82982400
2022-07-20,150.02830505371094,150.6949310490213,147.41085002655058,148.14609070693865,64823400
2022-07-21,152.29283142089844,152.50850317822432,148.9499341408544,151.4595528168205,65086600
2022-07-22,151.0576171875,153.20452197233897,150.39100627342597,152.3320371239143,66675400
2022-07-25,149.9401092529297,151.9889767618816,149.28329591095286,150.97924722556508,53623900
2022-07-26,148.6166534423828,150.07732200029463,147.83239373585778,149.2636538636445,55138700
2022-07-27,153.7045135498047,154.2338952339947,149.1656377708993,149.5773707705413,78620700
2022-07-28,154.2534942626953,154.53778073211737,151.37134852302864,153.8907653704556,81378700
2022-07-29,159.3119354248047,160.409904944982,156.36117506106663,158.0669387195233,101786900
2022-08-01,158.33160400390625,160.37067302404677,157.72380990621818,157.84144361325252,67829400
2022-08-02,156.86117553710938,159.2139551778832,156.48866368683446,156.94941580554178,59907000
2022-08-03,162.86068725585938,163.31162641377182,157.5865569548774,157.67478223031586,82507500
2022-08-04,162.54701232910156,163.89986001020398,161.19416464799912,162.74307352499065,55474100
2022-08-05,162.32122802734375,162.81206933981917,160.01426786699392,160.22042780912037,56697000
2022-08-08,161.84999084472656,164.7361398246356,161.19226535966965,163.32251461167718,60276900
2022-08-09,161.8990936279297,162.78261696114208,160.25968547297944,161.0155852740051,63135500
2022-08-10,166.13995361328125,166.23811287684435,163.8428051524665,164.60851631297595,70170500
2022-08-11,165.40370178222656,167.85790820975464,165.10919401506573,166.9449356294848,57149200
2022-08-12,168.94757080078125,169.01628078921996,166.29701596444957,166.70933581222894,68039400
2022-08-15,170.01759338378906,170.21392688656005,168.21130119143814,168.37818541775778,54091700
2022-08-16,169.86053466796875,170.52808660786044,168.51563433427114,169.61511402434292,56377100
2022-08-17,171.35269165039062,172.92337473871223,169.40896440067246,169.6052979143018,79542000
2022-08-18,170.9600372314453,171.69629926083016,169.9489052427666,170.56737014082248,62290100
2022-08-19,168.378173828125,170.55751001123525,168.1720139278697,169.8605088981945,70346300
2022-08-22,164.50057983398438,166.74862666169574,164.07844847706937,166.58174239756778,69026800
2022-08-23,164.16677856445312,165.6196796113523,163.5974008535258,164.0195321647684,54147100
2022-08-24,164.4613037109375,165.03068148199358,163.20475103663767,164.2551587296091,53841500
2022-08-25,166.91551208496094,167.0234977835924,165.26629230145085,165.68840868200775,51218200
2022-08-26,160.62289428710938,167.91680343416758,160.56399573070382,167.44560000363606,78961000
2022-08-29,158.42393493652344,159.91608162954805,156.89251255304256,158.19813716461735,73314000
2022-08-30,155.9991912841797,159.58232691391927,154.83098655063566,159.1602105704912,77906200
2022-08-31,154.34011840820312,157.63857209111154,154.261582013457,157.37351363125413,87991100
2022-09-01,155.0666046142578,155.51817026416148,151.836860169279,153.77077627080038,74229900
2022-09-02,152.95596313476562,157.42262194968552,152.13135334781393,156.82379496598037,76957800
2022-09-06,151.69940185546875,154.21250676362826,150.8747921160952,153.60386838160778,73714800
2022-09-07,153.1032257080078,153.80021196934476,150.79626559392008,151.9841081371773,87449600
2022-09-08,151.63067626953125,153.49586691377095,149.88326774543208,151.80737191866996,84923800
2022-09-09,154.48739624023438,154.92916542303703,151.91539245059826,152.62220516793604,68028800
2022-09-12,160.43637084960938,161.2511691580026,156.38203213199495,156.6667134786447,104956000
2022-09-13,151.02203369140625,157.5993035102858,150.5606417135221,156.97102730327344,122656600
2022-09-14,152.46510314941406,154.22232317214238,150.79624593389804,151.95462406702927,87965400
2022-09-15,149.57899475097656,152.3964344091801,148.6071384221947,151.8172302065752,90481100
2022-09-16,147.9395751953125,148.57767791761873,145.6522527794473,148.4402429431555,162278800
2022-09-19,151.65029907226562,151.72883546494634,146.36885773323408,146.57500265714634,81474200
2022-09-20,154.0260009765625,155.18439428665013,150.27598106267698,150.59011171978128,107689800
2022-09-21,150.9042205810547,155.83227045116655,150.78642348575858,154.45790609581144,101696800
2022-09-22,149.94223022460938,151.6405372059972,148.1457489754599,149.58882383167358,86652500
2022-09-23,147.6745147705078,148.69547312127722,145.83877299693037,148.4206031759059,96029900
2022-09-26,148.00823974609375,150.9532865502039,146.89893398984182,146.9185718294017,93339400
2022-09-27,148.9801483154297,151.88593544780034,147.20330517830297,149.9422080635759,84442700
2022-09-28,147.09530639648438,147.8806554147203,142.18689375661808,144.93560783080054,146691400
2022-09-29,139.8701171875,144.03245634378814,138.103085707034,143.4238179924611,128138200
2022-09-30,135.6685333251953,140.4787870882612,135.47219979960417,138.69211755301987,124925300
2022-10-03,139.84068298339844,140.44933637961338,135.1678792129988,135.67835835777296,114311700
2022-10-04,143.42381286621094,143.541609967603,141.61750576224773,142.37340544784647,87830100
2022-10-05,143.71832275390625,144.6803824609242,140.39041942925496,141.43101553965928,79471000
2022-10-06,142.76609802246094,144.83744897574383,142.55995305808347,143.13914221609966,68402200
2022-10-07,137.52391052246094,140.47878470691822,136.8956342636469,139.9290298735793,85925600
2022-10-10,137.8478546142578,139.2909290851068,136.0317509799681,137.8478546142578,74899000
2022-10-11,136.43423461914062,138.76083241469453,135.68816128454225,137.33738075448184,77033700
2022-10-12,135.80596923828125,137.78897231294513,135.62927355780315,136.58150689181417,70433700
2022-10-13,140.37075805664062,140.9597584515342,131.90864640933543,132.51729962379363,113224000
2022-10-14,135.8452606201172,141.8727919675868,135.65873850521228,141.66663200393148,88598000
2022-10-17,139.8014373779297,140.282452315822,137.7006369919499,138.48598615048115,85250900
2022-10-18,141.11688232421875,144.0128431743189,138.03439937209953,142.825015544548,99136600
2022-10-19,141.22483825683594,142.2948685353432,138.9080670690917,139.09458913180654,61758300
2022-10-20,140.76345825195312,143.21766459219867,140.0370077826972,140.40024050696854,64522000
2022-10-21,144.57240295410156,145.1417806685085,140.03701908535325,140.25299045906925,86548600
2022-10-24,146.71246337890625,147.47817461798252,143.3256613631015,144.49386606815804,75981900
2022-10-25,149.5495147705078,149.69677613929844,146.62410499116672,147.3407290522299,74732300
2022-10-26,146.6143035888672,149.20594507644813,145.32828678897533,148.19481318791426,88194300
2022-10-27,142.1476287841797,146.3197794029668,141.48990330767347,145.35773474859954,109180200
2022-10-28,152.88726806640625,154.6150242142885,145.11234293200243,145.48537216958695,164762400
2022-10-31,150.53118896484375,151.4147121907347,149.1372016307876,150.35449330723716,97943200
2022-11-01,147.8904571533203,152.60253597457515,146.3983105936967,152.23931825640548,80379300
2022-11-02,142.3734130859375,149.38262560122348,142.34396380900958,146.22160672381153,93604600
2022-11-03,136.33607482910156,140.18426855678922,136.20845130657773,139.45781809061094,97918500
2022-11-04,136.07057189941406,140.28896920604143,132.1373281619349,139.71864706361086,140814800
2022-11-07,136.6015625,136.827719829141,133.40580174577732,134.82177198830993,83374600
2022-11-08,137.17189025878906,139.06967336647747,135.19544046730184,138.06670690734794,89908500
2022-11-09,132.61920166015625,136.23779535819637,132.343875672757,136.18862678813056,74917800
2022-11-10,144.4188995361328,144.4188995361328,137.171901375878,138.88286812786214,118854000
2022-11-11,147.20167541503906,147.5064994693465,141.9606252113591,143.3864383750097,93979700
2022-11-14,145.8053436279297,147.77196548965426,144.9695233350431,146.4838305708861,73374100
2022-11-15,147.5360107421875,151.02676861885655,146.08071431905194,149.67963703147598,89868300
2022-11-16,146.30682373046875,147.36880131400713,144.83185736513215,146.6411608430867,64218300
2022-11-17,148.20465087890625,148.95196191687904,143.71091192910288,143.98623783804743,80389400
2022-11-18,148.76515197753906,150.1516244369956,147.46718893347042,149.7681336507777,74829600
2022-11-21,145.53990173339844,147.86051702742483,145.25474805504217,147.654030054442,58724100
2022-11-22,147.67364501953125,147.9096450709946,144.47788413446048,145.65786938764137,51804100
2022-11-23,148.54881286621094,149.29612388958984,146.84767388557262,146.95583870512687,58301400
2022-11-25,145.63819885253906,146.3953525551104,144.66471552066162,145.8348580598712,35195900
2022-11-28,141.81314086914062,144.19275214587688,140.98716307142482,142.7177853624681,69246000
2022-11-29,138.8140106201172,142.39326202258005,138.00770341068628,141.8819361067611,83763800
2022-11-30,145.55953979492188,146.23802684928043,138.2043770255708,139.04018245155586,111380900
2022-12-01,145.8348846435547,146.64120704597443,144.16325857031342,145.73656252403373,71250400
2022-12-02,145.34323120117188,145.53006273642814,143.21927533321448,143.52411441944975,65447400
2022-12-05,144.1829071044922,148.4013049961633,143.33725898348703,145.3038811249747,68826400
2022-12-06,140.5249481201172,144.8416818733139,139.55146503985333,144.61552459354297,64727200
2022-12-07,138.587890625,140.97732977170875,137.663575645007,139.817029693259,69721100
2022-12-08,140.26934814453125,141.12483916127653,138.745227663254,139.98419447504244,62128300
2022-12-09,139.78750610351562,143.14060047218985,138.54852454565471,139.96449489513216,76097000
2022-12-12,142.07861328125,142.0884409898644,138.7058487137347,140.31847817047847,70462700
2022-12-13,143.0422821044922,147.46718252429508,141.8328135242381,147.00502505789572,93886200
2022-12-14,140.81996154785156,144.21238117508022,138.80417118832523,142.92424628798724,82291200
2022-12-15,134.2219696044922,139.43352160827794,133.7598121718234,138.75503452609877,98931900
2022-12-16,132.26516723632812,135.35276341025192,131.49818579850947,134.40879318099954,160156900
2022-12-19,130.16087341308594,132.94364536804903,129.12840885731634,132.8551509782634,79592600
2022-12-20,130.09205627441406,131.0261987808424,127.72227301817315,129.19723960857664,77432800
2022-12-21,133.18948364257812,134.52678732015247,130.5345467103143,130.76070405901197,85928000
2022-12-22,130.02322387695312,132.31434056379908,128.12544063659777,132.10785363301125,77852100
2022-12-23,129.6593780517578,130.21002976434445,127.47642661676507,128.73506338957282,63814900
2022-12-27,127.85993957519531,129.21691367798962,126.57180445054807,129.18741554567987,69007800
2022-12-28,123.93651580810547,128.84323545768694,123.76935474336571,127.50593193563417,85438400
2022-12-29,127.44695281982422,128.30242867918332,125.5983306446105,125.8539861302219,75703700
2022-12-30,127.76160430908203,127.78127473228464,125.30333405560762,126.26698223669045,77034200
2023-01-03,122.98270416259766,128.71540148347327,122.09772277878758,128.10575347623433,112117500
2023-01-04,124.25118255615234,126.51280092971427,122.9925456360047,124.77233620258212,89113600
2023-01-05,122.93354034423828,125.63764564758301,122.67788488068354,125.00832719533365,80962700
2023-01-06,127.45674133300781,128.11555776974387,122.80568544146784,123.90699624027094,87754700
2023-01-09,127.97794342041016,131.18354745345354,127.72228791640812,128.292610198386,70790800
2023-01-10,128.54823303222656,129.06938662217883,125.9817909176488,128.0860756971166,63896200
2023-01-11,131.26220703125,131.28186245070447,128.28277553296553,129.0595847172529,69458900
2023-01-12,131.18353271484375,132.0193381171801,129.24640871746402,131.6456901154858,71379600
2023-01-13,132.5110321044922,132.66836552146214,129.46277592243695,129.82659632055703,57809700
2023-01-17,133.67129516601562,134.99875596810472,131.8915047175872,132.5798193932039,63646600
2023-01-18,132.95350646972656,136.2967583598761,132.77650266153844,134.53663801277594,69672800
2023-01-19,133.0124969482422,133.9761376268957,131.53753029546903,131.84235433638028,58280400
2023-01-20,135.56907653808594,135.71658218378784,131.97999755468973,133.02230476612493,80223600
2023-01-23,138.7550506591797,140.92817511679004,135.59861495460586,135.81494462926892,81760300
2023-01-24,140.1513214111328,140.77081216801105,137.95854199183503,137.9683697007518,66435100
2023-01-25,139.49249267578125,140.05297211797858,136.49339126221906,138.53867984910516,65799300
2023-01-26,141.5574951171875,141.842648779811,139.53186132489677,140.78067082207204,54105100
2023-01-27,143.49456787109375,144.77287517943125,140.69214050710963,140.77080718806803,70555800
2023-01-30,140.61349487304688,143.12094131391822,140.46600420175812,142.54079133466578,64015300
2023-01-31,141.8819580078125,141.93112656571586,139.90550801485074,140.31849689379183,65874500
2023-02-01,143.0029296875,144.16324461699494,138.961535368266,141.56730384751015,77663600
2023-02-02,148.30300903320312,148.6569866770964,145.69722523392414,146.41503824093917,118339000
2023-02-03,151.9215545654297,154.75349514117664,145.36287177724367,145.5595309829737,154357300
2023-02-06,149.19776916503906,150.54491539574025,148.26362674506663,150.0237617823619,69858300
2023-02-07,152.06907653808594,152.63939885505883,148.12600388600742,148.12600388600742,83322600
2023-02-08,149.38461303710938,152.0002240332312,148.64712974900903,151.31190929849808,64120100
2023-02-09,148.35214233398438,151.75440537570756,147.9096553354024,151.213581264491,56007100
2023-02-10,148.7165069580078,149.0414968354293,146.95369947058745,147.1900598433605,57450700
2023-02-13,151.5133819580078,151.9171435900277,148.62787403653363,148.6574172040706,62199000
2023-02-14,150.87326049804688,151.43461079325414,148.56880303013764,149.8096612758476,61707600
2023-02-15,152.97093200683594,153.13834833360136,150.55814431502776,150.7846469892343,65573800
2023-02-16,151.3755340576172,153.95573796607766,151.02100096105386,151.17855953849067,68167900
2023-02-17,150.23313903808594,150.67630162569367,148.55896091432058,150.03617955770974,59144100
2023-02-21,146.22494506835938,149.00212332766463,146.15601601247863,147.91882364629484,58867200
2023-02-22,146.6483917236328,147.67258982358598,144.92497033349784,146.60899081957194,51011300
2023-02-23,147.13096618652344,148.05669224456878,145.00378282832062,147.81048914517564,48394200
2023-02-24,144.4818572998047,144.9545631210652,143.5068874555982,144.87577631301392,55469600
2023-02-27,145.67344665527344,146.90446214048941,145.21058363066865,145.46664446890208,44998500
2023-02-28,145.17120361328125,146.8158385647427,144.6000106018143,144.8166705381309,50547000
2023-03-01,143.10308837890625,144.9939263960711,142.80764165155819,144.60000744430354,55479000
2023-03-02,143.69395446777344,144.4818072483105,141.71447229045577,142.18719297500317,52238100
2023-03-03,148.7362060546875,148.8149928448926,145.0924034132026,145.79161175732688,70732300
2023-03-06,151.4936981201172,153.92618602775224,151.1293223291666,151.4542972077173,87558000
2023-03-07,149.2975616455078,151.69064849711955,148.83469862838186,151.3656586110283,56182000
2023-03-08,150.54827880859375,151.13917230662574,149.52408044265695,150.48919246419973,47204800
2023-03-09,148.30291748046875,152.19292402611515,147.94838436334126,151.22781194000862,53833600
2023-03-10,146.24464416503906,148.64758887079853,145.36816171354923,147.92868001277867,68572400
2023-03-13,148.18472290039062,150.81417020284252,145.4567883472071,145.56511831219402,84457100
2023-03-14,150.2725372314453,151.07023295988367,147.82036369988242,148.98243524821328,73695900
2023-03-15,150.66644287109375,150.92248866561948,147.64306182318006,148.89377768233683,77167900
2023-03-16,153.48301696777344,154.08375312665916,149.33695019463687,149.84905684492745,76161100
2023-03-17,152.6459197998047,154.35949876084172,151.93685367986137,153.70951897971963,98944600
2023-03-20,155.0094757080078,155.42311016638172,151.80883520237765,152.71487589238697,73641400
2023-03-21,156.8609161376953,156.9790888157361,154.1625247817563,154.93069227015488,73938300
2023-03-22,155.4329376220703,159.6774765177441,155.41323716716616,156.88061300312046,75701800
2023-03-23,156.51620483398438,159.09642316640492,155.2851895124044,156.41773262448348,67622100
2023-03-24,157.81619262695312,157.90482213956633,155.45264879499626,156.44730394409444,59196500
2023-03-27,155.87612915039062,158.3283178086609,155.4723523985585,157.51092158923748,52390300
2023-03-28,155.2556610107422,156.08291480553032,153.61102618902072,155.57080817581272,45992200
2023-03-29,158.3282928466797,158.60403911493316,156.92986104995282,156.94954647836764,51305700
2023-03-30,159.8941650390625,160.0024950198449,158.8207229739758,159.07676882534926,49501700
2023-03-31,162.3955535888672,162.4940408365555,159.45097422374334,159.9729235769942,68749800
2023-04-03,163.6462860107422,163.76445869825218,161.7259047034759,161.77514833228696,56976200
2023-04-04,163.11447143554688,164.3060859426903,162.6023648150906,164.0697406002056,46278300
2023-04-05,161.2728729248047,162.54328933366952,159.34264903941414,162.2379998945446,51511700
2023-04-06,162.1592254638672,162.45467221127325,159.53962067833683,159.96308282888376,45390100
2023-04-10,159.56915283203125,159.56915283203125,157.64877164706385,158.96841666370352,47716900
2023-04-11,158.3578338623047,159.8941387722609,158.0722298566841,159.88429605818737,47644200
2023-04-12,157.66847229003906,159.59869619161648,157.35332510698044,158.77145737665472,50133100
2023-04-13,163.04554748535156,163.28190788405584,158.96842452673738,159.1752417539843,68445600
2023-04-14,162.7008819580078,163.79402444901268,161.3319931654023,162.09028798128088,49386500
2023-04-17,162.72052001953125,162.8780935823025,161.53874835283094,162.5826469088669,41516200
2023-04-18,163.94171142578125,164.86743742961687,163.13415809407996,163.57733566867122,49923000
2023-04-19,165.08412170410156,165.60607111909823,163.02585218946155,163.2819130529251,47720200
2023-04-20,164.11900329589844,165.3204757933169,163.04556123695718,163.56751067945328,52456400
2023-04-21,162.51373291015625,163.92200731179602,161.99178358382397,162.54327607753027,58337300
2023-04-24,162.81903076171875,163.08493430890758,161.40089854610392,162.49404087672,41949600
2023-04-25,161.28274536132812,163.78416246885476,161.24334444666383,162.68117729099055,48714100
2023-04-26,161.2728729248047,162.76979197769046,160.32746143764658,160.58350725145092,45498800
2023-04-27,165.85227966308594,165.99999552987848,162.68118215487013,162.68118215487013,64902300
2023-04-28,167.10296630859375,167.27039764589344,165.33031595199535,165.93105213681218,55275900
2023-05-01,167.0143585205078,167.86129792357815,166.07878959348815,166.70906903109534,52472900
2023-05-02,165.9802703857422,167.76279339985444,164.99545801480568,167.50673256610264,48425700
2023-05-03,164.90684509277344,168.32414556576836,164.6212560883793,166.925713661642,65136000
2023-05-04,163.2720489501953,164.50306450874902,161.81453073644045,162.3857237588548,81235400
2023-05-05,170.9339141845703,171.65282310766082,168.1665784150509,168.3832383689214,113453200
2023-05-08,170.86497497558594,171.20966537396347,169.49608615179136,169.86046198141287,55962800
2023-05-09,169.16123962402344,170.9043468501181,168.993823309898,170.42179836441701,45326900
2023-05-10,170.92404174804688,171.38690478906514,169.28924951921832,170.39224965147537,53724500
2023-05-11,171.11114501953125,171.9383837832071,169.55513971049686,171.2096322648924,49514700
2023-05-12,170.1841583251953,171.653548851867,168.6358569767775,171.21962961924467,45533100
2023-05-15,169.69107055664062,170.81530899814229,169.09935977781652,170.7659972586019,37266700
2023-05-16,169.69107055664062,170.74626955321972,169.42479920138675,169.61217478294208,42110300
2023-05-17,170.30250549316406,170.53917778241149,168.06388478776768,169.3360585337975,57951600
2023-05-18,172.62985229492188,172.81722786089622,170.19400003291315,170.60819152451643,65496700
2023-05-19,172.7383575439453,173.95134816577144,172.5213979143073,173.95134816577144,55809500
2023-05-22,171.79161071777344,172.2945693897219,171.05197977463047,171.57465110395842,43570900
2023-05-23,169.18809509277344,170.98293990870613,168.91196743614205,170.73639628329747,50747300
2023-05-24,169.46424865722656,170.03623176135926,168.16250594092847,168.72461766792532,45143500
2023-05-25,170.59835815429688,171.49576564962197,169.31632809947834,170.02637505144457,56058300
2023-05-26,173.00460815429688,173.33991896491864,170.71669083708804,170.92379413047703,54835000
2023-05-30,174.8487548828125,176.51539231960112,174.12885165758402,174.51345913931758,55964400
2023-05-31,174.79942321777344,176.8703956050701,174.31619231465004,174.87831898039528,99625300
2023-06-01,177.6001739501953,177.62975798334406,174.4838587106697,175.24321733975688,68901800
2023-06-02,178.44830322265625,179.26683000310032,176.7816656255451,178.52719900186148,61996900
2023-06-05,177.0972137451172,182.3929658521557,175.57849662924414,180.10504889865823,121946500
2023-06-06,176.7323455810547,177.62975297431,174.97694105936182,177.4818328127375,64848400
2023-06-07,175.36155700683594,178.7046879636189,174.86846975629078,175.97298038220674,61944600
2023-06-08,178.07357788085938,178.33983422301452,175.00657387447097,175.44047811466785,50214900
2023-06-09,178.45814514160156,179.7105759291869,178.13270574903748,178.99067275354267,48900000
2023-06-12,181.24900817871094,181.34763164971682,178.46800386072707,178.76385922591572,54274900
2023-06-13,180.7756805419922,181.60406367252176,179.91771337450308,180.27273686584886,54929100
2023-06-14,181.40684509277344,181.84076439721946,179.5035350184376,180.83486192307942,57462900
2023-06-15,183.4383544921875,183.9413132306641,181.23918907707676,181.4167083517838,65433200
2023-06-16,182.36343383789062,184.40482280312972,181.72242626645283,184.14840773628853,101256200
2023-06-20,182.45213317871094,183.52707478677846,181.86043752572817,181.86043752572817,49799100
2023-06-21,181.41668701171875,182.84663717983523,180.0656175699355,182.34367850052172,49515700
2023-06-22,184.41464233398438,184.46395407144706,181.1306792503188,181.19971869233248,51245300
2023-06-23,184.09906005859375,184.96689848868263,182.45215034536935,182.98469303577104,53117000
2023-06-26,182.70858764648438,185.45015206010262,182.66913223239737,184.2470177435845,48088700
2023-06-27,185.4600067138672,185.78544616190248,183.10304984582174,183.32000947784528,50730800
2023-06-28,186.63356018066406,187.2745677103686,185.00637796044083,185.33180236622022,51216800
2023-06-29,186.96881103515625,187.44218560729155,186.32780365948648,186.46586748106895,46347300
2023-06-30,191.2882843017578,191.79122791985353,188.6157445714927,188.98063939826477,85213200
2023-07-03,189.7991943359375,191.19956064074086,189.10885998965753,191.10093714903454,31458200
2023-07-05,188.68478393554688,190.311965971159,187.98459336367247,188.92147125163748,46920300
2023-07-06,189.15817260742188,189.36527592182694,186.58425595947688,187.21540718494302,45094300
2023-07-07,188.04376220703125,190.0062550438309,187.60985803081866,188.7636804868427,46815000
2023-07-10,186.0023956298828,187.36332142042107,184.4540942539423,186.6434031135775,59922200
2023-07-11,185.47972106933594,186.68285528837708,184.02018687082855,186.5447914459214,46638100
2023-07-12,187.1463623046875,189.04967210294507,185.86433228601203,187.05759515232103,60750200
2023-07-13,187.90573120117188,188.54675382063684,187.1562438045736,187.86629083201726,41342300
2023-07-14,188.0536346435547,188.53685056119244,187.00829198764853,187.59998771190843,41616200
2023-07-17,191.30801391601562,191.63345333608896,189.15814548736353,189.24689758888442,50520200
2023-07-18,191.0516357421875,191.64334662878233,189.75974918921614,190.67689955865484,48288200
2023-07-19,192.40264892578125,195.48936484547627,189.98650938817815,190.43029994672796,80507300
2023-07-20,190.4598846435547,193.7537038386121,189.83858989767532,192.39277822300156,59581200
2023-07-21,189.28634643554688,192.2744541324422,188.58615588066942,191.4164870851642,71951700
2023-07-24,190.08514404296875,192.21528467718613,189.59205676918674,190.73602285584008,45377800
2023-07-25,190.94309997558594,191.75177028050072,190.25278084201756,190.65711599447494,37283200
2023-07-26,191.8109893798828,192.93522799592873,190.6473103947794,190.9924625294884,47471900
2023-07-27,190.5486602783203,194.47363103189025,189.8879250921341,193.3099522093675,47460200
2023-07-28,193.12254333496094,193.911485900383,191.45590611556165,191.97857736749035,48291400
2023-07-31,193.7340087890625,193.77346420221568,192.56045853696887,193.34940127389015,38824100
2023-08-01,192.90560913085938,194.0101198390568,192.58016971551623,193.52690392813534,35175100
2023-08-02,189.91749572753906,192.48154051645844,189.19759252290805,192.34347668203839,50389300
2023-08-03,188.52700805664062,189.71041463976601,188.0536484329567,188.92148694956984,61235200
2023-08-04,179.4739227294922,184.78940327661547,179.40488328381886,182.95511789971007,115956800
2023-08-07,176.37733459472656,180.59816071157974,174.89807268327345,179.6119861039443,97576100
2023-08-08,177.314208984375,177.77771228390873,175.12490000933562,177.20572916857282,67823000
2023-08-09,175.72645568847656,178.42856448196,174.56276182695083,178.3693964131728,60378500
2023-08-10,175.50950622558594,178.25107058876787,175.14462641506705,176.9986245515979,54686900
2023-08-11,175.56874084472656,176.3883728930982,174.34424265962002,175.10462674008653,52036700
2023-08-14,177.2178955078125,177.44501774834183,175.09474782272636,175.74650562753334,43675600
2023-08-15,175.2329864501953,177.23762299403361,174.8379899652799,176.6451282666605,43622600
2023-08-16,174.364013671875,176.30938743269644,174.29488099061055,174.91701484938284,46964900
2023-08-17,171.82611083984375,175.29225282363015,171.31260330101006,174.92688028330798,66062900
2023-08-18,172.30999755859375,172.9123770667114,169.8116075662743,170.14735612669347,61172200
2023-08-21,173.6431121826172,173.92949746098708,171.56935789788312,172.88274314562352,46311900
2023-08-22,175.01576232910156,175.46013721394584,174.04801023595033,174.8478880423005,42038900
2023-08-23,178.8571319580078,179.28176749229362,176.1019960768648,176.28962468028294,52722800
2023-08-24,174.17637634277344,178.8374075605793,173.8109887437673,178.41277199096436,54945800
2023-08-25,176.37852478027344,176.91177162464882,173.62338845938785,175.16389608553052,51449600
2023-08-28,177.93875122070312,178.33374768816518,176.31924159506977,177.83999456976295,43820700
2023-08-29,181.81967163085938,182.5899254092932,177.25739693272806,177.45489519701718,53003900
2023-08-30,185.30557250976562,185.5030858470339,182.43194029759772,182.62943856671393,60813900
2023-08-31,185.52281188964844,186.75719481874472,185.13768501849643,185.4931879048022,60794500
2023-09-01,187.0929718017578,187.54721631397274,185.92770639795236,187.12259578872172,45766500
2023-09-05,187.3299560546875,187.60645663383806,185.26607135025952,185.92769881238064,45280000
2023-09-06,180.6248016357422,186.49059214043663,179.20278998997966,186.0462022000218,81755800
2023-09-07,175.34164428710938,175.98353252575788,171.37186410651492,172.99137409505227,112488800
2023-09-08,175.95388793945312,177.9881638364286,175.56876103562882,176.121777292026,65551300
2023-09-11,177.11912536621094,178.0473836718388,175.1243584797436,177.82026144859472,58953100
2023-09-12,174.09735107421875,177.87950173703112,172.6358460753217,177.24749835360407,90370200
2023-09-13,172.0334930419922,175.0848841389881,171.80635572558617,174.30474566083996,84267900
2023-09-14,173.5443572998047,173.89986015970092,171.4113401404273,171.82609096561458,60895800
2023-09-15,172.8234405517578,174.29483009436805,171.64832092677912,174.27507575289644,109259500
2023-09-18,175.7465057373047,177.13889330258442,173.96899129951683,174.27511585610648,67257600
2023-09-19,176.83274841308594,177.38574949277796,174.91698390976052,175.30211073798526,51826900
2023-09-20,173.2974853515625,177.45487842056565,173.20859833310675,177.0203732393163,58436200
2023-09-21,171.75697326660156,174.09737357666756,171.68785565712008,172.36923745366522,63149100
2023-09-22,172.60621643066406,174.86761425499944,171.87547142547365,172.48772049861157,56725400
2023-09-25,173.880126953125,174.7590070374673,171.97423178505466,172.02361011818323,46172700
2023-09-26,169.8115997314453,173.01111068359924,169.51534481079926,172.63586851438868,64588900
2023-09-27,168.3007049560547,170.87809720821267,166.93795639924983,170.4633463371719,66921800
2023-09-28,168.55743408203125,169.88068876106084,165.52578284422083,167.22429469748067,56294400
2023-09-29,169.07095336914062,170.90771561508154,168.21181267677895,169.870831028669,51861100
2023-10-02,171.57925415039062,172.1223857383103,168.79447859132247,169.08086391411345,52164500
2023-10-03,170.24606323242188,171.46070671019788,168.68581669291316,170.1078129668395,49594600
2023-10-04,171.49034118652344,172.03347264460572,168.83394692911625,168.95244285882518,53020300
2023-10-05,172.72474670410156,173.25799352598938,170.52259660006877,171.6187292983148,48527900
2023-10-06,175.2725067138672,175.76625988669193,171.0163417068709,171.6286058875163,57266700
2023-10-09,176.75375366210938,176.81300162773064,173.60360623261292,174.60098214625398,42390800
2023-10-10,176.1612548828125,177.47464011941017,175.72674968355904,175.8748846750232,43698000
2023-10-11,177.5536346435547,177.60301297187604,175.3811238107674,175.9736185461729,47551100
2023-10-12,178.4522705078125,180.06189553412176,176.80312172309905,177.82026707710477,56743100
2023-10-13,176.61550903320312,179.6570151987734,175.91437292525092,179.1533924067404,51427100
2023-10-16,176.4871368408203,176.84263973108403,174.3047411678942,174.54174811745375,52517000
2023-10-17,174.93675231933594,176.19088966345473,172.61612132571108,174.44299912050275,57549400
2023-10-18,173.6431121826172,175.36137864838344,172.9222367694585,173.3863659573123,54764400
2023-10-19,173.26785278320312,175.61810740546204,173.00122187734726,173.84059314667203,59302900
2023-10-20,170.72010803222656,173.2283676109075,170.48310107616433,173.11974130623128,64244000
2023-10-23,170.83856201171875,171.83593778736955,167.80691093290386,168.77467779799048,55980100
2023-10-24,171.2731170654297,171.50023932449824,169.30797385167378,170.88799016172553,43816600
2023-10-25,168.9623260498047,170.8978298690587,168.51793618108192,169.7325797223047,57157000
2023-10-26,164.804931640625,169.2388405091802,163.600172706508,168.2414494672427,70625300
2023-10-27,166.11831665039062,166.8490767618186,164.7456834493569,164.82468576422622,58499100
2023-10-30,168.1624298095703,169.0314401165317,166.7601727667049,166.90830774256386,51131000
2023-10-31,168.63648986816406,168.76485546731004,165.80233595599515,167.23423244098677,44846000
2023-11-01,171.79647827148438,172.05322449399938,167.99457285522465,168.86358325166134,56934900
2023-11-02,175.35150146484375,175.5588693503195,173.26786256268767,173.32711052996643,77334800
2023-11-03,174.4429931640625,174.61088250590672,171.18423421755685,172.06311427874405,79829200
2023-11-06,176.99078369140625,177.18828197544954,174.00852494560027,174.17639924044474,63841300
2023-11-07,179.5483856201172,180.1606346460721,176.73398690556192,176.94135477067297,70530000
2023-11-08,180.60501098632812,181.1580120556029,179.3212498937122,180.07176426042716,49340300
2023-11-09,180.13104248046875,181.81966995293175,179.53853262491765,180.67417400336535,53763500
2023-11-10,184.31369018554688,184.48180071812672,181.47581782404296,181.91089548671326,66133400
2023-11-13,182.73159790039062,183.94782669363863,182.1482051958573,183.74018560328048,43627500
2023-11-14,185.34205627441406,186.0045554032819,184.21481647353394,185.59914075952597,60108400
2023-11-15,185.90565490722656,187.3789832148446,185.67823345303117,185.7474572062222,53790500
2023-11-16,187.5866241455078,188.8226331691939,186.53847581950137,187.44819173837502,54412900
2023-11-17,187.56687927246094,188.24915879673333,186.45941980581802,188.1206090057824,50922700
2023-11-20,189.30714416503906,189.76200213676566,187.75472463510502,187.76460727588125,46505100
2023-11-21,188.50621032714844,189.37636552049437,187.61628985249988,189.26759612132614,38134500
2023-11-22,189.16868591308594,190.77054860408367,188.694062724642,189.34667903875186,39617700
2023-11-24,187.84373474121094,188.76331834061182,187.13179223741543,188.7336553269539,24048300
2023-11-27,187.66571044921875,188.5358656068872,186.7856726513042,187.79426021241986,40552600
2023-11-28,188.26890563964844,188.9413024556769,187.2800983304318,187.65584993609482,38415400
2023-11-29,187.25042724609375,189.9399842182602,186.85491037465812,188.7633011569372,43014200
2023-11-30,187.82395935058594,188.18982834207452,186.08366378848976,187.7151899349547,48794400
2023-12-01,189.09951782226562,189.4159283197641,187.11200544734405,188.19969953750024,45704800
2023-12-04,187.3097686767578,187.9228394923183,185.35193435249073,187.85361573572166,43389500
2023-12-05,191.25511169433594,192.22413865175915,188.05137051787239,188.08104861869373,66628400
2023-12-06,190.1674041748047,192.58008102103562,189.95974802820277,192.27355320919483,41089700
2023-12-07,192.09559631347656,192.81742141001197,191.42319951100376,191.46276025185608,47477700
2023-12-08,193.5194854736328,193.79635031367135,191.50231010992096,192.02637677770835,53406400
2023-12-11,191.017822265625,191.32436525918584,189.2775265277558,190.94861358759854,60943700
2023-12-12,192.53065490722656,192.54053754746204,189.5741159727842,190.91889435682484,52696900
2023-12-13,195.74432373046875,195.78386938859322,192.66913204715806,192.90643617191267,70404200
2023-12-14,195.89263916015625,197.38573293709894,193.96446770304377,195.80365011321348,66831600
2023-12-15,195.35865783691406,196.17935458626624,194.79503045579114,195.3190970971854,128538400
2023-12-18,193.6974639892578,194.4291868327445,192.21425301938103,193.8952224343076,55751900
2023-12-19,194.73570251464844,194.74558515548247,193.69745188302565,193.96443406555753,40714100
2023-12-20,192.6493377685547,195.46742966263125,192.6493377685547,194.69616113684165,52242800
2023-12-21,192.50099182128906,194.87413831888384,191.33420648650613,193.90511142023345,46482500
2023-12-22,191.43310546875,193.2228443252002,190.81015202156473,192.9954077755279,37149600
2023-12-26,190.8892364501953,191.71983089218512,190.67169765519787,191.4429660781885,28919300
2023-12-27,190.9881134033203,191.3342019743918,188.9511728919884,190.33551208827305,48087700
2023-12-28,191.413330078125,192.4812438348005,191.00791544042355,191.96705978425237,34049900
2023-12-29,190.3750762939453,192.2241411947973,189.5840274029703,191.72973752393827,42672100
2024-01-02,183.56219482421875,186.33085840634024,181.83178197139316,185.05528848269014,82488700
2024-01-03,182.18772888183594,183.79948946618282,181.37689972544035,182.15806587250447,58414500
2024-01-04,179.87393188476562,181.04071720671112,178.85546161628733,180.11123597031312,71983600
2024-01-05,179.15208435058594,180.71440156415224,178.15339449300276,179.95303087035154,62379700
2024-01-08,183.4830780029297,183.52263874374273,179.46852282651062,180.0519155054874,59144500
2024-01-09,183.06776428222656,183.0776469225398,180.68473531069785,181.86141829199212,42841800
2024-01-10,184.1060333251953,184.31367440860302,181.8614365329183,182.2866315170422,46792900
2024-01-11,183.5127410888672,184.9564063690912,181.5647895230864,184.4521049955326,49128400
2024-01-12,183.83905029296875,184.64987951630312,183.11722519297732,183.97748271061099,40477800
2024-01-16,181.57472229003906,182.19766074228528,178.90493002496626,180.12117408812333,65603000
2024-01-17,180.6353302001953,180.88253205239923,178.28197882705663,179.2411232206481,47317400
2024-01-18,186.51870727539062,187.0229935165519,183.75004409317066,184.00712853391946,78005800
2024-01-19,189.4159698486328,189.80160418550963,186.70664684678232,187.21093326023487,68903000
2024-01-22,191.71983337402344,193.14371820043874,190.1080727596782,190.14763349819026,60133900
2024-01-23,192.9954071044922,193.55903452389106,191.66052626402544,192.83720939883855,42355600
2024-01-24,192.32302856445312,194.18199120084623,192.16481576816378,193.23272951111284,53631300
2024-01-25,191.99673461914062,194.07323623297103,190.94860116972282,193.03498542605584,54822100
2024-01-26,190.26629638671875,192.58010181757646,189.7916731135176,192.09559590318426,44594000
2024-01-29,189.58401489257812,190.04875551955823,187.4580852833725,189.86087972294905,47145600
2024-01-30,185.93533325195312,189.65325866018404,185.37172089064353,188.80288370915284,55859400
2024-01-31,182.3360595703125,185.00585134318092,182.28663127585358,184.94651023142666,55467800
2024-02-01,184.76852416992188,184.857513201702,181.7625567551165,181.93065217781273,64885400
2024-02-02,183.7698516845703,185.23328233515724,177.2437171517322,177.84689023760967,102551700
2024-02-05,185.579345703125,187.1317803970082,183.75994390321247,186.0440863383638,69668800
2024-02-06,187.18121337890625,187.19109601961685,184.67953227102765,184.76852130142626,43490800
2024-02-07,187.2899932861328,188.91163664571195,186.49894443287428,188.50622203381667,53439000
2024-02-08,186.21218872070312,187.41851968576853,185.25304448034683,187.27020463334281,40962000
2024-02-09,186.9745635986328,188.10324181676,186.1329987846296,186.77653768433356,45155200
2024-02-12,185.29141235351562,186.796321504533,184.9349868995182,186.54880424779185,41781900
2024-02-13,183.20237731933594,184.36077144619387,181.68757282391297,183.92513863049606,56529500
2024-02-14,182.32122802734375,183.68752828939827,180.62821823999963,183.47962222785034,54630500
2024-02-15,182.03408813476562,182.65783644316613,179.5490203671251,181.72716915991907,65434500
2024-02-16,180.49948120117188,183.0142649801448,179.86583763061847,181.59845842120637,49752500
2024-02-20,179.75692749023438,180.61828269677792,178.21242224791314,179.98463913307552,53665600
2024-02-21,180.5093994140625,181.0737309260645,178.86588113831095,180.13316833455778,41371400
2024-02-22,182.5390167236328,183.12316891523534,180.6479964148563,181.65785591778803,52292200
2024-02-23,180.70741271972656,183.20237592421455,180.42028422645075,183.17267506039363,45119700
2024-02-26,179.36090087890625,180.94500218994074,178.8559560281093,180.43017719516277,40867400
2024-02-27,180.81631469726562,182.09349711935678,177.77679547469845,179.30151026553332,54318900
2024-02-28,179.61830139160156,181.3014155316966,178.34111913385524,180.6974728870872,48953900
2024-02-29,178.95497131347656,180.75690414056305,177.74708592784262,179.46981142225187,136682600
2024-03-01,177.87579345703125,178.73714862022334,175.6184374307493,177.76688526684862,73563100
2024-03-04,173.361083984375,175.14319605787904,172.06408093389737,174.40064432483445,81510100
2024-03-05,168.4305419921875,170.33147275577412,167.93550746706842,169.0641855800497,95132400
2024-03-06,167.4404754638672,169.53943215491887,167.00484265804033,169.36121186741923,68587700
2024-03-07,167.3216552734375,169.0344703547855,166.81672553933012,167.47015957545335,71765100
2024-03-08,169.03451538085938,171.97502220207014,167.26229810663585,167.32169984326515,76267000
2024-03-11,171.034423828125,172.64824117092596,170.34137853305091,171.22253935977105,60139500
2024-03-12,171.50967407226562,172.30173241116674,169.31171935776177,171.43046672764987,59825400
2024-03-13,169.4305419921875,171.4700820663792,169.06420612614593,171.05425482761498,52488700
2024-03-14,171.2819366455078,172.57892461566286,170.34137411890524,171.1928340614332,72913500
2024-03-15,170.9057159423828,170.9057159423828,168.59885322457814,169.47011882986195,121752700
2024-03-18,171.9948272705078,175.9452089236444,171.79681644661977,173.82646138280157,75604200
2024-03-19,174.33135986328125,174.85609525037736,171.31164624406932,172.6086342803731,55215200
2024-03-20,176.89564514160156,176.89564514160156,173.35119593354977,173.97494430389506,53423100
2024-03-21,169.66812133789062,175.72735394947048,169.14338597139206,175.29172116809335,106181300
2024-03-22,170.56910705566406,171.33146450930536,168.37115239719608,170.05426688241553,71160100
2024-03-25,169.1533203125,170.23249206020807,167.76721443821097,168.87610215909345,54288300
2024-03-26,168.024658203125,169.71766815187948,167.89594436696248,168.31177163695932,57388400
2024-03-27,171.58888244628906,171.87601096065072,168.42066417893392,168.7176879462108,60273300
2024-03-28,169.7770538330078,170.51960569647457,168.81668554767697,170.04437673388762,65672700
2024-04-01,168.34144592285156,169.54933141950085,167.79690490268092,169.48992969134684,46240500
2024-04-02,167.16326904296875,167.65830361021796,166.55932626663449,167.40089107386055,49329500
2024-04-03,167.9652099609375,168.98497988400436,166.90584392266877,167.11374996517486,47691700
2024-04-04,167.14346313476562,170.21266810452119,167.14346313476562,168.59885072968464,53704400
2024-04-05,167.8959197998047,168.69787335368648,167.2721714324497,167.90581505219322,42104800
2024-04-08,166.7771453857422,167.51969724864153,166.56923932419392,167.35138730592178,37425500
2024-04-09,167.98500061035156,168.39093251447707,166.67811742351924,167.02463249925154,42373800
2024-04-10,166.11380004882812,167.41078821247058,165.45045553411236,167.1236748074244,49709300
2024-04-11,173.30169677734375,173.7175391133101,166.49003132152566,166.66823651643443,91070300
2024-04-12,174.7967071533203,176.58872985356905,172.47994902506244,172.52944039553972,101670900
2024-04-15,170.9750213623047,174.8758957155582,170.78690583147454,173.6185038309996,73531800
2024-04-16,167.69790649414062,172.0343988146065,166.59892920522176,170.04436539186383,73711200
2024-04-17,166.3315887451172,168.9552655008738,166.3315887451172,167.9256004082147,50901200
2024-04-18,165.38113403320312,166.96525061902096,164.89600984807865,166.36130787024413,43122900
2024-04-19,163.36138916015625,164.74747975255278,162.45052746983075,164.559379327856,68149400
2024-04-22,164.19305419921875,165.59895049362888,163.1336881290828,163.87623994630854,48116400
2024-04-23,165.2425079345703,165.391027347015,163.28217556978177,163.7079130900853,49537800
2024-04-24,167.34149169921875,167.6187098522012,164.5593998092657,164.8861093338651,48251800
2024-04-25,168.20285034179688,168.91570135131437,166.48012455092012,167.84642483703811,50558300
2024-04-26,167.61871337890625,169.63844783702467,167.49989480565932,168.1929553099538,44838400
2024-04-29,171.7769775390625,174.28185098854456,171.38095596804143,171.64826373021612,68169400
2024-04-30,168.63848876953125,173.25221487057408,168.31176412042663,171.60869637165644,65934800
2024-05-01,167.61871337890625,170.99485287185942,167.43059781958385,167.8959315377214,50383100
2024-05-02,171.31166076660156,171.69778712393833,169.19291342760516,170.79682058773386,94214900
2024-05-03,181.55885314941406,185.14289799826793,180.84600228009177,184.796367814728,163224100
2024-05-06,179.90545654296875,182.3707188474722,178.62825898838415,180.53910014061182,78569700
2024-05-07,180.58860778808594,183.06378067502382,179.5193463953144,181.62818342205114,77305800
2024-05-08,180.92523193359375,181.25195654794928,179.6480343404535,181.03414013837894,45057100
2024-05-09,182.737060546875,182.82616313989396,180.30148392023486,180.74701199258516,48983000
2024-05-10,181.47792053222656,183.50039380889953,180.5658235542962,183.312023159418,50759500
2024-05-13,184.6802215576172,185.49318663872077,183.0344740478803,183.84743912898392,72044800
2024-05-14,185.82032775878906,186.68286641073877,184.69011878206607,185.89964252722956,52393600
2024-05-15,188.09068298339844,189.01268886802714,185.76085876781028,186.2962297111884,70400000
2024-05-16,188.20960998535156,189.458798518541,188.031163125035,188.8342042519463,52845200
2024-05-17,188.23936462402344,189.17129419091543,187.55528802161362,187.88245575005936,41282900
2024-05-20,189.3993377685547,190.2717851507536,187.38677266186554,187.70403175639103,44361300
2024-05-21,190.69808959960938,191.07481584379752,189.28036268210627,189.44890089382775,42309400
2024-05-22,189.2605438232422,191.16406816634918,188.63596455316463,190.6187885434668,34648500
2024-05-23,185.2750701904297,189.35968258649532,185.02721720275102,189.3398501117122,51005900
2024-05-24,188.34841918945312,188.94327235106317,186.4250777783575,187.19839293954828,36327000
2024-05-28,188.3583526611328,191.34249703943843,187.47599667367734,189.86528785982966,52280100
2024-05-29,188.65576171875,190.5989356775744,187.88246165547932,187.98160889548626,53068000
2024-05-30,189.64718627929688,190.52954231443272,188.99286588586446,189.12173915319045,49889100
2024-05-31,190.59893798828125,190.9161970579539,188.2790377703441,189.79589676882185,75158300
2024-06-03,192.36366271972656,193.31542486412093,190.86663609575578,191.24336235629542,50080500
2024-06-04,192.68092346191406,193.64259428823095,191.3722523931234,192.96842627855952,47471400
2024-06-05,194.1878662109375,195.20901937445223,193.19645419760306,193.72190135445058,54156800
2024-06-06,192.80978393554688,194.81244022862765,192.50244866402238,194.0093990023229,41181800
2024-06-07,195.19911193847656,195.2486855650071,192.47272888451312,192.978343568532,53103900
2024-06-10,191.46145629882812,195.60556579928584,190.49978557066368,195.20899197297106,97010200
2024-06-11,205.37100219726562,205.38092599962496,191.96712203677995,191.98693938600363,172373300
2024-06-12,211.24012756347656,218.30888368086454,205.1231032111954,205.5890679852297,198134300
2024-06-13,212.4000701904297,214.88850837078886,209.78274363476027,212.8957760920924,97862700
2024-06-14,210.66513061523438,213.32210737882852,209.4853479747781,212.01345147179217,70122700
2024-06-17,214.8092498779297,217.06966817138198,210.8931752545736,211.53758704443374,93728300
2024-06-18,212.4496612548828,216.75240063817128,211.1707464886947,215.72132373307375,79943300
2024-06-20,207.87924194335938,212.4000929584359,207.05638337080816,212.0927425591543,86172500
2024-06-21,205.70806884765625,210.07027533194446,205.33132746963062,208.58315742215362,241805100
2024-06-24,206.35247802734375,210.87331399723786,204.8157865138524,205.93608683303725,80727000
2024-06-25,207.27450561523438,209.5646648210329,206.81844945769743,207.35380525957078,55549700
2024-06-26,211.41860961914062,213.0147835489249,208.83102368645302,209.68363861405976,66213200
2024-06-27,212.26129150390625,213.88720639689362,210.52632069800987,212.84622088780682,49772700
2024-06-28,208.8111572265625,214.21436386520998,208.49391330369318,213.91693728719588,82542700
2024-07-01,214.88853454589844,215.64200216221636,210.10001313722785,210.26855134899324,60402900
2024-07-02,218.37832641601562,218.48738234159504,213.2527281692765,214.29369867156123,58046200
2024-07-03,219.64732360839844,219.64732360839844,217.1489612238199,218.11063203893852,37369800
2024-07-05,224.3961639404297,224.5052198536283,219.7464397478406,219.7464397478406,60412400
2024-07-08,225.8634490966797,225.89319024119226,221.3326897978435,225.1397075728903,59085900
2024-07-09,226.71609497070312,227.42991284004066,224.4259356098064,225.97253595078877,48076100
2024-07-10,230.97914123535156,231.07828847688273,227.28117906796422,227.3307526887298,62627700
2024-07-11,225.61561584472656,230.39421338925845,223.83107137940016,229.40280147827102,64710600
2024-07-12,228.5601043701172,230.64207551688347,226.71607753741577,226.9540218514806,53046500
2024-07-15,232.38693237304688,235.1926297333435,231.0881852656036,234.44907084333448,62631300
2024-07-16,232.80335998535156,234.24090427881208,230.33473879844306,232.98180687397965,43234300
2024-07-17,226.9143829345703,229.47222770464353,224.6936146131452,227.4794799069808,57345900
2024-07-18,222.2547149658203,228.46096321097224,220.36112971273346,228.3023336745397,66034600
2024-07-19,222.3836212158203,224.85224251867803,221.36246807560826,222.88925101284036,49151500
2024-07-22,222.03662109375,225.82380677595344,221.174082433242,225.06041535891617,48201800
2024-07-23,223.07760620117188,224.9910392063895,220.7676144514488,222.44310313331528,39960300
2024-07-24,216.6631622314453,222.86941075843336,215.26528287042115,222.07627816799848,61777600
2024-07-25,215.62217712402344,218.95332167523742,212.77681471652627,217.0497975364767,51391200
2024-07-26,216.08815002441406,217.6050090608147,214.15488466672127,216.8217851678197,41601300
2024-07-29,216.36573791503906,217.41663210574902,213.89711684474761,215.0967318967012,36311800
2024-07-30,216.9209442138672,218.43780333279796,214.26395224147618,217.3075942808937,41643800
2024-07-31,220.17274475097656,221.8978068103832,218.73520059867647,219.5382417741392,50036300
2024-08-01,216.48472595214844,222.55216258005441,215.15623749650504,222.44310665442717,62501000
2024-08-02,217.97181701660156,223.6625266661827,215.8402875210575,217.26790792406092,105568600
2024-08-05,207.4727783203125,211.66644653820467,194.31673780556494,197.38019703112641,119548600
2024-08-06,205.45030212402344,208.18660889381388,199.3432157724579,203.53688424769564,69660500
2024-08-07,208.01805114746094,211.80523672133984,204.61750047992084,205.12311510057037,63516400
2024-08-08,211.4780731201172,212.36042911915672,207.03655197769595,211.27979376271134,47161100
2024-08-09,214.38291931152344,214.91827509282652,210.1495861717322,210.2784745623819,42201600
2024-08-12,215.9114532470703,217.8767166928247,213.99582080224636,214.46232494953352,38028100
2024-08-13,219.6236572265625,220.2390393048837,217.380462936734,217.380462936734,44155300
2024-08-14,220.07029724121094,221.37054778476931,218.06532277692483,218.92885985517657,41960600
2024-08-15,223.04795837402344,223.67327566716008,221.1025352094067,222.9288560878089,46414000
2024-08-16,224.3680877685547,225.1422830006272,221.98593577772976,222.25393109506462,44340200
2024-08-19,224.20925903320312,224.30852103873067,221.38045847347976,224.0405257400108,40687800
2024-08-20,224.8246307373047,225.4797235950926,223.77252016614798,224.09014645304697,30299000
2024-08-21,224.7154541015625,226.2836998547364,223.37550792716294,224.83457153469638,34765500
2024-08-22,222.85940551757812,226.64105516594537,222.2340881238219,226.09514435752783,43695300
2024-08-23,225.15220642089844,226.5219434569281,222.66088738350675,223.9809934126029,38677300
2024-08-26,225.48965454101562,225.58891654674125,222.22414052811973,225.0727813784282,30602200
2024-08-27,226.3333282470703,227.14723425887112,223.21669220638537,224.31843379232603,35934600
2024-08-28,224.8048095703125,228.149730282918,224.00082364270057,226.22416240429726,38052200
2024-08-29,228.0802459716797,231.18696212304621,227.1770283167567,228.3879521456165,51906300
2024-08-30,227.296142578125,228.6857199244299,225.787447784096,228.47729089511273,52990800
2024-09-03,221.11248779296875,227.2961293418145,219.52438650802387,226.84948058831634,50190600
2024-09-04,219.20677185058594,220.12984491677884,215.86183603349318,220.01074262314262,43840200
2024-09-05,220.72537231445312,223.80229748015876,219.87177059333374,219.9809527371486,36615400
2024-09-06,219.177001953125,223.56411324365834,218.13481142105056,222.2837029728863,48423000
2024-09-09,219.26632690429688,219.6236489368284,215.09757995493325,219.17700018247805,67180000
2024-09-10,218.47227478027344,219.83207646515766,215.1174187834135,217.29112653781655,51591000
2024-09-11,221.00328063964844,221.43007391385896,216.2687680395375,219.81221238330573,44587100
2024-09-12,221.11248779296875,221.8866830044339,218.1844402475294,220.84449248276735,37455600
2024-09-13,220.84446716308594,222.3730019797634,220.25886075018875,221.91643313573508,36766600
2024-09-16,214.71047973632812,215.60377723416104,212.32832783334672,214.92882889414335,59357400
2024-09-17,215.17694091796875,215.28612305537175,212.90398660599377,214.1446858286394,45519300
2024-09-18,219.04794311523438,221.05291740528648,215.92137182236397,215.931307109631,59894900
2024-09-19,227.16708374023438,228.11002736409566,222.95864123060412,223.31596324984213,66781300
2024-09-20,226.50205993652344,231.35567496568984,225.9263736470506,228.25889437635817,318679900
2024-09-23,224.7849578857422,227.74278104335218,224.12986496132828,225.64847983003366,54146000
2024-09-24,225.6782684326172,227.64354731931365,224.05047131587074,226.94874349226038,43556100
2024-09-25,224.68568420410156,225.59883710649478,222.35317851779175,223.2563961324406,42308700
2024-09-26,225.8271484375,226.79985253593196,223.73284722402752,225.608784129346,36636700
2024-09-27,226.09512329101562,227.81226214161182,225.6087788258606,226.7601514881057,34026000
2024-09-30,231.266357421875,231.266357421875,227.9412771261621,228.3283747151782,54541900
2024-10-01,224.52688598632812,227.9412778656533,222.07526286618742,227.81225543239978,63285000
2024-10-02,225.09263610839844,225.67824256269316,221.360617941662,224.20925878310885,32880600
2024-10-03,223.99090576171875,225.12242301224842,221.65839996957536,223.4648504260935,34044200
2024-10-04,225.1125030517578,226.30357145139808,222.46237094034984,226.20430944090455,37245100
2024-10-07,220.04051208496094,224.01074997862722,219.68319006872073,222.8296017820206,39505400
2024-10-08,224.09017944335938,224.29860847272343,221.58892507419034,222.6311156567822,31855700
2024-10-09,227.83209228515625,228.0405364361267,223.15714569962594,223.55416342639623,33591100
2024-10-10,227.3358154296875,227.7923994519787,225.47973405841245,226.0851959438118,28183500
2024-10-11,225.85691833496094,227.70307961960657,225.6484741750507,227.5938974682738,31759200
2024-10-14,229.5790252685547,230.00581860221664,226.89911753216435,226.99836439928595,39882100
2024-10-15,232.11004638671875,235.7229623804217,230.6410474142004,231.87182665313995,64751400
2024-10-16,230.05543518066406,230.3929017691756,228.12986736523644,229.87678174389526,34082200
2024-10-17,230.42266845703125,232.1100316250369,228.80480686495974,231.69314333147315,32993800
2024-10-18,233.25149536132812,234.4227083661851,232.2688559498539,234.4227083661851,46431500
2024-10-21,234.72047424316406,235.08773156933626,232.7055796017645,232.7055796017645,36254500
2024-10-22,234.10507202148438,234.46239402859047,230.8693336731526,232.14972869721714,38846600
2024-10-23,229.04299926757812,233.39041424004768,226.06532109909307,232.33830371042365,52287000
2024-10-24,228.8544464111328,229.10258628095696,226.71051430099084,228.26882480795348,31109500
2024-10-25,229.68821716308594,231.48474758840828,227.86191116183892,228.03064447383113,38802300
2024-10-28,231.6633758544922,232.98348177622344,230.81970938626554,231.5839844241638,36087100
2024-10-29,231.93136596679688,232.5864588417728,230.59141979007921,231.36561495313973,35417200
2024-10-30,228.38795471191406,231.73287549326048,227.8420439394486,230.8792736886572,47070900
2024-10-31,224.22911071777344,228.11994197442104,223.693120129287,227.63358238786932,64370100
2024-11-01,221.25143432617188,223.67328184782377,218.6310779402587,219.32586653780092,65276700
2024-11-04,220.35812377929688,221.13231895883285,218.0752491010658,219.34572401852256,44944500
2024-11-05,221.78741455078125,222.28369429475046,219.49460455688452,220.14969745378525,28111300
2024-11-06,221.06285095214844,224.387931303672,219.54423614319148,220.95366880237512,54561100
2024-11-07,225.7874298095703,226.18446269494834,222.89909318788202,222.95864433437472,42137700
2024-11-08,225.51914978027344,227.20835428792034,224.9726384261151,225.72780810336752,38328800
2024-11-11,222.8064727783203,224.26714170400084,220.0938084143074,223.57158868270503,42005600
2024-11-12,222.8064727783203,224.15783943194586,221.9420008205612,223.12444853772337,40398300
2024-11-13,223.69082641601562,225.2111120360391,221.34580821096,222.58787261698694,48566200
2024-11-14,226.7711639404297,227.41703140021204,223.57160465201176,223.59148192887395,44923900
2024-11-15,223.5715789794922,225.4793879673537,222.84621765747355,224.96268496170848,47923700
2024-11-18,226.5724334716797,228.28151537171908,223.74052045447314,223.82001439888424,44633700
2024-11-19,226.8307647705078,228.6988344551977,225.22105418122663,225.53901477922054,36211800
2024-11-20,227.54620361328125,228.4702922716314,224.45594670445817,226.61216873586113,35169600
2024-11-21,227.06924438476562,228.69883223369175,224.2770861035494,227.42695953023323,42108300
2024-11-22,228.41067504882812,229.25528492407807,226.61216818417898,226.61216818417898,38168300
2024-11-25,231.39163208007812,231.76922452168117,228.2815130321861,229.99059491471002,90152800
2024-11-26,233.56771850585938,234.07449047305911,231.84870566104107,231.84870566104107,45986200
2024-11-27,233.4385528564453,234.19373774290258,232.32566796514345,232.98148163119754,33498400
2024-11-29,235.8233184814453,236.3002669685808,232.48464874765904,233.31931239062584,28481400
2024-12-02,238.0689697265625,239.26134854667043,235.65440375298792,235.76370602927642,48137100
2024-12-03,241.1095428466797,241.21884512379424,237.38334952948236,238.2875760799829,38861000
2024-12-04,241.4672393798828,242.5602620666903,239.71841824290905,241.32812877991805,44383900
2024-12-05,241.49705505371094,242.98753231090083,240.59284370740727,242.4410361127995,40033900
2024-12-06,241.29832458496094,243.0769692456264,240.5431549096241,241.36788746709487,36870600
2024-12-09,245.18350219726562,245.67039687977774,240.21524480725012,240.29473874492055,44649200
2024-12-10,246.19703674316406,246.63424582967986,243.7824557106041,245.32261857013248,36914800
2024-12-11,244.9251708984375,249.20780656351602,244.69662013013263,246.3858398593606,45205800
2024-12-12,246.38584899902344,247.16089600762038,244.12030947937123,245.32263454558526,32777500
2024-12-13,246.55474853515625,247.70737273801882,244.67674782957272,246.24671899982582,33155300
2024-12-16,249.44627380371094,249.7841268474892,246.07779571830554,246.4156487620838,51694800
2024-12-17,251.87075805664062,252.2185421189052,248.19425082976375,248.49234928857376,51356400
2024-12-18,246.4752655029297,252.6657103008961,246.1672359539693,250.55917390522964,56774100
2024-12-19,248.20419311523438,250.400169527173,245.5213371883983,245.92873792847348,60882300
2024-12-20,252.8743896484375,253.3811464831127,244.13025293349912,246.4653249902114,147495300
2024-12-23,253.64942932128906,254.02700659111463,251.84097626600598,253.15260355822258,40858800
2024-12-24,256.56085205078125,256.5707679464462,253.6693071300515,253.86804957710976,23234700
2024-12-26,257.37554931640625,258.44870970386563,255.9943897750778,256.55083207826743,27237100
2024-12-27,253.96739196777344,257.05766400729357,251.45345479939442,256.19316170058187,42355300
2024-12-30,250.59890747070312,251.890657464443,249.15811581542044,250.6287158030117,35557500
2024-12-31,248.8302001953125,251.6720440162376,247.84647977817443,250.83738041728796,39480700
