Date,Close,High,Low,Open,Volume,MA30,Daily_Return,Volatility,MA7,MA90,Lag_1,Lag_2,Lag_3,Price_Range,Open_Close_Diff
2020-05-11,76.25038146972656,76.74417245398942,74.36959376483475,74.57776663572473,145946400,67.11180038452149,0.015735619637663012,0.026395907900148022,72.80013275146484,69.87485160827637,75.06912231445312,73.32389068603516,72.57312774658203,2.3745786891546743,1.672614834001834
2020-05-12,75.37895202636719,77.38318317958411,75.25792355724299,76.93295343320654,162301200,67.57403132120768,-0.01142852568816799,0.026356274314452782,73.59962245396206,69.9086856842041,76.25038146972656,75.06912231445312,73.32389068603516,2.125259622341119,-1.5540014068393475
2020-05-13,74.46882629394531,76.4779036027934,73.39409274246334,75.55808267285332,200622400,68.01010932922364,-0.012074003524266574,0.026539676089415917,74.12804739815849,69.94022119310168,75.37895202636719,76.25038146972656,75.06912231445312,3.083810860330061,-1.0892563789080043
2020-05-14,74.92630767822266,74.98682191354754,72.98742921457588,73.70876155896555,158929200,68.56910247802735,0.006143260301586517,0.02405578909570679,74.57008688790458,69.97049785190158,74.46882629394531,75.37895202636719,76.25038146972656,1.9993926989716613,1.2175461192571078
2020-05-15,74.48334503173828,74.52933644505968,72.66791783323735,72.70180935336562,166348400,69.0809819539388,-0.005911977517786049,0.024152461693420273,74.84297507149833,69.99962560865615,74.92630767822266,74.46882629394531,75.37895202636719,1.8614186118223301,1.7815356783726628
2020-05-18,76.23827362060547,76.61104348348049,75.11513293810333,75.80499689236754,135178400,69.67968368530273,0.02356135573824436,0.023932761107593226,75.25931549072266,70.0354083167182,74.48334503173828,74.92630767822266,74.46882629394531,1.495910545377157,0.43327672823792795
2020-05-19,75.79774475097656,77.10000541594032,75.76627615398213,76.25522871352638,101729600,70.09423573811848,-0.005778316437504483,0.018999822725783454,75.36340441022601,70.04906349182129,76.23827362060547,74.48334503173828,74.92630767822266,1.333729261958183,-0.4574839625498157
2020-05-20,77.2718505859375,77.34204178986873,76.61587086677298,76.65460086911052,111504800,70.5823870340983,0.019447885155474243,0.0188443535067006,75.50932856968471,70.07722426520453,75.79774475097656,76.23827362060547,74.48334503173828,0.7261709230957507,0.6172497168269757
2020-05-21,76.6957778930664,77.67369044499544,76.45855932436727,77.1339005633104,102688800,70.99790547688802,-0.0074551429596010355,0.018697352694712524,75.69744655064174,70.0812429216173,77.2718505859375,75.79774475097656,76.23827362060547,1.2151311206281719,-0.43812267024399887
2020-05-22,77.1895523071289,77.27185079219365,76.33266854723075,76.43432834001963,81803200,71.41443354288737,0.006438091217367159,0.018696287555456728,76.08612169538226,70.10220086839465,76.6957778930664,77.2718505859375,75.79774475097656,0.9391822449628933,0.7552239671092735
2020-05-26,76.66673278808594,78.48457622660662,76.61105700677228,78.30545637185098,125522000,71.77120768229166,-0.006773190197589485,0.01865750388980998,76.33475385393415,70.12093560960558,77.1895523071289,76.6957778930664,77.2718505859375,1.8735192198343356,-1.6387235837650422
2020-05-27,77.0007553100586,77.14599099987917,75.78563172544763,76.52391007078806,112945200,72.02807032267252,0.004356811746444533,0.016579535811710892,76.6943838936942,70.13294563293456,76.66673278808594,77.1895523071289,76.6957778930664,1.360359274431545,0.47684523927053135
2020-05-28,77.03463745117188,78.29091382648822,76.4004493161322,76.67639044487011,133560800,72.30714569091796,0.0004400234903780831,0.0164164212057287,76.80815015520368,70.13599298265245,77.0007553100586,76.66673278808594,77.1895523071289,1.8904645103560256,0.35824700630176665
2020-05-29,76.95960998535156,77.736610955793,76.60378586836536,77.2767040924692,153532400,72.56553293863932,-0.0009739445566661065,0.01642274330464532,76.97413090297154,70.1439867231581,77.03463745117188,77.0007553100586,76.66673278808594,1.1328250874276335,-0.3170941071176401
2020-06-01,77.90602111816406,78.02704957806893,76.78287346449119,76.91358626954592,80791200,72.88677037556967,0.012297504275198934,0.016163146028958294,77.06472669328961,70.15947235955133,76.95960998535156,77.03463745117188,77.0007553100586,1.244176113577737,0.9924348486181458
2020-06-02,78.2667007446289,78.29090791932163,77.19922860751555,77.63977407114822,87642800,73.26726455688477,0.004629675874702643,0.015441687333277632,77.28914424351284,70.17487127516004,77.90602111816406,76.95960998535156,77.03463745117188,1.0916793118060752,0.626926673480682
2020-06-03,78.69756317138672,78.95898884323296,78.01496072344597,78.58621903033732,104491200,73.73100102742514,0.005505054162991296,0.013838362545121463,77.50457436697823,70.19751955668131,78.2667007446289,77.90602111816406,76.95960998535156,0.9440281197869922,0.11134414104940049
2020-06-04,78.01981353759766,78.81859867793425,77.64704369151033,78.52087329742372,87560400,74.10994517008463,-0.008612079033668008,0.013448590203621972,77.69787161690849,70.23768365648058,78.69756317138672,78.2667007446289,77.90602111816406,1.1715549864239136,-0.5010597598260631
2020-06-05,80.24187469482422,80.30238892913404,78.24006648317224,78.26911213372232,137250400,74.57156753540039,0.028480728887614548,0.013970530242833934,78.160888671875,70.27915000915527,78.01981353759766,78.69756317138672,78.2667007446289,2.0623224459617973,1.9727625611019022
2020-06-08,80.71630096435547,80.75019247995644,79.23007527095147,79.9393002955481,95654400,74.98511250813802,0.005912452461206641,0.013312161786617696,78.6868406023298,70.30809304979113,80.24187469482422,78.01981353759766,78.69756317138672,1.5201172090049653,0.777000668807375
2020-06-09,83.26517486572266,83.65730597576551,80.36533708864444,80.3968056767083,147712400,75.48201065063476,0.031578180254974386,0.014086475824552924,79.58763558523995,70.36661465962727,80.71630096435547,80.24187469482422,78.01981353759766,3.2919688871210724,2.868369189014359
2020-06-10,85.4073715209961,85.87453965160508,83.77348714351568,84.2116096226659,166651600,76.08725001017253,0.025727402347116346,0.013813600441637723,80.65925707135882,70.48736440870496,83.26517486572266,80.71630096435547,80.24187469482422,2.1010525080893956,1.1957618983301899
2020-06-11,81.30693054199219,84.97651490391192,81.20527075656385,84.55291522831224,201662400,76.48217976888021,-0.04801038722981743,0.016452877057201117,81.09357561383929,70.56482827928332,85.4073715209961,83.26517486572266,80.71630096435547,3.771244147348071,-3.2459846863200568
2020-06-12,82.00889587402344,84.18740853476542,80.90027823694467,83.44187634114364,200146000,76.85166473388672,0.008633523948720523,0.016198137892367938,81.56662314278739,70.62282396952311,81.30693054199219,85.4073715209961,83.26517486572266,3.2871302978207524,-1.4329804671202027
2020-06-15,83.02311706542969,83.6742509001126,80.50330314287096,80.6654845616587,138808800,77.29301783243815,0.012367209442305294,0.01574829382952555,82.28138078962054,70.68513162400987,82.00889587402344,81.30693054199219,85.4073715209961,3.1709477572416347,2.3576325037709864
2020-06-16,85.2234115600586,85.49452156139306,83.44187587324252,85.07333742619001,165428800,77.7748031616211,0.026502190864441832,0.01612758427262585,82.99302891322544,70.76182577345106,83.02311706542969,82.00889587402344,81.30693054199219,2.052645688150534,0.1500741338685856
2020-06-17,85.10482025146484,86.02705683600927,84.98379175074255,85.96654258564811,114406400,78.21722946166992,-0.0013915343967446647,0.016101556857414462,83.61996023995536,70.84903077019585,85.2234115600586,83.02311706542969,82.00889587402344,1.043265085266711,-0.8617223341832698
2020-06-18,85.1386947631836,85.55503301794639,84.53112944713651,85.06123476532262,96820400,78.63608169555664,0.00039803282139194707,0.01610730926053255,83.88760593959263,70.93253517150879,85.10482025146484,85.2234115600586,83.02311706542969,1.0239035708098783,0.07745999786097002
2020-06-19,84.65216064453125,86.30782937031772,83.54595856056092,85.84308414219812,264476000,79.01369069417318,-0.005714606266934874,0.01620603169992139,83.77971867152623,71.01583722432454,85.1386947631836,85.10482025146484,85.2234115600586,2.7618708097568003,-1.1909234976668728
2020-06-22,86.86700439453125,87.00981715451016,84.99832384422328,85.04431527047004,135445200,79.40695343017578,0.026164054563243777,0.016306332401829698,84.57401493617466,71.10339037577312,84.65216064453125,85.1386947631836,85.10482025146484,2.0114933102868804,1.8226891240612133
2020-06-23,88.72115325927734,90.13718820813904,87.68998805980996,88.10874933547481,212155600,79.82264582316081,0.021344685219314652,0.01646497981864932,85.5329088483538,71.21779467264811,86.86700439453125,84.65216064453125,85.1386947631836,2.447200148329074,0.6124039238025318
2020-06-24,87.155029296875,89.26818923809188,86.78225950639512,88.35079128217394,192623200,80.21518173217774,-0.0176522047433888,0.016718887066538953,86.12318202427456,71.31458320617676,88.72115325927734,86.86700439453125,84.65216064453125,2.485929731696757,-1.1957619852989438
2020-06-25,88.31208038330078,88.3508103921037,86.55232854521968,87.30996818337783,137522400,80.67662353515625,0.013275781050850588,0.016465606240952956,86.56442042759487,71.44018736945259,87.155029296875,88.72115325927734,86.86700439453125,1.798481846884016,1.0021121999229479
2020-06-26,85.59860229492188,88.42824869367755,85.4509437109353,88.20797597788908,205256800,81.03236668904623,-0.03072601252967433,0.01776608253722693,86.6349607195173,71.52324952019586,88.31208038330078,87.155029296875,88.72115325927734,2.9773049827422398,-2.6093736829672025
2020-06-29,87.57135772705078,87.665763477541,85.0297599072803,85.50661236513594,130646000,81.46863377888998,0.023046584631510214,0.017960762085223573,86.98248400006976,71.63713637457954,85.59860229492188,88.31208038330078,87.155029296875,2.636003570260712,2.064745361914845
2020-06-30,88.30237579345703,88.58800861953088,87.1405053436716,87.1598666501381,140223200,81.87077051798502,0.008347684509868447,0.01764722347034083,87.50394330705915,71.77859204610189,87.57135772705078,85.59860229492188,88.31208038330078,1.447503275859276,1.1425091433189323
2020-07-01,88.13536071777344,88.92204587845694,88.08695375546539,88.37984062385425,110737200,82.28202438354492,-0.0018913995708819131,0.017579041251347703,87.68513706752232,71.95807728237575,88.30237579345703,87.57135772705078,85.59860229492188,0.8350921229915542,-0.24447990608081227
2020-07-02,88.13536071777344,89.67484690422407,88.02160103220285,89.04065881814572,114041600,82.64414138793946,0.0,0.017392715988299744,87.60145241873605,72.16465339660644,88.13536071777344,88.30237579345703,87.57135772705078,1.6532458720212162,-0.9052981003722778
2020-07-06,90.49299621582031,90.96016437699369,89.5296068531223,89.56107543992535,118655600,83.10404866536459,0.02675016564119459,0.017697647816085606,88.07830483572823,72.38516748216418,88.13536071777344,88.13536071777344,88.30237579345703,1.4305575238713857,0.9319207758949659
2020-07-07,90.21221160888672,91.64760765010688,90.10086747244101,90.87060685450933,112424400,83.5381373087565,-0.003102832469641492,0.017769168040336684,88.34975215366909,72.65387323167589,90.49299621582031,88.13536071777344,88.13536071777344,1.5467401776658676,-0.6583952456226143
2020-07-08,92.31326293945312,92.34473152661032,91.10055518911935,91.18769953716944,117092000,84.05968831380208,0.02329009890230238,0.017908276366784062,89.30898938860211,72.94635327657063,90.21221160888672,90.49299621582031,88.13536071777344,1.2441763374909698,1.1255634022836887
2020-07-09,92.71023559570312,93.25727928434208,91.66454778966232,93.20402645939578,125642800,84.5833376566569,0.004300277594026403,0.01790849802955073,90.0431147984096,73.17498054504395,92.31326293945312,90.21221160888672,90.49299621582031,1.5927314946797537,-0.49379086369265224
2020-07-10,92.8724136352539,92.93051232943125,91.69602034280251,92.30600122922262,90257200,85.11126352945963,0.0017493002634361154,0.017895154310797846,90.69597734723773,73.43086450364855,92.71023559570312,92.31326293945312,90.21221160888672,1.2344919866287398,0.5664124060312901
2020-07-13,92.44397735595703,96.77921853086478,92.23096604261153,94.17468319640058,191649200,85.62740910847982,-0.004613170504855324,0.017959137543537115,91.31149400983539,73.64599223666721,92.8724136352539,92.71023559570312,92.31326293945312,4.5482524882532545,-1.730705840443548
2020-07-14,93.97379302978516,94.16501274371473,90.89482765300735,91.82674120591236,170989200,86.16300150553386,0.01654857047028102,0.018024854486707653,92.1455557686942,73.90445772806804,92.44397735595703,92.8724136352539,92.71023559570312,3.270185090707372,2.1470518238728005
2020-07-15,94.62007904052734,96.09420527190387,93.42431687945134,95.84488685944433,153198000,86.70811411539714,0.006877300467560632,0.0180217932167138,92.73513902936664,74.18053805033365,93.97379302978516,92.44397735595703,92.8724136352539,2.6698883924525347,-1.224807818916986
2020-07-16,93.45577239990234,94.31023318785083,92.85789140298706,93.49450240060445,110577600,87.20005442301432,-0.012305069414773051,0.018346224121090007,93.19850485665458,74.504998143514,94.62007904052734,93.97379302978516,92.44397735595703,1.452341784863762,-0.03873000070210253
2020-07-17,93.26696014404297,94.06090662183887,92.79494615025625,93.90599401950857,92186800,87.70829264322917,-0.0020203380808991867,0.01820524401304114,93.33474731445312,74.77594117058648,93.45577239990234,94.62007904052734,93.97379302978516,1.2659604715826163,-0.6390338754656
2020-07-20,95.23247528076172,95.37044953138843,93.01039399095433,93.35411815070974,90318000,88.20797932942709,0.02107407739764633,0.017939958934811335,93.69506726946149,75.09530448913574,93.26696014404297,93.45577239990234,94.62007904052734,2.3600555404341037,1.878357130051981
2020-07-21,93.9181137084961,96.09662665534265,93.66879530005893,96.02158957813295,103433200,88.64803975423177,-0.01380161093566723,0.018296325706458835,93.84445299421039,75.47302140129938,95.23247528076172,93.26696014404297,93.45577239990234,2.4278313552837147,-2.1034758696368527
2020-07-22,94.18194580078125,94.86212529718233,93.53323489247579,93.62037185613211,89001600,89.01193211873372,0.0028091715417544183,0.017608442651481315,94.09273420061383,75.77389962938096,93.9181137084961,95.23247528076172,93.26696014404297,1.3288904047065415,0.5615739446491403
2020-07-23,89.8951187133789,93.99314144318696,89.08664931990235,93.91568143989768,197004400,89.16152369181314,-0.04551644214773465,0.0193338688540632,93.51006644112724,76.12306361728244,94.18194580078125,93.9181137084961,95.23247528076172,4.9064921232846075,-4.020562726518776
2020-07-24,89.67243957519531,90.01616378626149,86.31268703007238,88.0966534330444,185438800,89.44037399291992,-0.0024770993283137477,0.01691761900225893,92.80326080322266,76.44118758307563,89.8951187133789,94.18194580078125,93.9181137084961,3.7034767561891044,1.5757861421509176
2020-07-27,91.7977066040039,91.88968945823548,90.50996880574512,90.73265713883738,121214000,89.76666768391927,0.02370033690258233,0.017297447007814798,92.56639426095145,76.79952875773112,89.67243957519531,89.8951187133789,94.18194580078125,1.379720652490363,1.065049465166524
2020-07-28,90.28968048095703,91.54595685387366,90.28483461346657,91.36925259131361,103625600,90.00888646443686,-0.016427710221042724,0.017608160404334623,92.14106859479632,77.1461834801568,91.7977066040039,89.67243957519531,89.8951187133789,1.26112224040709,-1.0795721103565796
2020-07-29,92.02037048339844,92.20433612820618,90.73504867705178,90.77135574195019,90329200,90.2354517618815,0.01916819279038684,0.01731843940035746,91.68219648088727,77.55375048319499,90.28968048095703,91.7977066040039,89.67243957519531,1.4692874511544005,1.2490147414482493
2020-07-30,93.13385772705078,93.2379404686909,90.78832470426487,91.19497870904048,158130000,90.50308634440104,0.012100442954130708,0.017383402806069165,91.57015991210938,77.98675219217937,92.02037048339844,90.28968048095703,91.7977066040039,2.449615764426028,1.9388790180102973
2020-07-31,102.88390350341797,103.03397765297315,97.62157959922047,99.61613418906329,374336800,91.09459330240885,0.10468852052646449,0.025394732814149407,92.81329672677177,78.46770998636882,93.13385772705078,92.02037048339844,90.28968048095703,5.412398053752682,3.2677693143546804
2020-08-03,105.4763412475586,108.0905539794476,104.46454472688619,104.76227011908288,308151200,91.7887326558431,0.02519770008584965,0.02550336031832775,95.03918566022601,78.98112055460612,102.88390350341797,93.13385772705078,92.02037048339844,3.626009252561417,0.7140711284757089
2020-08-04,106.18072509765625,107.26998160372126,104.9438099795325,105.66514250286653,173071600,92.43252334594726,0.00667812176423932,0.025262931989148665,97.39751216343471,79.46770261128744,105.4763412475586,102.88390350341797,93.13385772705078,2.32617162418876,0.5155825947897199
2020-08-05,106.56555938720703,106.88507629555588,105.4375732497871,105.90232578802099,121776800,93.02733688354492,0.0036243328456915247,0.025123078000563282,99.50720541817802,79.98726103040907,106.18072509765625,105.4763412475586,102.88390350341797,1.4475030457687694,0.663233599186043
2020-08-06,110.28356170654297,110.77735994512233,106.30899078686637,106.89718739322298,202428800,93.79828796386718,0.03488934267990418,0.025218076031382482,102.36347416469029,80.52916700575086,106.56555938720703,106.18072509765625,105.4763412475586,4.468369158255953,3.3863743133199904
2020-08-07,107.77621459960938,110.26177241107233,106.98083639595373,109.80588355038324,198045600,94.44709243774415,-0.02273545638293284,0.025816837012417035,104.61430903843471,81.04460843404134,110.28356170654297,106.56555938720703,106.18072509765625,3.2809360151185984,-2.0296689507738677
2020-08-10,109.34271240234375,110.35876045671141,106.69710821737102,109.21903838608283,212403600,95.2385627746582,0.014534726503003803,0.024841804996478825,106.9298597063337,81.61334398057726,107.77621459960938,110.28356170654297,106.56555938720703,3.661652239340384,0.1236740162609209
2020-08-11,106.09085845947266,109.10504953060087,105.83138875527999,108.60794103965802,187902400,95.85587946573894,-0.0297400153281856,0.025631568160408166,107.38799612862724,82.13516506618923,109.34271240234375,107.77621459960938,110.28356170654297,3.2736607753208773,-2.5170825801853596
2020-08-12,109.6167221069336,109.87376452711321,106.98566715289093,107.17965891895842,165598000,96.56635767618815,0.0332343775765358,0.026084675083044687,107.97947910853794,82.70560395982531,106.09085845947266,109.34271240234375,107.77621459960938,2.8880973742222835,2.43706318797517
2020-08-13,111.55667114257812,112.55817011651827,110.50667052619417,110.99408465160128,210082000,97.34706802368164,0.01769756473608175,0.026085291465450515,108.74747140066964,83.24110938178168,109.6167221069336,106.09085845947266,109.34271240234375,2.0514995903240987,0.562586490976841
2020-08-14,111.45722961425781,111.54695097773372,109.65065103503774,111.38205726105852,165565200,98.12446365356445,-0.0008913992081497346,0.02609546652457148,109.44628143310547,83.78366402520074,111.55667114257812,109.6167221069336,106.09085845947266,1.8962999426959755,0.07517235319929227
2020-08-17,111.166259765625,112.60182410704658,110.54062998121614,112.57757328432733,119561600,98.81357243855794,-0.0026105964560561024,0.025924856001326407,109.57238115583148,84.30517552693685,111.45722961425781,111.55667114257812,109.6167221069336,2.06119412583044,-1.411313518702329
2020-08-18,112.09256744384766,112.5169308684593,110.58425829007268,110.91890034610189,105633600,99.54291763305665,0.00833263330236722,0.025852154282969227,110.18900299072266,84.83182949490018,111.166259765625,111.45722961425781,111.55667114257812,1.9326725783866152,1.1736670977457635
2020-08-19,112.23322296142578,113.64453639963617,112.13865437861999,112.49996719549999,145538000,100.20691630045573,0.0012548157365437351,0.025702967630561013,110.60193307059151,85.34593743218316,112.09256744384766,111.166259765625,111.45722961425781,1.505882021016177,-0.2667442340742099
2020-08-20,114.72362518310547,114.8375973733061,112.2574641314498,112.27444044495672,126907200,100.94069595336914,0.022189527806179443,0.025849017806494852,111.83518545968192,85.85070131089952,112.23322296142578,112.09256744384766,111.166259765625,2.580133241856302,2.4491847381487446
2020-08-21,120.63563537597656,121.11819493819868,115.66936721789659,115.68148892938783,338054800,101.8661366780599,0.05153263055831081,0.027041545038657768,113.40931592668805,86.42818196614583,114.72362518310547,112.23322296142578,112.09256744384766,5.448827720302091,4.954146446588737
2020-08-24,122.07844543457031,124.91804835697145,120.21609797723066,124.83316679017967,345937600,102.85395228068033,0.011960065150708132,0.02692075854529107,114.9124265398298,87.01563144259983,120.63563537597656,114.72362518310547,112.23322296142578,4.7019503797407936,-2.7547213556093624
2020-08-25,121.07695770263672,121.42130160395935,119.35768029886763,120.95329109467639,211495600,103.75739110310873,-0.008203640932422873,0.027080938638302104,116.28667340959821,87.60238766140408,122.07844543457031,120.63563537597656,114.72362518310547,2.063621305091715,0.12366660796033102
2020-08-26,122.7234878540039,123.17937664467517,121.32672345710665,122.39127306939878,163022400,104.69417139689128,0.013599038021842702,0.027092054332492458,117.93770599365234,88.22318335639106,121.07695770263672,122.07844543457031,120.63563537597656,1.8526531875685208,0.332214784605128
2020-08-27,121.25640869140625,123.65709200762272,120.11425938434616,123.32487721481381,155552400,105.62085927327475,-0.011954347030479928,0.027082594924563642,119.246826171875,88.85063824123806,122.7234878540039,121.07695770263672,122.07844543457031,3.542832623276567,-2.06846852340756
2020-08-28,121.05998229980469,122.64588380173389,120.83688511649021,122.2287948592591,187630000,106.54729334513347,-0.0016199258556425233,0.02707704253839575,120.50779179164341,89.45517705281576,121.25640869140625,122.7234878540039,121.07695770263672,1.8089986852436795,-1.168812559454409
2020-08-31,125.16539764404297,127.06655257654671,122.21668415759454,123.74924435405829,225702700,107.54505742390951,0.033912241405018806,0.0273730332383706,121.99947357177734,90.108201429579,121.05998229980469,121.25640869140625,122.7234878540039,4.84986841895217,1.4161532899846776
2020-09-01,130.15106201171875,130.75245576113278,126.61066398001222,128.7737011544299,151948100,108.75282236735026,0.03983260918368581,0.02754931070388921,123.35882023402623,90.79532487657335,125.16539764404297,121.05998229980469,121.25640869140625,4.14179178112056,1.3773608572888634
2020-09-02,127.45455169677734,133.83698109172641,123.18667288708147,133.45869190086984,200119000,109.86190923055013,-0.020718312038810804,0.028127922678392266,124.12683541434151,91.45195066663953,130.15106201171875,125.16539764404297,121.05998229980469,10.650308204644944,-6.004140204092494
2020-09-03,117.25040435791016,124.97139321089942,116.88181705951085,123.09935129507485,257599600,110.77375208536783,-0.08006106649798994,0.03105525841903351,123.58018493652344,92.0075085957845,127.45455169677734,130.15106201171875,125.16539764404297,8.08957615138857,-5.848946937164698
2020-09-04,117.3280258178711,119.98575186395645,107.56039029271544,116.46474975837279,332607200,111.6956049601237,0.0006620144330078404,0.031019280025099853,122.80940464564732,92.53938624064128,117.25040435791016,127.45455169677734,130.15106201171875,12.425361571241012,0.863276059498304
2020-09-08,109.43240356445312,115.41713793284842,109.29660787443161,110.5284708911439,231366600,112.28342819213867,-0.06729527918312017,0.03389457162352223,121.12026105608258,92.96725353664822,117.3280258178711,117.25040435791016,127.45455169677734,6.120530058416804,-1.096067326690772
2020-09-09,113.79729461669922,115.56264615107492,111.79915150644727,113.73909857280785,176940500,113.06701532999675,0.03988664152547172,0.03414363060011557,120.08273424421039,93.45630654229058,109.43240356445312,117.3280258178711,117.25040435791016,3.7634946446276416,0.05819604389137112
2020-09-10,110.0822982788086,116.88181506989982,109.12202651754133,116.74601936225844,182274400,113.66907958984375,-0.03264573512405333,0.03487776021773436,117.92800576346261,93.89311150444878,113.79729461669922,109.43240356445312,117.3280258178711,7.759788552358486,-6.663721083449843
2020-09-11,108.63702392578125,111.77004135406294,106.69707706996373,111.12985533949437,180860300,114.1858517964681,-0.013129035054908256,0.03504377789451938,114.85457175118583,94.30205586751302,110.0822982788086,113.79729461669922,109.43240356445312,5.072964284099214,-2.4928314137131196
2020-09-14,111.89617919921875,112.44906397434094,109.41304861625771,111.27539655347849,140150100,114.48626098632812,0.030000410133327104,0.03007189729742096,112.63194710867745,94.7389786614312,108.63702392578125,110.0822982788086,113.79729461669922,3.036015358083233,0.6207826457402632
2020-09-15,112.07074737548828,115.26196131479541,110.19869808587379,114.77697452888815,184642000,114.70607452392578,0.0015600905903920825,0.029785234342321304,111.89199611118862,95.16949929131403,111.89617919921875,108.63702392578125,110.0822982788086,5.0632632289216275,-2.7062271533998654
2020-09-16,108.76314544677734,112.51694623083202,108.6758513682307,111.77006975767836,154679000,114.79215520222982,-0.029513517185969618,0.030336299214076195,110.66844177246094,95.54387732611762,112.07074737548828,111.89617919921875,108.63702392578125,3.8410948626013237,-3.006924310901013
2020-09-17,107.02690124511719,108.83105303274593,105.44584667867372,106.42552224944927,178011000,114.80753326416016,-0.01596353428845787,0.03049388289410976,110.32479858398438,95.8858386569553,108.76314544677734,112.07074737548828,111.89617919921875,3.38520635407221,0.6013789956679148
2020-09-18,103.6319808959961,107.5506753180143,102.9045006607274,107.08509211161683,287104900,114.5858139038086,-0.031720252661953774,0.03033568578225717,108.87261090959821,96.19976119995117,107.02690124511719,108.76314544677734,112.07074737548828,4.646174657286906,-3.453111215620737
2020-09-21,106.77471160888672,106.88140931284494,100.00429161371379,101.40105617439414,195713800,114.5524304707845,0.030325877067279405,0.030607770332363633,108.4000985281808,96.5587154812283,103.6319808959961,107.02690124511719,108.76314544677734,6.877117699131148,5.373655434492576
2020-09-22,108.45274353027344,109.47121874863322,105.88231946545223,109.29662320835186,183055400,114.5227648417155,0.015715630565534155,0.03062766306322678,108.37377275739398,96.93123143513998,106.77471160888672,103.6319808959961,107.02690124511719,3.588899283180993,-0.843879678078423
2020-09-23,103.90357971191406,108.74374613747926,103.56408301527631,108.2684611226227,150718700,114.44985555013021,-0.04194604645561151,0.031116120442727827,107.23197283063617,97.25812293158637,108.45274353027344,106.77471160888672,103.6319808959961,5.179663122202953,-4.364881410708634
2020-09-24,104.97056579589844,106.93961142539536,101.847248976567,102.01214274645399,167743300,114.2949836730957,0.010269002155101292,0.030541918646614083,106.21766117640904,97.57737062242296,103.90357971191406,108.45274353027344,106.77471160888672,5.092362448828354,2.9584230494444483
2020-09-25,108.90863800048828,109.0638373334494,104.43705897382922,105.17424100477153,149981400,114.2067159016927,0.037515966259026534,0.031167864868069047,106.23844582693917,97.94526943630642,104.97056579589844,103.90357971191406,108.45274353027344,4.626778359620175,3.73439699571675
2020-09-28,111.50818634033203,111.85737749779037,109.39364317586228,111.55668799010066,137672400,114.20841445922852,0.023869074001569013,0.031478613886143994,106.87862941196987,98.3256731669108,108.90863800048828,104.97056579589844,103.90357971191406,2.4637343219280865,-0.04850164976862459
2020-09-29,110.66429901123047,111.84766814275456,110.1599159291002,111.11049343812664,99382200,114.19168243408203,-0.007567940586227007,0.031508509925723446,107.88324628557477,98.70310117933485,111.50818634033203,108.90863800048828,104.97056579589844,1.6877522136543632,-0.44619442689617017
2020-09-30,112.33264923095703,113.73911550361659,110.20841190929694,110.37330565840851,142675200,114.199685160319,0.015075776331057389,0.03159146496189096,108.67723737444196,99.09358003404405,110.66429901123047,111.50818634033203,108.90863800048828,3.5307035943196468,1.9593435725485193
2020-10-01,113.2832260131836,114.18530182393523,112.35205217632898,114.10770215411938,116120400,114.23468526204427,0.00846215938762529,0.03162431298282658,109.36730630057198,99.50042995876736,112.33264923095703,110.66429901123047,111.50818634033203,1.8332496476062516,-0.8244761409357864
2020-10-02,109.62641143798828,111.90585528542881,108.85043700934379,109.50031753591523,144712000,114.06477813720703,-0.032280282826424256,0.031916281595353146,110.18485369001117,99.86293724907769,113.2832260131836,112.33264923095703,110.66429901123047,3.055418276085021,0.12609390207305182
2020-10-05,113.00192260742188,113.14742012517607,110.1405034929378,110.4896945754234,106243800,113.81032104492188,0.03079103954199036,0.030948715295027806,111.33219037737165,100.2625737508138,109.62641143798828,113.2832260131836,112.33264923095703,3.0069166322382728,2.5122280319984753
2020-10-06,109.7622299194336,112.63335124814374,108.87955028037823,112.2259566607193,161498200,113.39978052775065,-0.02866935900943246,0.031217865848431073,111.45413208007812,100.62704730563694,113.00192260742188,109.62641143798828,113.2832260131836,3.753800967765514,-2.4637267412857113
2020-10-07,111.62456512451172,112.08045390652613,110.70308575226879,111.1783781507114,96849000,113.08470077514649,0.016966994989488615,0.03141250686949092,111.47075762067523,101.00169779459635,109.7622299194336,113.00192260742188,109.62641143798828,1.37736815425734,0.446186973800323
2020-10-08,111.51786041259766,112.90492288741173,111.14926572678705,112.75942537460811,83477200,112.71117986043295,-0.0009559249954975702,0.03127182136015532,111.59269496372768,101.37115512424045,111.62456512451172,109.7622299194336,113.00192260742188,1.7556571606246791,-1.2415649620104574
2020-10-09,113.45783233642578,113.48693036528995,111.46938316049868,111.8185743074938,100506900,112.45122731526693,0.01739606477967337,0.03143123481192463,111.75343540736607,101.75738033718532,111.51786041259766,111.62456512451172,109.7622299194336,2.0175472047912706,1.6392580289319767
2020-10-12,120.66474151611328,121.42131989177481,115.69847302415036,116.4550513998119,240226800,112.43805262247722,0.0635205964302008,0.03361326602217235,112.80793762207031,102.23121287027995,113.45783233642578,111.51786041259766,111.62456512451172,5.722846867624455,4.209690116301388
2020-10-13,117.46380615234375,121.62499394990238,116.05734733652297,121.50859444916024,262330500,112.18133290608723,-0.02652751187754454,0.033348305361308374,113.9275654384068,102.64478988647461,120.66474151611328,113.45783233642578,111.51786041259766,5.567646613379409,-4.044788296816492
2020-10-14,117.55109405517578,119.33584179194668,116.02823591444664,117.36679671702483,150712000,111.76133397420247,0.0007431046693551213,0.032425671927294106,114.57744707380023,103.05406536526151,117.46380615234375,120.66474151611328,113.45783233642578,3.3076058775000376,0.18429733815095517
2020-10-15,117.08551025390625,117.56079523723751,114.60238025084043,115.15526489684527,112559200,111.4156992594401,-0.0039606930502151805,0.03225155305239434,115.62362997872489,103.42984686957465,117.55109405517578,117.46380615234375,120.66474151611328,2.958414986397088,1.9302453570609828
2020-10-16,115.4462661743164,117.90030584427576,115.24257258596,117.63840880188037,115393800,111.35556131998698,-0.014000400869715213,0.02883452288059498,116.16958727155414,103.76361236572265,117.08551025390625,117.55109405517578,117.46380615234375,2.6577332583157585,-2.1921426275639675
2020-10-19,112.49755859375,116.8042370043639,112.18716729027952,116.35804996814461,120639300,111.19454574584961,-0.025541818529791538,0.02920471969570368,116.30954415457589,104.11017489963108,115.4462661743164,117.08551025390625,117.55109405517578,4.61706971408438,-3.8604913743946128
2020-10-20,113.98158264160156,115.40744480290577,112.15802781204344,112.71091238476241,124423700,111.34618504842122,0.013191611146075255,0.02647243774043899,116.38436562674386,104.46542697482639,112.49755859375,115.4462661743164,117.08551025390625,3.249416990862329,1.2706702568391535
2020-10-21,113.36080932617188,115.14555707254407,112.95341481857757,113.1668101796244,89946000,111.33163553873698,-0.00544625983464031,0.02549297192501094,115.34094674246651,104.80251244439019,113.98158264160156,112.49755859375,115.4462661743164,2.1921422539664945,0.19399914654746908
2020-10-22,112.27442932128906,114.49566945896562,111.1492565422486,113.92338126264393,101988000,111.40470657348632,-0.00958338257586877,0.024807336859180334,114.599607195173,105.10307930840386,113.36080932617188,113.98158264160156,112.49755859375,3.3464129167170285,-1.6489519413548663
2020-10-23,111.58576202392578,113.05042420827988,110.84858002778377,112.89522488264528,82572600,111.50299784342448,-0.0061337857740747515,0.024703063564522103,113.74741690499442,105.39731199476454,112.27442932128906,113.36080932617188,113.98158264160156,2.20184418049611,-1.309462858719499
2020-10-26,111.59548950195312,113.05045021305911,109.49064071564872,110.58671585421544,111850700,111.49297485351562,8.71749034188074e-05,0.024096168603899914,112.96312822614398,105.69127638075086,111.58576202392578,112.27442932128906,113.36080932617188,3.5598094974103844,1.0087736477376836
2020-10-27,113.09893798828125,113.7585204355671,111.10079442752371,112.02226653167769,92276800,111.52724787394206,0.013472305135610485,0.024217380244380964,112.62779562813895,106.00735168457031,111.59548950195312,111.58576202392578,112.27442932128906,2.6577260080433973,1.0766714566035631
2020-10-28,107.8610610961914,111.96405267029793,107.76406521649079,111.59546536731106,143937800,111.49717839558919,-0.046312343734231765,0.025114938377513465,111.96543884277344,106.24061898125542,113.09893798828125,111.59548950195312,111.58576202392578,4.19998745380714,-3.734404271119658
2020-10-29,111.85735321044922,113.41901126991604,108.83103296967955,108.99593410290058,146129200,111.65819346110025,0.03705036899918768,0.025806611428245196,111.66197749546596,106.49768786960178,107.8610610961914,113.09893798828125,111.59548950195312,4.587978300236486,2.8614191075486417
2020-10-30,105.59134674072266,108.62736202117581,104.4855772187525,107.72528610585144,190272600,111.72350565592448,-0.056017832443591375,0.027236358113387378,110.55205426897321,106.70253584120009,111.85735321044922,107.8610610961914,113.09893798828125,4.141784802423317,-2.133939365128782
2020-11-02,105.50402069091797,107.35667373960923,104.09756199136386,105.8338155489353,122866900,111.68114929199218,-0.000827018998243445,0.026666987425418825,109.58485303606305,106.8935574001736,105.59134674072266,111.85735321044922,107.8610610961914,3.259111748245374,-0.3297948580173369
2020-11-03,107.12388610839844,108.14235394209176,105.46523215040254,106.36730788899447,107624400,111.63685404459635,0.015353589435477488,0.02665968540711571,108.94744219098773,107.13272722032335,105.50402069091797,105.59134674072266,111.85735321044922,2.677121791689217,0.7565782194039627
2020-11-04,111.49846649169922,112.11924902667879,108.97653651830575,110.71279021468385,138235500,111.89001693725587,0.040836647569657325,0.026458962368997932,108.93358176095145,107.398583984375,107.12388610839844,105.50402069091797,105.59134674072266,3.1427125083730374,0.7856762770153694
2020-11-05,115.4559555053711,116.02824377297978,113.3608163942021,114.40838224963099,126387100,112.23952992757161,0.035493663170394374,0.027101039704899552,109.27029854910714,107.70029042561849,111.49846649169922,107.12388610839844,105.50402069091797,2.667427378777674,1.0475732557401045
2020-11-06,115.32482147216797,115.82035626231742,112.83739932034587,114.96530929914522,114457900,112.45340270996094,-0.0011357927153183844,0.026337799699182925,110.3365500313895,108.00239554511177,115.4559555053711,111.49846649169922,107.12388610839844,2.982956941971551,0.3595121730227504
2020-11-09,113.02198791503906,118.53122507296646,112.7596464655049,117.08347300114552,154515300,112.50386276245118,-0.019968238647433467,0.026312761407681053,110.50292641775948,108.27891362508139,115.32482147216797,115.4559555053711,111.49846649169922,5.771578607461564,-4.061485086106458
2020-11-10,112.6819076538086,114.25597110360664,110.89407325748324,112.27381767890381,138023400,112.57111638387045,-0.0030089743376847666,0.026276003335587043,111.51586369105748,108.52545708550348,113.02198791503906,115.32482147216797,115.4559555053711,3.361897846123398,0.40808997490478305
2020-11-11,116.10211181640625,116.23814181960135,113.13859256042241,113.86732789743012,112295000,112.69676513671875,0.030352735712511292,0.026704037159328176,113.02987670898438,108.8131226433648,112.6819076538086,113.02198791503906,115.32482147216797,3.099549259178943,2.2347839189761345
2020-11-12,115.83004760742188,117.1126214574974,115.20819406878398,116.22842646880996,103162300,112.78165918986002,-0.002343318349063206,0.026678985773881354,114.27361406598773,109.07442025078667,116.10211181640625,112.6819076538086,113.02198791503906,1.9044273887134153,-0.3983788613880819
2020-11-13,115.87861633300781,116.27698772427065,114.52802767720522,116.05351307902214,81581900,112.99006601969401,0.000419310244527793,0.02592619129653072,114.89934975760323,109.3318467034234,115.83004760742188,116.10211181640625,112.6819076538086,1.748960047065438,-0.17489674601432625
2020-11-16,116.88914489746094,117.55957633149036,114.80010222486767,115.54826720324448,91183000,113.11964009602865,0.008720578450376992,0.025393844988292582,115.10409109933036,109.59869927300348,115.87861633300781,115.83004760742188,116.10211181640625,2.75947410662269,1.3408776942164593
2020-11-17,116.00495910644531,117.2486663416219,115.58715051215194,116.16042621738232,74271000,113.32773106892904,-0.0075643105421916434,0.024816755656203303,115.20125361851284,109.86048795912001,116.88914489746094,115.87861633300781,115.83004760742188,1.6615158294699626,-0.1554671109370105
2020-11-18,114.6834945678711,116.42274359265693,114.65434634387621,115.24705160870013,76322100,113.42969538370768,-0.011391448682479655,0.02477266912012946,115.43861171177456,110.09059575398763,116.00495910644531,116.88914489746094,115.87861633300781,1.7683972487807154,-0.5635570408290391
2020-11-19,115.27620697021484,115.68429695756758,113.49809106564801,114.25597458875419,74113000,113.55497360229492,0.005168245043256636,0.024779545857405598,115.80922589983258,110.3201082865397,114.6834945678711,116.00495910644531,116.88914489746094,2.1862058919195704,1.0202323814606586
2020-11-20,114.0130615234375,115.40251710432108,113.96448361868471,115.27620565626937,73604300,113.57348124186198,-0.010957555596045165,0.024689010132031147,115.5107901436942,110.54852261013455,115.27620697021484,114.6834945678711,116.00495910644531,1.4380334856363675,-1.2631441328318687
2020-11-23,110.62200927734375,114.28512261237464,110.52484606012634,113.85759556092404,127959300,113.23872350056966,-0.029742664575292177,0.022222858987440714,114.76678466796875,110.74135648939344,114.0130615234375,115.27620697021484,114.6834945678711,3.7602765522482997,-3.2355862835802895
2020-11-24,111.90459442138672,112.56531474410036,109.39774313111327,110.68032441615657,113874200,113.0534164428711,0.011594303452103771,0.021898133030335276,114.19906725202289,110.92660225762262,110.62200927734375,114.0130615234375,115.27620697021484,3.1675716129870892,1.224270005230153
2020-11-25,112.74020385742188,113.43979090606146,111.90458681744444,112.27381743371453,76499200,112.8930534362793,0.007467159327601891,0.021954969301773968,113.60636138916016,111.13573659261068,111.90459442138672,110.62200927734375,114.0130615234375,1.5352040886170215,0.4663864237073483
2020-11-27,113.28435516357422,114.15883921630498,112.92485040689866,113.26492547932713,46691300,112.76634826660157,0.004826595016987012,0.021974890920786506,113.21770368303571,111.3479855855306,112.74020385742188,111.90459442138672,110.62200927734375,1.233988809406327,0.019429684247086243
2020-11-30,115.67459869384766,117.5401594833683,113.49810369299398,113.6535707986605,169410200,112.77395935058594,0.021099502458411967,0.022184797175685025,113.35928998674665,111.63442425198025,113.28435516357422,112.74020385742188,111.90459442138672,4.04205579037432,2.02102789518716
2020-12-01,119.24053192138672,119.96926723797301,116.60736920035771,117.57901628913943,127728200,112.99872512817383,0.03082727986787237,0.022306944376388214,113.92562212262835,111.96295861138238,115.67459869384766,113.28435516357422,112.74020385742188,3.3618980376153047,1.661515632247287
2020-12-02,119.59031677246094,119.87209529729249,117.46240743053765,118.56036589233359,89004200,113.18568293253581,0.002933439204253263,0.022210812301818542,114.72237287248883,112.2717653910319,119.24053192138672,115.67459869384766,113.28435516357422,2.4096878667548367,1.0299508801273447
2020-12-03,119.45428466796875,120.27046459048226,118.74497909552679,120.01783429457547,78967600,113.38879877726237,-0.0011374842726691314,0.022175959481947376,115.98412649972099,112.59581654866537,119.59031677246094,119.24053192138672,115.67459869384766,1.5254854949554755,-0.563549626606715
2020-12-04,118.78385925292969,119.3765645833526,118.07455360054387,119.12393425897255,78260400,113.60577977498373,-0.005612401571886361,0.02211629294203295,116.96687861851284,112.8931886461046,119.45428466796875,119.59031677246094,119.24053192138672,1.3020109828087385,-0.34007500604286633
2020-12-07,120.24134826660156,121.03809872222877,118.78387737852155,118.84217384185906,86712000,113.89429931640625,0.01227009311566829,0.02213473864410411,118.03847067696708,113.19438298543294,118.78385925292969,119.45428466796875,119.59031677246094,2.254221343707215,1.3991744247424975
2020-12-08,120.85345458984375,121.43644873670094,119.60002903502645,120.84374345698704,82225500,114.20289815266928,0.005090647535696435,0.022132974892498845,119.11977059500558,113.394044664171,120.24134826660156,118.78385925292969,119.45428466796875,1.8364197016744868,0.009711132856708105
2020-12-09,118.32720184326172,122.37896912827428,117.56931816843408,120.99923180163522,115089200,114.37717361450196,-0.020903438425949106,0.02245419145897442,119.49871390206474,113.53683200412327,120.85345458984375,120.24134826660156,118.78385925292969,4.809650959840198,-2.6720299583735
2020-12-10,119.74578857421875,120.35793100204793,116.74340254220034,117.08347755039478,81312200,114.77333119710286,0.011988678079585702,0.020596916338201498,119.57089342389789,113.68755493164062,118.32720184326172,120.85345458984375,120.24134826660156,3.614528459847591,2.6623110238239747
2020-12-11,118.93932342529297,119.27939842297663,117.13205925122674,118.95875310526962,86939800,115.00939687093098,-0.006734810121743262,0.01968295773995768,119.47789437430245,113.82504119873047,119.74578857421875,118.32720184326172,120.85345458984375,2.1473391717498913,-0.019429679976653347
2020-12-14,118.32720184326172,119.85268774115538,118.09400857710251,119.1239522979626,79184500,115.43392537434896,-0.005146502976500655,0.0164104854631487,119.31688254220145,113.91441497802734,118.93932342529297,119.74578857421875,118.32720184326172,1.7586791640528645,-0.7967504547008843
2020-12-15,124.25423431396484,124.27367140820184,120.61055751786674,120.81460252887871,157243700,116.05893249511719,0.050090193787850845,0.0184122334904916,120.0983646937779,114.09750408596463,118.32720184326172,118.93932342529297,119.74578857421875,3.6631138903350973,3.439631785086135
2020-12-16,124.18621826171875,124.73033828648967,122.97165933994127,123.79756533721344,98208600,116.62767690022787,-0.0005473942407003829,0.01835142458951064,120.66191755022321,114.26243192884657,124.25423431396484,118.32720184326172,118.93932342529297,1.7586789465484003,0.3886529245053083
2020-12-17,125.05097961425781,125.90603381216341,124.40968896582861,125.24530607028412,94359800,117.07942733764648,0.006963424481745584,0.017074433544901194,121.26156398228237,114.47309994167752,124.18621826171875,124.25423431396484,118.32720184326172,1.4963448463348072,-0.19432645602630316
2020-12-18,123.0688247680664,125.43964605507787,122.5441344465272,125.30361605465058,192541500,117.333189646403,-0.0158507742386802,0.016364214813178363,121.93893868582589,114.62256774902343,125.05097961425781,124.18621826171875,124.25423431396484,2.8955116085506774,-2.2347912865841693
2020-12-21,124.59429168701172,124.67202522679207,119.94982017477122,121.47530568083864,121251600,117.6421719868978,0.012395234307471359,0.016453651283551404,122.63158198765346,114.76743019951715,123.0688247680664,125.05097961425781,124.18621826171875,4.722205052020854,3.118986006173074
2020-12-22,128.1408233642578,130.59908932336018,125.97403967211778,127.87847449783371,168904800,118.14613316853841,0.028464640147039644,0.016527688599107172,123.94608197893415,114.95280346340603,124.59429168701172,123.0688247680664,125.05097961425781,4.625049651242392,0.26234886642410515
2020-12-23,127.24689483642578,128.67520225485305,127.07199067068275,128.41286824547294,88223700,118.63163274129232,-0.00697614159455584,0.016604080512778067,125.22032383510044,115.13147718641493,128.1408233642578,124.59429168701172,123.0688247680664,1.603211584170296,-1.1659734090471545
2020-12-24,128.22825622558594,129.67601559807733,127.38292807699283,127.59669160383469,54930100,119.03583755493165,0.0077122619803153825,0.015872440594003175,125.78804125104632,115.31076261732314,127.24689483642578,128.1408233642578,124.59429168701172,2.2930875210845016,0.6315646217512523
2020-12-28,132.81442260742188,133.44598718799116,129.7245776284665,130.19097883452193,124486200,119.60198338826497,0.03576564570735252,0.016886418056573742,127.02064187186105,115.53944261338975,128.22825622558594,127.24689483642578,128.1408233642578,3.721409559524659,2.6234437728999467
2020-12-29,131.0460662841797,134.85492191166836,130.5310944025397,134.1359124001807,121047300,120.10756505330404,-0.01331449016248154,0.01719011878651733,127.87708282470703,115.72080307006836,132.81442260742188,128.22825622558594,127.24689483642578,4.323827509128648,-3.089846116001013
2020-12-30,129.9286651611328,132.13430846309575,129.61773093964035,131.73592955161843,96452100,120.54221572875977,-0.008526781113930904,0.017323342796925205,128.8570600237165,115.8240589565701,131.0460662841797,132.81442260742188,128.22825622558594,2.516577523455396,-1.8072643904856136
2020-12-31,128.9278564453125,130.91973597132423,127.98535756948488,130.27844532518537,99116600,120.97297897338868,-0.007702755312533616,0.01732645829091216,129.47614070347376,115.90016352335611,129.9286651611328,131.0460662841797,132.81442260742188,2.9343784018393535,-1.3505888798728733
2021-01-04,125.74085998535156,129.82177500940742,123.16599358092327,129.73433032505793,143301900,121.34155782063802,-0.024719223198384377,0.017887743450371425,129.13328879220145,115.95198465983073,128.9278564453125,129.9286651611328,131.0460662841797,6.655781428484147,-3.993470339706363
2021-01-05,127.29545593261719,128.00476884946957,124.78860513373438,125.23556923440636,97664900,121.7421994527181,0.012363490654085929,0.017962761235274887,129.14022609165735,116.00278430514865,125.74085998535156,128.9278564453125,129.9286651611328,3.216163715735192,2.059886698210832
2021-01-06,123.01050567626953,127.33433916722099,122.79674215546176,124.09875295807365,155088000,122.0421142578125,-0.033661454958893944,0.01903752186622621,128.39483315604073,116.02227427164713,127.29545593261719,125.74085998535156,128.9278564453125,4.537597011759232,-1.0882472818041151
2021-01-07,127.20803833007812,127.89791430422592,124.23480053472447,124.72062409151188,109578200,122.59498189290365,0.034123367193167775,0.018853475686150926,127.5939211164202,116.09058600531684,123.01050567626953,127.29545593261719,125.74085998535156,3.66311376950145,2.487414238566245
2021-01-08,128.30601501464844,128.8695721666665,126.53761000388556,128.67523086681507,105158200,123.14169591267904,0.008631346721355015,0.01882460099779648,127.20248522077289,116.12548175387913,127.20803833007812,123.01050567626953,127.29545593261719,2.3319621627809397,-0.3692158521666329
2021-01-11,125.32301330566406,126.4792754915705,124.85662694388971,125.5270656786526,100384500,123.56112289428711,-0.023249118201074337,0.019494529622162145,126.54453495570591,116.07183676825629,128.30601501464844,127.20803833007812,123.01050567626953,1.6226485476807966,-0.20405237298854217
2021-01-12,125.14815521240234,126.01292057820679,123.26315737935117,124.85665810373773,91951100,123.9565828959147,-0.001395259247678915,0.019515385632784973,126.00457763671875,116.04621014065212,125.32301330566406,128.30601501464844,127.20803833007812,2.749763198855618,0.29149710866461476
2021-01-13,127.17889404296875,127.72301407124303,124.84694682860504,125.10928088256377,88636800,124.34005940755209,0.016226678108996584,0.01938375674765242,126.2100110735212,116.15652669270834,125.14815521240234,125.32301330566406,128.30601501464844,2.876067242637987,2.069613160404984
2021-01-14,125.25503540039062,127.28577434890036,125.1092794348303,127.09144788764522,90221800,124.54054285685221,-0.015127184876510436,0.018948004384329465,125.91852242606026,116.24460457695855,127.17889404296875,125.14815521240234,125.32301330566406,2.1764949140700622,-1.8364124872545915
2021-01-15,123.53520202636719,126.52787663913662,123.39917203606663,125.1287025525268,111598500,124.67203903198242,-0.013730652572376156,0.01915715331239341,125.99347904750279,116.40130233764648,125.25503540039062,127.17889404296875,125.14815521240234,3.128704603069991,-1.593500526159616
2021-01-19,124.20565032958984,125.0607045202907,123.34088500532488,124.15706500945309,90757300,124.83041788736979,0.005427184253760764,0.019166333738744504,125.56456647600446,116.51695073445639,123.53520202636719,125.25503540039062,127.17889404296875,1.7198195149658204,0.048585320136751875
2021-01-20,128.2865447998047,128.7335089174472,124.90521758681017,125.01209934367105,104319500,125.14717407226563,0.03285594865761632,0.01994660306711506,125.56178501674107,116.71922014024523,124.20565032958984,123.53520202636719,125.25503540039062,3.828291330637043,3.274445456133634
2021-01-21,132.9893341064453,135.7099489572785,129.80233279797613,130.00638521290585,120150900,125.57210693359374,0.03665847664678701,0.020825223870277087,126.65697370256696,116.98980136447483,128.2865447998047,124.20565032958984,123.53520202636719,5.907616159302364,2.982948893539458
2021-01-22,135.126953125,135.88483658611096,131.19177987621222,132.41604973812463,114459400,126.04789021809896,0.01607361246612249,0.02094900497492254,128.08251626150948,117.24792107476128,132.9893341064453,128.2865447998047,124.20565032958984,4.693056709898741,2.7109033868753727
2021-01-25,138.86778259277344,140.97625472972098,132.66867020571667,139.01353853335786,157611700,126.73257624308268,0.027683814229963133,0.02084010837704269,129.75235748291016,117.5456659105089,135.126953125,132.9893341064453,128.2865447998047,8.307584524004312,-0.1457559405844222
2021-01-26,139.1009979248047,140.20867499016745,137.36174136904043,139.52852500725305,98390600,127.37774988810222,0.0016794056020550396,0.02081539679495319,131.730352129255,117.88275316026476,138.86778259277344,135.126953125,132.9893341064453,2.8469336211270218,-0.4275270824483641
2021-01-27,138.0321502685547,140.208644567784,136.42893888339475,139.36330171958025,140843800,128.01417744954426,-0.0076839682834468626,0.020834897640931802,133.80134473528182,118.22725592719183,139.1009979248047,138.86778259277344,135.126953125,3.7797056843892562,-1.331151451025562
2021-01-28,133.2030792236328,137.96415826033868,132.8241374993332,135.564189064389,142621100,128.51004002888996,-0.03498511785498126,0.022023328475354438,135.0866917201451,118.55582368638781,138.0321502685547,139.1009979248047,138.86778259277344,5.140020761005474,-2.3611098407561997
2021-01-29,128.21853637695312,132.86300755142042,126.51815423658083,131.97880528014946,177523800,128.64218343098958,-0.03742062777926636,0.02152368678186239,135.0769762311663,118.79408840603298,133.2030792236328,138.0321502685547,139.1009979248047,6.344853314839597,-3.7602689031963337
2021-02-01,130.33677673339844,131.54162480143253,127.21778217337383,129.957834854719,106239800,128.84720204671223,0.01652054699967742,0.021698825047269034,134.69803946358817,119.03724433051215,128.21853637695312,133.2030792236328,138.0321502685547,4.323842628058699,0.3789418786794272
2021-02-02,131.1626434326172,132.4452098565485,130.79341280132044,131.8816527763116,83305400,129.0509241739909,0.006336405732267236,0.021694021414966062,134.1317095075335,119.34012281629774,130.33677673339844,128.21853637695312,133.2030792236328,1.6517970552280588,-0.7190093436944096
2021-02-03,130.14239501953125,131.92051071941538,129.82174974648763,131.91078476116337,89880900,129.2867098490397,-0.007778498407666423,0.021516635874913873,132.8852255684989,119.61980980767144,131.1626434326172,130.33677673339844,128.21853637695312,2.0987609729277494,-1.7683897416321201
2021-02-04,133.49459838867188,133.5043095225396,130.7739834636992,132.43550657690793,84183100,129.58338673909506,0.025757965869903865,0.02187272986084059,132.08431134905135,119.89298714531793,130.14239501953125,131.1626434326172,130.33677673339844,2.730326058840376,1.059091811763949
2021-02-05,133.0810089111328,133.72325779067754,132.20522578325316,133.65514858435046,75693800,129.74805959065756,-0.003098173877679189,0.021334905203503722,131.37700544084822,120.13268517388238,133.49459838867188,130.14239501953125,131.1626434326172,1.518032007424381,-0.574139673217644
2021-02-08,133.2269744873047,133.2756324021585,131.29050232328603,132.3706427004726,71297200,129.9473955790202,0.0010968174750565218,0.021275378485638895,131.3804190499442,120.38338156806098,133.0810089111328,133.49459838867188,130.14239501953125,1.9851300788724586,0.8563317868321008
2021-02-09,132.3511962890625,134.17090160726997,132.19551172596402,132.94478730279516,76774200,130.0848269144694,-0.006573580174828897,0.02129720676517178,131.9707990373884,120.6058098687066,133.2269744873047,133.0810089111328,133.49459838867188,1.9753898813059436,-0.593591013732663
2021-02-10,131.7478790283203,133.3048434386966,130.78450562896475,132.80855342312873,73046600,130.04927546183268,-0.004558457178010733,0.02029416379559245,132.1723850795201,120.8109726799859,132.3511962890625,133.2269744873047,133.0810089111328,2.520337809731842,-1.0606743948084159
2021-02-11,131.49488830566406,132.72098784651604,130.17147291387968,132.24416393424985,64280000,130.06423619588216,-0.0019202641023303713,0.02014380319181194,132.2198486328125,121.0539557562934,131.7478790283203,132.3511962890625,133.2269744873047,2.549514932636356,-0.7492756285857922
2021-02-12,131.7284393310547,131.88413877300763,130.09363973549668,130.73588879731562,60145100,130.12422866821288,0.0017761224668120246,0.020075659634024863,132.44642639160156,121.26202816433377,131.49488830566406,131.7478790283203,132.3511962890625,1.7904990375109548,0.9925505337390632
2021-02-16,129.60702514648438,132.3511559058319,129.21777673672364,131.84515524560578,80576300,130.14686762491863,-0.01610445090933521,0.020254059774613205,131.89105878557478,121.48252588907877,131.7284393310547,131.49488830566406,131.7478790283203,3.1333791691082524,-2.238130099121406
2021-02-17,127.32026672363281,128.66314806479286,125.98712587517291,127.7192408682256,97918500,130.19951451619465,-0.01764378451142612,0.01999128272756949,131.06809561593192,121.65692257351346,129.60702514648438,131.7284393310547,131.49488830566406,2.6760221896199567,-0.3989741445927848
2021-02-18,126.220703125,126.50289535830979,123.9825720066899,125.72441303259558,96856700,130.16368942260743,-0.008636202443869978,0.019933087326878613,130.06719970703125,121.82028749254015,127.32026672363281,129.60702514648438,131.7284393310547,2.5203233516198793,0.496290092404422
2021-02-19,126.37638092041016,127.19379548505816,125.3351725587671,126.7364377000899,87668800,130.27588526407877,0.0012333776595745416,0.018897797727560228,129.21365465436662,121.96382692125108,126.220703125,127.32026672363281,129.60702514648438,1.858622926291062,-0.3600567796797378
2021-02-22,122.61048126220703,126.23041094448011,122.22124015432108,124.56640502266376,103916400,130.1226333618164,-0.029799078204137075,0.018644746882871748,127.90831211635044,121.98544625176324,126.37638092041016,126.220703125,127.32026672363281,4.0091707901590325,-1.9559237604567272
2021-02-23,122.4742431640625,123.30137584564321,115.20519230196524,120.43073670834654,158273000,129.92824096679686,-0.0011111456112237184,0.018554785751532035,126.61964852469308,122.04111777411566,122.61048126220703,126.37638092041016,126.220703125,8.096183543677967,2.0435064557159563
2021-02-24,121.97794342041016,122.18229329480948,118.94187965887112,121.57897673919867,111039900,129.8167386372884,-0.004052278510409013,0.018100138224097062,125.22672053745815,122.09030498928495,122.4742431640625,122.61048126220703,126.37638092041016,3.240413635938367,0.3989666812114905
2021-02-25,117.7352523803711,123.05810538980377,117.29736077604736,121.32599026278942,148199500,129.56964187622071,-0.03478244444092793,0.01913827305280315,123.53075299944196,122.09752434624566,121.97794342041016,122.4742431640625,122.61048126220703,5.760744613756415,-3.590737882418324
2021-02-26,117.99800872802734,121.49143122307309,117.93961772875939,119.29222499597206,164560400,129.26361236572265,0.002231755929883672,0.01885071085318235,122.19900185721261,122.1258770412869,117.7352523803711,121.97794342041016,122.4742431640625,3.5518134943137056,-1.2942162679447193
2021-03-01,124.35232543945312,124.48855870917815,119.48683030882653,120.42100448300808,116307900,129.2335220336914,0.053851050368754816,0.02128463521268098,121.93209075927734,122.25759667290582,117.99800872802734,117.7352523803711,121.97794342041016,5.001728400351624,3.931320956445049
2021-03-02,121.754150390625,125.25730532990295,121.64710890595583,124.95564701355688,102260900,129.17415364583334,-0.020893658720465003,0.021482957620603624,121.27177211216518,122.34395853678386,124.35232543945312,117.99800872802734,117.7352523803711,3.610196423947116,-3.2014966229318844
2021-03-03,118.77645874023438,122.32827149061751,118.56237577745944,121.45248092660913,112966300,128.99318059285483,-0.02445659257476862,0.02189886752311883,120.72405460902623,122.40413241916232,121.754150390625,124.35232543945312,117.99800872802734,3.7658957131580735,-2.6760221863747518
2021-03-04,116.89838409423828,120.27503892466773,115.42900990064756,118.47480719948628,178155000,128.61357523600262,-0.015811842396341036,0.021071587991971327,119.92750331333706,122.45550969441732,118.77645874023438,121.754150390625,124.35232543945312,4.846029024020169,-1.5764231052479971
2021-03-05,118.15369415283203,118.65970985611862,114.40726400079701,117.72553558561702,153766600,128.1190539042155,0.010738472292155743,0.019892903665914143,119.38118198939732,122.52848671807183,116.89838409423828,118.77645874023438,121.754150390625,4.252445855321611,0.4281585672150072
2021-03-08,113.22981262207031,117.74499188213018,113.08384627126932,117.67687524164398,154376600,127.3891492207845,-0.04167353010895003,0.0206871715722735,118.73754773821149,122.54664586385091,118.15369415283203,116.89838409423828,118.77645874023438,4.661145610860856,-4.447062619573671
2021-03-09,117.83255767822266,118.77646492277744,115.5944343694315,115.82797605727136,129525800,126.68797505696615,0.04064958644341332,0.02152642111026929,118.71391187395368,122.5992416381836,113.22981262207031,118.15369415283203,116.89838409423828,3.182030553345939,2.004581620951299
2021-03-10,116.75243377685547,118.88351576641335,116.23668501538924,118.41643235397203,111943300,125.94302291870117,-0.009166599814601217,0.021497313127625935,117.62821306501117,122.69803466796876,117.83255767822266,113.22981262207031,118.15369415283203,2.646830751024112,-1.6639985771165584
2021-03-11,118.67915344238281,119.89552719538874,117.99798711036199,119.24355264557505,103026500,125.29792302449545,0.01650260815298976,0.021866771320639057,117.18892778669085,122.77383244832357,116.75243377685547,117.83255767822266,113.22981262207031,1.8975400850267476,-0.564399203192238
2021-03-12,117.77417755126953,117.91041082516712,115.9544870681418,117.16112781873039,88105100,124.78362630208333,-0.007625398942137207,0.021121967743674985,117.04574475969586,122.90919723510743,118.67915344238281,116.75243377685547,117.83255767822266,1.9559237570253174,0.6130497325391389
2021-03-15,120.65455627441406,120.66428934425417,117.18059275719496,118.14396621912681,92403800,124.5314936319987,0.02445679335685136,0.020751742907464173,117.58234078543526,123.0775365193685,117.77417755126953,118.67915344238281,116.75243377685547,3.483696587059214,2.5105900552872527
2021-03-16,122.19205474853516,123.79766976227535,121.36492199120141,122.31855495993447,115227900,124.26000289916992,0.012742978977306363,0.020647831733213225,118.15924944196429,123.24496061537,120.65455627441406,117.77417755126953,118.67915344238281,2.4327477710739345,-0.12650021139931766
2021-03-17,121.4038314819336,122.47423888090718,119.04892629520441,120.71293209328559,111932600,123.93470916748046,-0.006450691644589224,0.020602943634220612,119.32696642194476,123.35502022637262,122.19205474853516,120.65455627441406,117.77417755126953,3.4253125857027698,0.6908993886480062
2021-03-18,117.2876205444336,119.86633436304555,117.08327064661763,119.57440169521924,121229700,123.50621668497722,-0.03390511557382392,0.021377088217322,119.24911825997489,123.37537206013998,121.4038314819336,122.19205474853516,120.65455627441406,2.783063716427918,-2.286781150785643
2021-03-19,116.76214599609375,118.16341092060107,116.4604876842397,116.67457065039011,185549500,122.94846827189127,-0.004480221748046853,0.020663597049229685,119.25050571986607,123.39134233262804,117.2876205444336,121.4038314819336,122.19205474853516,1.7029232363613716,0.087575345703641
2021-03-22,120.07069396972656,120.5377847911862,117.024896545298,117.0930131834112,111912300,122.51479110717773,0.028335792781193803,0.021503839440724735,119.44929722377232,123.46966128879123,116.76214599609375,117.2876205444336,121.4038314819336,3.512888245888192,2.9776807863153607
2021-03-23,119.24356842041016,120.89783397367995,118.85432728312398,120.01231762490714,95467100,122.04867757161459,-0.0068886546914183056,0.021498227825682937,119.65921020507812,123.54256863064236,120.07069396972656,116.76214599609375,117.2876205444336,2.0435066905559722,-0.7687492044969844
2021-03-24,116.85944366455078,119.5938566296314,116.8399849531247,119.51600693561616,88530500,121.5322858174642,-0.01999373876043198,0.0217037373300845,119.11705126081195,123.55098342895508,119.24356842041016,120.07069396972656,116.76214599609375,2.753871676506705,-2.65656327106538
2021-03-25,117.34600830078125,118.38723138862223,115.79878440882977,116.32425877519718,98844700,121.05222345987956,0.004163674076929302,0.021753177277204445,118.42475891113281,123.56782743665907,116.85944366455078,119.24356842041016,120.07069396972656,2.588446979792451,1.0217495255840703
2021-03-26,117.94932556152344,118.2120664416162,115.72092802368101,117.1124598512715,94071200,120.60070470174153,0.0051413530760737736,0.021810377428025416,117.93125806535993,123.59083531697591,117.34600830078125,116.85944366455078,119.24356842041016,2.49113841793519,0.8368657102519421
2021-03-29,118.12448120117188,119.28247132989765,117.48223975334861,118.37748900748083,80819200,120.14723943074544,0.001485007555698692,0.021808065045344775,118.05080958775112,123.60456127590604,117.94932556152344,117.34600830078125,116.85944366455078,1.800231576549038,-0.2530078063089576
2021-03-30,116.67457580566406,117.16112532326552,115.66255191815422,116.8789257121579,85671900,119.71615778605143,-0.012274385299001267,0.021742226063307744,118.03829956054688,123.6120014614529,118.12448120117188,117.94932556152344,117.34600830078125,1.4985734051113013,-0.20434990649383167
2021-03-31,118.86404418945312,120.19718506636265,117.89094519064328,118.3774946900482,118323800,119.43428370157878,0.01876559969188052,0.0219276338329649,117.86592102050781,123.65845201280382,116.67457580566406,118.12448120117188,117.94932556152344,2.3062398757193705,0.48654949940493
2021-04-01,119.69117736816406,120.83943448866229,119.19489479787379,120.33342627373456,75089100,119.21663284301758,0.006958649138612438,0.02195111755103171,117.92986515590123,123.7075072394477,118.86404418945312,116.67457580566406,118.12448120117188,1.6445396907885055,-0.6422489055704972
2021-04-05,122.51317596435547,122.76618380455446,119.75930377924526,120.53778601486208,88651200,119.08785934448242,0.023577331748614094,0.02242236125596453,118.73754119873047,123.80195295545789,119.69117736816406,118.86404418945312,116.67457580566406,3.0068800253092007,1.9753899494933904
2021-04-06,122.81483459472656,123.71008397089403,122.26990148299974,123.09703422020135,80171300,119.09467112223307,0.002462254594223001,0.021746662740965858,119.51880209786552,123.9374287923177,122.51317596435547,119.69117736816406,118.86404418945312,1.4401824878942904,-0.2821996254747887
2021-04-07,124.4593734741211,124.47883218903853,121.77361794195266,122.44505868103397,83466700,119.16084213256836,0.01339039282038934,0.02187538907239906,120.44880894252232,124.07692633734808,122.81483459472656,122.51317596435547,119.69117736816406,2.7052142470858627,2.0143147930871237
2021-04-08,126.85321807861328,126.88240986807646,125.06271903272915,125.48114458057893,88844600,119.3233512878418,0.01923394387799915,0.02211037578008041,121.69577135358539,124.23373760647245,124.4593734741211,122.81483459472656,122.51317596435547,1.8196908353473162,1.3720734980343536
2021-04-09,129.42214965820312,129.46106707973098,125.98711183634272,126.30823624511144,106686700,119.7129145304362,0.020251213319616657,0.02125925032025959,123.51685333251953,124.41304643419053,126.85321807861328,124.4593734741211,122.81483459472656,3.473955243388261,3.11391341309168
2021-04-12,127.70950317382812,129.27619297458608,127.1159122592972,128.95506856033387,91420000,120.0366310119629,-0.013233024554900386,0.021474390223315324,124.78049033028739,124.54676759507922,129.42214965820312,126.85321807861328,124.4593734741211,2.160280715288877,-1.2455653865057457
2021-04-13,130.8136749267578,131.0374983592836,128.3809277339075,128.8772176641677,91266500,120.25200932820638,0.024306505591087824,0.019655838727784165,126.36941855294364,124.67535807291667,127.70950317382812,129.42214965820312,126.85321807861328,2.656570625376105,1.9364572625901246
2021-04-14,128.47824096679688,131.36834576141277,128.11819914098413,131.3099622056929,87222800,120.47614568074545,-0.01785313317792303,0.0195418871485394,127.22157069614956,124.77411278618706,130.8136749267578,127.70950317382812,129.42214965820312,3.2501466204286373,-2.831721238896023
2021-04-15,130.88185119628906,131.36840082898902,130.04498523411246,130.220150823009,89347100,120.87965876261393,0.01870830586879979,0.019112784304372285,128.3740016392299,124.90108574761285,128.47824096679688,130.8136749267578,127.70950317382812,1.3234155948765647,0.6617003732800697
2021-04-16,130.55099487304688,131.0472701296793,129.69466280828593,130.6872281698665,84922400,121.33474578857422,-0.0025279006998913944,0.018803305742391193,129.24423326764787,125.03183169894749,130.88185119628906,128.47824096679688,130.8136749267578,1.3526073213933785,-0.1362332968196256
2021-04-19,131.212646484375,131.82570351653897,129.75299819698287,129.91842322109008,94264200,121.77004419962564,0.005068146833898446,0.018760228155438062,129.86700875418526,125.1537350124783,130.55099487304688,130.88185119628906,128.47824096679688,2.0727053195560927,1.2942232632849198
2021-04-20,129.5292205810547,131.88411859918818,128.2641887932471,131.38784340823202,94812300,122.31335779825847,-0.012829753445456005,0.017014050310937053,129.88230460030692,125.25013241238064,131.212646484375,130.55099487304688,130.88185119628906,3.619929805941098,-1.858622827177328
2021-04-21,129.90872192382812,130.15199668398512,127.76790700410929,128.7993896114448,68847100,122.71589660644531,0.0029298512032345236,0.015595195025820525,130.19647870744978,125.37881596883138,129.5292205810547,131.212646484375,130.55099487304688,2.384089679875828,1.1093323123833159
2021-04-22,128.39065551757812,130.54119550814494,127.8749143516064,129.46105526749852,84566500,123.10383733113606,-0.011685638837553358,0.01567164475035353,129.85033307756697,125.47487004597981,129.90872192382812,129.5292205810547,131.212646484375,2.666281156538531,-1.0703997499203979
2021-04-23,130.70664978027344,131.4851170121257,128.60475261832673,128.60475261832673,78657500,123.50475387573242,0.018038651281581997,0.015718735500000365,130.1686771937779,125.6056181165907,128.39065551757812,129.90872192382812,129.5292205810547,2.8803643937989705,2.1018971619467095
2021-04-26,131.09593200683594,131.42678218788413,129.96713331445437,131.20297351815344,66905100,123.94881235758463,0.0029782893771426178,0.015582234600127256,130.19926016671317,125.74749289618597,130.70664978027344,128.39065551757812,129.90872192382812,1.4596488734297566,-0.1070415113175045
2021-04-27,130.7747802734375,131.76734545845767,130.5023137282654,131.37809693084532,66015800,124.28615315755208,-0.0024497459874017746,0.015113352300287451,130.2312295096261,125.81994340684679,131.09593200683594,130.70664978027344,128.39065551757812,1.2650317301922769,-0.6033166574078166
2021-04-28,129.986572265625,131.3878372667235,129.50002274292763,130.69693041123548,107760100,124.54597040812175,-0.006027217221580727,0.01507596787628263,130.0560760498047,125.88439178466797,130.7747802734375,131.09593200683594,130.70664978027344,1.8878145237958677,-0.7103581456104848
2021-04-29,129.8892364501953,133.38267277073504,128.88694577541443,132.79880749394718,151101000,124.82881724039713,-0.0007488143870029162,0.014999244188633775,130.10750688825334,125.93815019395616,129.986572265625,130.7747802734375,131.09593200683594,4.495726995320609,-2.9095710437518676
2021-04-30,127.9236068725586,129.96710595621136,127.54409883928643,128.23499084555246,109839500,125.1833501180013,-0.015133121352903012,0.013775696643826732,129.82391902378626,125.9920922173394,129.8892364501953,129.986572265625,130.7747802734375,2.4230071169249214,-0.3113839729938661
2021-05-03,128.97454833984375,130.46340362512916,128.28365629304724,128.48799878924353,75135100,125.5904301961263,0.008215383328990633,0.013733269754969532,129.90733228410994,126.04076173570421,127.9236068725586,129.8892364501953,129.986572265625,2.1797473320819165,0.4865495506002162
2021-05-04,124.41072845458984,127.9528162936493,123.2916629147694,127.66088357051092,137564700,125.73509801228842,-0.03538543025735896,0.014643109577200048,129.00791495186942,125.9993162367079,128.97454833984375,127.9236068725586,129.8892364501953,4.661153378879902,-3.250155115921075
2021-05-05,124.65399169921875,126.94076551104096,124.5274840738415,125.72439172337612,84000900,125.91544545491537,0.001955323689931676,0.01456161364902555,128.08763776506697,125.97050620185004,124.41072845458984,128.97454833984375,127.9236068725586,2.4132814371994584,-1.0704000241573652
2021-05-06,126.24986267089844,126.25958831497178,123.71006640231249,124.44962368045476,78128300,126.22845942179362,0.012802405682526441,0.014109972148377722,127.44122096470424,125.9485240512424,124.65399169921875,124.41072845458984,128.97454833984375,2.549521912659287,1.800238990443674
2021-05-07,126.92243957519531,127.9459170756659,126.21086004578889,127.54628013792039,78973300,126.54767379760742,0.005327347611063349,0.014115800781645954,127.00348772321429,125.88305757310656,126.24986267089844,124.65399169921875,124.41072845458984,1.7350570298770123,-0.6238405627250785
2021-05-10,123.64726257324219,126.26933982071908,123.60827160938823,126.14263220253412,88071200,126.73760503133138,-0.025804554442185434,0.015033262796493167,126.11177716936383,125.80084864298503,126.92243957519531,126.24986267089844,124.65399169921875,2.661068211330857,-2.495369629291929
2021-05-11,122.73101806640625,123.08192191649415,119.67029018955704,120.38186236478138,126142800,126.89115626017252,-0.0074101479302317586,0.0151247529983628,125.36997876848493,125.72087478637695,123.64726257324219,126.92243957519531,126.24986267089844,3.4116317269371166,2.3491557016248663
2021-05-12,119.67029571533203,121.49308457084182,119.16342796467423,120.28439421406758,112172300,126.99101359049479,-0.024938458095557836,0.015685523767367114,124.04079982212612,125.61801300048828,122.73101806640625,123.64726257324219,126.92243957519531,2.329656606167589,-0.6140984987355438
2021-05-13,121.81474304199219,122.96495055227784,121.12267010296466,121.43459040557941,105861300,127.08937021891276,0.017919629209919297,0.015653145384404973,123.6699447631836,125.5743894788954,119.67029571533203,122.73101806640625,123.64726257324219,1.8422804493131792,0.38015263641277386
2021-05-14,124.23213195800781,124.66102519199373,122.67253033910511,123.06243260302256,81918000,127.24073537190755,0.019844797564300576,0.015997121236133928,123.60967908586774,125.54035254584419,121.81474304199219,119.67029571533203,122.73101806640625,1.9884948528886213,1.169699354985255
2021-05-17,123.0819091796875,123.72524895126948,122.00968366381709,123.61802565600583,74244600,127.25969314575195,-0.009258657645101809,0.015541862232834207,123.15711430140904,125.54114591810438,124.23213195800781,121.81474304199219,119.67029571533203,1.7155652874523923,-0.5361164763183268
2021-05-18,121.69776916503906,123.78373756646234,121.62953683178752,123.36459396598383,63342900,127.22245763142904,-0.011245682032992588,0.0156761615038346,122.41073281424386,125.4799207051595,123.0819091796875,124.23213195800781,121.81474304199219,2.1542007346748164,-1.6668248009447666
2021-05-19,121.54181671142578,121.76600548369002,119.75801895076617,120.050447495282,92612000,127.1252057393392,-0.0012814733966223235,0.01546547189107385,122.10995483398438,125.40476294623481,121.69776916503906,123.0819091796875,124.23213195800781,2.0079865329238515,1.4913692161437808
2021-05-20,124.09564971923828,124.49530152830624,121.94144912599474,122.06817161997536,76857100,127.0332867940267,0.02101197001091415,0.015547585494247305,122.30490221296039,125.3911255730523,121.54181671142578,121.69776916503906,123.0819091796875,2.553852402311506,2.0274780992629218
2021-05-21,122.26313781738281,124.76825004025154,122.04869119774337,124.59279439116175,79295400,126.79465306599936,-0.014766931040704923,0.01523843385360775,122.67530822753906,125.35906982421875,124.09564971923828,121.54181671142578,121.69776916503906,2.719558842508178,-2.3296565737789336
2021-05-24,123.89096069335938,124.70975612799803,122.76025239580743,122.82848472896345,63092900,126.6673683166504,0.013314093724700049,0.015321141242259341,122.97191074916294,125.32253723144531,122.26313781738281,124.09564971923828,121.54181671142578,1.9495037321906068,1.0624759643959294
2021-05-25,123.69600677490234,125.08016000374234,123.13064893754277,124.59277665961783,72009500,126.43011271158854,-0.0015735927574213049,0.014562909033477272,122.89532143729073,125.3052146911621,123.89096069335938,122.26313781738281,124.09564971923828,1.9495110661995625,-0.8967698847154821
2021-05-26,123.64726257324219,124.17362943012175,123.22811900776954,123.7544858646491,56575900,126.26908009847006,-0.00039406447250034393,0.014242958967962713,122.97608620779855,125.30645980834962,123.69600677490234,123.89096069335938,122.26313781738281,0.9455104223522142,-0.10722329140691045
2021-05-27,122.11691284179688,124.41732784538095,121.92196544288971,123.24762857840483,94625600,125.97691548665365,-0.012376737661610737,0.013872221405572082,123.0359638759068,125.2832516140408,123.64726257324219,123.69600677490234,123.89096069335938,2.4953624024912386,-1.1307157366079537
2021-05-28,121.4638442993164,122.62380153028337,121.405361560534,122.39960530367183,71311100,125.6740104675293,-0.005347895940724601,0.013883968308813723,123.02482495989118,125.20744383070203,122.11691284179688,123.64726257324219,123.69600677490234,1.2184399697493689,-0.9357610043554274
2021-06-01,121.14216613769531,122.18515038351808,120.8107540580726,121.9219706400981,67637100,125.33832778930665,-0.0026483449743974763,0.013813898549716864,122.60289873395648,125.07580863104926,121.4638442993164,122.11691284179688,123.64726257324219,1.374396325445474,-0.7798045024027829
2021-06-02,121.9024658203125,122.07792145343016,120.9179717914318,121.14216055572481,59278900,125.08410263061523,0.0062760945000190915,0.013764704485032015,122.55137416294643,124.9288698832194,121.14216613769531,121.4638442993164,122.11691284179688,1.1599496619983682,0.7603052645876858
2021-06-03,120.4208755493164,121.69779842291418,120.02122361792783,121.53209235043185,76229200,124.76784108479818,-0.012153899111277955,0.01385629336615468,122.05564771379743,124.7239042494032,121.9024658203125,121.14216613769531,121.4638442993164,1.6765748049863447,-1.1112168011154466
2021-06-04,122.71153259277344,122.97471980574441,120.72303755703825,120.93748419375007,75169300,124.57853698730469,0.01902209258160492,0.014276937527655607,121.91500854492188,124.54179907904731,120.4208755493164,121.9024658203125,121.14216613769531,2.2516822487061603,1.7740483990233713
2021-06-07,122.72126007080078,123.13065406520676,121.67827588309044,122.98443979955707,71057600,124.31235733032227,7.927109882666095e-05,0.01380203307887893,121.78272247314453,124.37167807685005,122.71153259277344,120.4208755493164,121.9024658203125,1.4523781821163197,-0.2631797287562847
2021-06-08,123.5400390625,125.21662075817993,123.02342180669262,123.40357440763638,74403800,124.06049423217773,0.006671859392796797,0.013864366630897407,121.98602621895927,124.26431096394857,122.72126007080078,122.71153259277344,120.4208755493164,2.193198951487304,0.13646465486361592
2021-06-09,123.92021179199219,124.52456067367201,123.32561251203367,123.99819373222839,56877900,123.83200861612956,0.0030773240188135542,0.013893275318359682,122.33693586077008,124.21655180189344,123.5400390625,122.72126007080078,122.71153259277344,1.1989481616383415,-0.07798194023619942
2021-06-10,122.92597198486328,124.95345787476269,122.7602659341765,123.81299241371467,71186400,123.5966552734375,-0.008023225531584743,0.013919470916134647,122.59176526750836,124.13420952690973,123.92021179199219,123.5400390625,122.72126007080078,2.193191940586189,-0.8870204288513861
2021-06-11,124.13463592529297,124.22236745136004,122.91619621766982,123.33533977456281,53522400,123.40483525594075,0.009832453800556529,0.014079272089531964,122.910646711077,124.05612055460612,122.92597198486328,123.92021179199219,123.5400390625,1.3061712336902218,0.7992961507301573
2021-06-14,127.18560791015625,127.24409063710856,123.86170821216966,124.592772046137,96906500,123.38023529052734,0.024577926717402443,0.014601934076299545,123.87703704833984,124.02326736450195,124.13463592529297,122.92597198486328,123.92021179199219,3.3823824249388963,2.59283586401925
2021-06-15,126.36688232421875,127.30265103767805,126.12319425934842,126.65931097677098,62746300,123.2933130900065,-0.006437250247023574,0.014559565954280094,124.39922986711774,123.94407051934137,127.18560791015625,124.13463592529297,122.92597198486328,1.179456778329623,-0.29242865255223194
2021-06-16,126.86395263671875,127.58527439037435,125.2166344350542,127.07839924257492,91815000,123.37508722941081,0.003933548912164131,0.01300490044270468,124.99104309082031,123.87499211629232,126.36688232421875,127.18560791015625,124.13463592529297,2.3686399553201483,-0.2144466058561676
2021-06-17,128.4625244140625,129.203345250585,126.37655629930642,126.52277798345058,96721700,123.5020383199056,0.012600677687548911,0.013183413385992614,125.69425528390067,123.82205378214518,126.86395263671875,126.36688232421875,127.18560791015625,2.826788951278573,1.939746430611919
2021-06-18,127.16613006591797,128.1896075868194,126.95168347380675,127.40981802299594,108953300,123.53258056640625,-0.010091615076518123,0.01314447592317428,126.15795789446149,123.76444193522136,128.4625244140625,126.86395263671875,126.36688232421875,1.2379241130126388,-0.24368795707796664
2021-06-21,128.95965576171875,129.06687904605207,125.94767651117064,127.0101523182265,79663300,123.6004877726237,0.014103800240449882,0.01335562951743523,127.01991271972656,123.73346167670356,127.16613006591797,128.4625244140625,126.86395263671875,3.119202534881424,1.9495034434922474
2021-06-22,130.5972900390625,130.69477120433336,128.2968743499232,128.79400746985203,74783600,123.83215535481771,0.012698810861977217,0.012555063923538608,127.94314902169364,123.7234883626302,128.95965576171875,127.16613006591797,128.4625244140625,2.3978968544101633,1.8032825692104666
2021-06-23,130.32435607910156,130.92871251033458,129.86622139067492,130.39259586711862,60214200,124.08526662190755,-0.002089889919456245,0.01245619957554031,128.39154161725725,123.7078874376085,130.5972900390625,128.95965576171875,127.16613006591797,1.0624911196596543,-0.06823978801705266
2021-06-24,130.0416717529297,131.240612583958,129.57378007008424,131.0554073186903,68711000,124.43097915649415,-0.0021690828535557705,0.011402393371053423,128.91651153564453,123.71271684434679,130.32435607910156,130.5972900390625,128.95965576171875,1.6668325138737714,-1.0137355657606122
2021-06-25,129.7492218017578,130.50952706925113,129.45679326652197,130.09039090512184,70783700,124.69546178181966,-0.002248894121628209,0.011072237621465301,129.32869284493583,123.73970523410374,130.0416717529297,130.32435607910156,130.5972900390625,1.0527338027291648,-0.34116910336402384
2021-06-28,131.3770751953125,131.8352098315601,129.98318695524438,130.04166969629122,62111300,124.93362655639649,0.012546151498633806,0.010745729276213601,129.74505724225725,123.7969982571072,129.7492218017578,130.0416717529297,130.32435607910156,1.852022876315715,1.3354054990212774
2021-06-29,132.887939453125,133.04390333984907,130.95793469390316,131.39657011097157,64556100,125.26049423217773,0.011500212313041436,0.010669082319348494,130.56245858328683,123.86934890747071,131.3770751953125,129.7492218017578,130.0416717529297,2.0859686459459112,1.4913693421534333
2021-06-30,133.50201416015625,133.94064949902392,132.43952338561445,132.73195190270366,63261400,125.6539690653483,0.00462099652954473,0.010346779144133381,131.21136692592077,123.99036593967014,132.887939453125,131.3770751953125,129.7492218017578,1.5011261134094696,0.7700622574525937
2021-07-01,133.80419921875,133.86268195374564,132.3323143115352,133.15111722207564,52485800,126.06271514892578,0.0022635243407731487,0.010314709928926144,131.66949680873327,124.11625434027778,133.50201416015625,132.887939453125,131.3770751953125,1.5303676422104218,0.6530819966743593
2021-07-02,136.42630004882812,136.4652835854969,134.27209152787285,134.41829838230024,78852600,126.47373682657877,0.019596551120128813,0.010233630419006491,132.54120309012276,124.27679163614908,133.80419921875,133.50201416015625,132.887939453125,2.19319205762406,2.008001666527889
2021-07-06,138.43426513671875,139.53572463895688,136.53350195950557,136.53350195950557,108181800,127.01277440388998,0.014718313750148981,0.009856200152796153,133.74014500209265,124.50678066677517,136.42630004882812,133.80419921875,133.50201416015625,3.0022226794513074,1.9007631772131788
2021-07-07,140.9198760986328,141.231788943126,139.05809657469072,139.91586805219615,104911600,127.5804049173991,0.01795517142709757,0.010038981238417413,135.33595275878906,124.76146808200413,138.43426513671875,136.42630004882812,133.80419921875,2.173692368435269,1.0040080464366667
2021-07-08,139.62344360351562,140.42273229042033,137.1183245101573,138.00535215692446,105575500,128.11131947835287,-0.00919978452301351,0.01028764337875466,136.51400538853235,124.93114717271592,140.9198760986328,138.43426513671875,136.42630004882812,3.304407780263034,1.6180914465911655
2021-07-09,141.4462432861328,141.97260274724476,139.04834716131978,139.1458282969305,99890800,128.70461883544922,0.01305511191797648,0.010377853751175647,137.7366202218192,125.14994820488823,139.62344360351562,140.9198760986328,138.43426513671875,2.924255585924982,2.3004149892023236
2021-07-12,140.85162353515625,142.62567880479006,140.364247675173,142.5184555206525,76299700,129.32910919189453,-0.004203856795077288,0.01001941224161433,138.78656441824776,125.39522781372071,141.4462432861328,139.62344360351562,140.9198760986328,2.2614311296170513,-1.666831985496259
2021-07-13,141.96286010742188,143.7369156295679,140.00361422588887,140.39350901995923,100827100,130.01240971883138,0.007889412591600475,0.009846298673752172,139.95208740234375,125.67372199164497,140.85162353515625,141.4462432861328,139.62344360351562,3.733301403679036,1.5693510874626497
2021-07-14,145.3842315673828,145.79364043052715,143.95134516697595,144.3607540301203,127050800,130.82047856648762,0.024100468653364793,0.01030599539202584,141.23179190499442,125.97628351847331,141.96286010742188,140.85162353515625,141.4462432861328,1.8422952635511933,1.0234775372625222
2021-07-15,144.73117065429688,146.21279783696795,143.3762659892824,145.47199168239987,106820300,131.5814353942871,-0.004491965229277639,0.010487373048695585,142.13134983607702,126.32629860772028,145.3842315673828,141.96286010742188,140.85162353515625,2.8365318476855634,-0.7408210281029994
2021-07-16,142.6939239501953,145.97883295333372,142.19680585690423,144.71166743629377,93251400,132.32387034098306,-0.01407607424780466,0.010605989568613486,142.38478524344308,126.60253601074218,144.73117065429688,145.3842315673828,141.96286010742188,3.7820270964294878,-2.0177434860984533
2021-07-19,138.8534393310547,140.43254791143656,138.09313385194156,140.1206200874223,121434600,132.86193389892577,-0.02691414261255498,0.01186195956671514,142.2747846330915,126.84810273912218,142.6939239501953,144.73117065429688,145.3842315673828,2.339414059494999,-1.2671807563676225
2021-07-20,142.46002197265625,143.38604842178373,139.3505750817449,139.8379511608488,96350000,133.51989262898763,0.025974024546865815,0.01247821179701983,142.41961015973772,127.11233461168078,138.8534393310547,142.6939239501953,144.73117065429688,4.035473340038834,2.622070811807447
2021-07-21,141.7289276123047,142.4405072449087,140.97837931958148,141.85565012536404,74993500,134.1261889139811,-0.005131926488765259,0.012610992899114739,142.54493931361608,127.37849850124783,142.46002197265625,138.8534393310547,142.6939239501953,1.4621279253272235,-0.12672251305934878
2021-07-22,143.09356689453125,144.45821346206498,142.1285572602189,142.25527975346566,77338200,134.76530075073242,0.00962851624729355,0.012639231431247863,142.7064688546317,127.62782084147135,141.7289276123047,142.46002197265625,138.8534393310547,2.3296562018460634,0.8382871410655923
2021-07-23,144.80911254882812,144.96507639303513,143.2105203295334,143.82461867014172,71447400,135.49473876953124,0.011988978201664002,0.012461378006347994,142.62430899483817,127.87912148369684,143.09356689453125,141.7289276123047,142.46002197265625,1.7545560635017239,0.9844938786864077
2021-07-26,145.228271484375,146.04705940106285,143.97083337261068,144.52644902049065,72434100,136.19785995483397,0.0028945618695477293,0.012443546630644486,142.69532339913505,128.14383748372396,144.80911254882812,143.09356689453125,141.7289276123047,2.0762260284521687,0.7018224638843549
2021-07-27,143.06439208984375,145.44278996281443,141.8751931533584,145.3550509563066,104818600,136.72715276082357,-0.014899849543166033,0.012424139672658362,142.74824741908483,128.43024605645073,145.228271484375,144.80911254882812,143.09356689453125,3.5675968094560346,-2.2906588664628487
2021-07-28,141.3195343017578,143.25929604709813,138.94113715127986,141.15382825419624,118931200,137.2255744934082,-0.012196310784238884,0.012633754518562414,143.10054670061385,128.70310592651367,143.06439208984375,145.228271484375,144.80911254882812,4.3181588958182715,0.1657060475615708
2021-07-29,141.96286010742188,142.8498878684949,140.92962551695572,141.03684881635502,56699500,137.7288714090983,0.004552277990743869,0.012634465053432454,143.02952357700892,128.9463522169325,141.3195343017578,143.06439208984375,145.228271484375,1.9202623515391792,0.9260112910668568
2021-07-30,142.1772918701172,142.63542638578699,140.4714762953773,140.73466343435456,70440600,138.18603032430013,0.0015104778991705814,0.012530888718350498,143.09357561383928,129.2011713663737,141.96286010742188,141.3195343017578,143.06439208984375,2.163950090409685,1.4426284357626287
2021-08-02,141.84588623046875,143.23977416644965,141.5826990796388,142.66467417357075,62880000,138.67535552978515,-0.0023309322838360735,0.012319748044936853,142.91533551897322,129.478798505995,142.1772918701172,141.96286010742188,141.3195343017578,1.6570750868108632,-0.8187879431019951
2021-08-03,143.6394500732422,144.30227426975748,141.51448305654833,142.12858155366985,64786600,139.16468200683593,0.012644454417657824,0.012280157107013037,142.7482408796038,129.77094785902236,141.84588623046875,142.1772918701172,141.96286010742188,2.7877912132091467,1.510868519572341
2021-08-04,143.23980712890625,144.05859526042843,142.58672505684436,143.55173491626834,56368300,139.58609924316406,-0.002782264511122512,0.012212877662587785,142.46417454310827,130.05195320977106,143.6394500732422,141.84588623046875,142.1772918701172,1.471870203584075,-0.3119277873620945
2021-08-05,143.34703063964844,144.10733603044793,142.4795019309908,143.2690486927029,46397700,140.0201883951823,0.000748559446507091,0.012181784461145515,142.50455147879464,130.33220375908746,143.23980712890625,143.6394500732422,141.84588623046875,1.627834099457118,0.07798194694552762
2021-08-06,142.66366577148438,143.61059289976055,142.16580285802874,142.86867690985883,54126800,140.4409215291341,-0.004767206304272409,0.012230786240137275,142.69657026018416,130.62097142537434,143.34703063964844,143.23980712890625,143.6394500732422,1.4447900417318067,-0.20501113837445928
2021-08-09,142.61483764648438,143.210327688173,142.0584044347056,142.72222158501236,48908700,140.869775390625,-0.000342260411829165,0.012206614900134815,142.78970990862166,130.88486913045247,142.66366577148438,143.34703063964844,143.23980712890625,1.1519232534674018,-0.10738393852798822
2021-08-10,142.13653564453125,144.196344465899,141.84366893661831,142.9565505100319,69023100,141.22842407226562,-0.0033538025204554733,0.012133054112126906,142.7838875906808,131.1342620001899,142.61483764648438,142.66366577148438,143.34703063964844,2.352675529280674,-0.8200148655006387
2021-08-11,142.3903350830078,143.2298783064216,142.06818321748432,142.57581781429272,48493500,141.54517059326173,0.0017856030986380667,0.012019142887638846,142.8616659981864,131.35511932373046,142.13653564453125,142.61483764648438,142.66366577148438,1.1616950889372788,-0.18548273128490678
2021-08-12,145.34825134277344,145.50444888855472,142.37080079552103,142.7124810649403,72282600,141.94004516601564,0.020773293763521883,0.012476328804140395,143.10578046526228,131.605490620931,142.3903350830078,142.13653564453125,142.61483764648438,3.1336480930336847,2.6357702778331316
2021-08-13,145.55328369140625,145.88519235268876,144.74302556240244,145.42637130499,59375000,142.33168131510416,0.0014106282445001117,0.01247883121440931,143.43627711704798,131.83986740112306,145.34825134277344,142.3903350830078,142.13653564453125,1.1421667902863248,0.1269123864162509
2021-08-16,147.5251922607422,147.59353426907154,142.9858112009547,145.0065628373872,103296000,142.70164438883464,0.013547674908638063,0.012246191606675963,144.0331573486328,132.06955600314672,145.55328369140625,145.34825134277344,142.3903350830078,4.607723068116826,2.51862942335498
2021-08-17,146.6173553466797,148.07190241442922,145.54351565601462,146.65639729187643,92229700,142.9744140625,-0.006153775502003467,0.012131210033067708,144.59797014508928,132.26061384412978,147.5251922607422,145.55328369140625,145.34825134277344,2.528386758414598,-0.0390419451967432
2021-08-18,142.8784637451172,147.13475089008148,142.67345256358962,146.23663716721276,86326000,143.03970031738282,-0.025501016525102504,0.01273807307344218,144.63563101632255,132.42915785047742,146.6173553466797,147.5251922607422,145.55328369140625,4.461298326491857,-3.3581734220955752
2021-08-19,143.21035766601562,144.4794367790495,141.06269334170713,141.5800847276963,86960300,143.15926411946614,0.002322910760648389,0.01260735673587908,144.7890341622489,132.56689876980252,142.8784637451172,146.6173553466797,147.5251922607422,3.416743437342376,1.6302729383193366
2021-08-20,144.6649169921875,144.96754045087513,143.28845394220284,143.93275769698107,60549600,143.2665532430013,0.010156802551698707,0.012521996104525684,145.11397443498885,132.7467507256402,143.21035766601562,142.8784637451172,146.6173553466797,1.6790865086722988,0.7321592952064293
2021-08-23,146.1487579345703,146.61733569322215,144.37204430196212,144.7820517027598,60131800,143.44312438964843,0.01025708909412315,0.012599785730033036,145.22833251953125,132.9163830227322,144.6649169921875,143.21035766601562,142.8784637451172,2.245291391260025,1.3667062318105252
2021-08-24,146.06088256835938,147.27139120779157,145.60206158624175,145.89492826143862,48606400,143.57972513834636,-0.0006012734384666096,0.012542085111568981,145.30084664481026,133.08871510823568,146.1487579345703,144.6649169921875,143.21035766601562,1.6693296215498208,0.16595430692075297
2021-08-25,144.8308868408203,146.7442698916124,144.28421022511418,146.24639198416384,58991300,143.5612803141276,-0.008421116632397418,0.01186608823909116,144.91594587053572,133.24002888997396,146.06088256835938,146.1487579345703,144.6649169921875,2.4600596664982106,-1.4155051433435233
2021-08-26,144.03033447265625,145.57275146160703,144.00104929973693,144.82107882892396,48597200,143.5379191080729,-0.005527497522292535,0.011880925202974858,144.54637145996094,133.40115237765843,144.8308868408203,146.06088256835938,146.1487579345703,1.5717021618700926,-0.7907443562677088
2021-08-27,145.065185546875,145.2116114656549,143.33728522616812,143.97181740197544,55802400,143.61696116129556,0.0071849522394549226,0.011649965092770324,144.8587602887835,133.56955752902562,144.03033447265625,144.8308868408203,146.06088256835938,1.874326239486777,1.0933681448995571
2021-08-30,149.4776153564453,149.83882401907485,145.07490345956626,145.45562564226032,90956700,143.97110036214193,0.030416876336910814,0.011680572037021084,145.75408281598772,133.80385708279078,145.065185546875,144.03033447265625,144.8308868408203,4.763920559508591,4.021989714184997
2021-08-31,148.21832275390625,149.16524992421503,147.6911597437249,149.0285807911714,86453100,144.1630437215169,-0.008424623309223556,0.010965967053974087,146.26171221051897,133.99843122694227,149.4776153564453,145.065185546875,144.03033447265625,1.4740901804901227,-0.8102580372651573
2021-09-01,148.88214111328125,151.29338682527435,148.71618680019012,149.19453621732464,80313700,144.40148417154947,0.004478652483992596,0.01090941508933334,146.6521955217634,134.19605577256945,148.21832275390625,149.4776153564453,145.065185546875,2.577200025084238,-0.31239510404338944
2021-09-02,149.9949951171875,151.03954929712242,148.77472989529102,150.20976298790652,71115500,144.63153177897135,0.007474731324957906,0.01086242554107427,147.2142116001674,134.40961371527777,148.88214111328125,148.21832275390625,149.4776153564453,2.264819401831403,-0.21476787071901526
2021-09-03,150.62954711914062,150.9516989362315,149.44832378980732,150.10238418360416,57808700,144.82554626464844,0.004230487833659868,0.010698366589725117,148.04259163992745,134.63898010253905,149.9949951171875,148.88214111328125,148.21832275390625,1.5033751464241902,0.5271629355364666
2021-09-07,152.96273803710938,153.5191714127496,150.7174463222015,151.2836513561049,82278300,145.08336181640624,0.015489596580432696,0.011003067377280256,149.3186492919922,134.89535234239366,150.62954711914062,149.9949951171875,148.88214111328125,2.8017250905481035,1.6790866810044633
2021-09-08,151.42031860351562,153.30440154284446,150.31719373274197,153.24583117728486,74420200,145.3618927001953,-0.010083628558084201,0.010784122190179544,150.22652544294084,135.15642691718207,152.96273803710938,150.62954711914062,149.9949951171875,2.9872078101024897,-1.825512573769231
2021-09-09,150.40504455566406,152.39651120399355,150.28788894400816,151.79126431107525,57305700,145.66474304199218,-0.006705005360013727,0.010580410568518625,150.35901532854353,135.3945435418023,151.42031860351562,152.96273803710938,150.62954711914062,2.1086222599853954,-1.3862197554111901
2021-09-10,145.42633056640625,151.7814665359228,145.16274910531013,151.3128888573864,140893200,145.78019205729166,-0.03310204125111782,0.012366253931009315,149.9601593017578,135.6280502319336,150.40504455566406,151.42031860351562,152.96273803710938,6.618717430612662,-5.886558290980162
2021-09-13,145.9925537109375,147.81806596111582,145.21158088499752,147.04686479158386,102404300,145.90736745198566,0.0038935393771259985,0.012378105786121122,149.54736110142298,135.86514536539713,145.42633056640625,150.40504455566406,151.42031860351562,2.606485076118304,-1.0543110806463574
2021-09-14,144.59657287597656,147.4764113119793,143.41536423851278,146.77353720711707,109296300,145.99905700683593,-0.009562000249169866,0.012514003247324481,148.77615792410714,136.06899770100912,145.9925537109375,145.42633056640625,150.40504455566406,4.061047073466511,-2.1769643311405105
2021-09-15,145.4849395751953,145.88519025288556,142.88821089491876,145.0261185341006,83281300,146.0605733235677,0.006143760405585175,0.01235561519649322,148.0412139892578,136.2752477010091,144.59657287597656,145.9925537109375,145.42633056640625,2.996979357966808,0.45882104109472266
2021-09-16,145.2506103515625,145.4263362978241,143.71796490468603,144.90894501042473,68034100,146.12760009765626,-0.0016106768461191523,0.012346732762052075,146.9394814627511,136.515284898546,145.4849395751953,144.59657287597656,145.9925537109375,1.7083713931380657,0.3416653411377695
2021-09-17,142.5855712890625,145.27992686740734,142.29270460935308,145.27992686740734,129868800,146.1022181193034,-0.01834786825370016,0.012818780501941391,145.67737470354353,136.7358910454644,145.2506103515625,145.4849395751953,144.59657287597656,2.98722225805426,-2.6943555783448403
2021-09-20,139.5397491455078,141.3945460334686,137.90947685232237,140.3792920822909,123478900,145.99808756510416,-0.021361362976762388,0.013373244296539426,144.12518964494978,136.95666275024413,142.5855712890625,145.2506103515625,145.4849395751953,3.4850691811462298,-0.83954293678309
2021-09-21,140.01812744140625,141.16030897663776,139.38359538478255,140.5062336067531,75834000,145.91153055826823,0.00342825824775983,0.013393948325820892,143.3525891985212,137.1589225769043,139.5397491455078,142.5855712890625,145.2506103515625,1.7767135918552128,-0.48810616534686346
2021-09-22,142.38058471679688,142.94677480134484,140.28171911608493,141.01387841720836,76404300,145.91966552734374,0.016872510142511787,0.013750970813665433,142.8365936279297,137.36057205200194,140.01812744140625,139.5397491455078,142.5855712890625,2.665055685259915,1.3667062995885146
2021-09-23,143.33726501464844,143.581318108749,142.1755699033987,143.16153904107028,64838200,145.95122985839845,0.006719176633207757,0.013800631732903756,142.6566925048828,137.58563156127929,142.38058471679688,140.01812744140625,139.5397491455078,1.4057482053503065,0.17572597357815312
2021-09-24,143.4251251220703,143.96204492535793,142.09747565204063,142.19510285111807,53477900,145.88712565104166,0.0006129606799243348,0.013249848675643779,142.36243329729353,137.82704662746852,143.33726501464844,142.38058471679688,140.01812744140625,1.8645692733173007,1.2300222709522473
2021-09-27,141.91197204589844,142.48794860245857,140.39885495340664,142.00959923062172,74150700,145.7657485961914,-0.010550125543791755,0.013374141240322554,141.88548496791296,138.05338168674047,143.4251251220703,143.33726501464844,142.38058471679688,2.0890936490519323,-0.09762718472327947
2021-09-28,138.53431701660156,141.3067568929059,138.31954907870838,139.8424381686271,108972300,145.46605275472004,-0.02380105765991647,0.013730207421180562,141.3067343575614,138.21381132337783,141.91197204589844,143.4251251220703,143.33726501464844,2.987207814197518,-1.3081211520255351
2021-09-29,139.4324188232422,141.013878143942,138.65144592439347,139.08098176355122,74602000,145.22655487060547,0.006482883273846163,0.013792153584019322,141.29140145438058,138.4045811123318,138.53431701660156,141.91197204589844,143.4251251220703,2.3624322195485377,0.3514370596909657
2021-09-30,138.13404846191406,140.9455448156453,137.9192805517919,140.2426707272125,89056700,145.0684076944987,-0.009311825558832698,0.013124533606013842,141.02224731445312,138.56283764309353,139.4324188232422,138.53431701660156,141.91197204589844,3.026264263853392,-2.108622265298436
2021-10-01,139.2566680908203,139.5202495626883,135.80088336468526,138.52450892126643,94639600,144.93661804199218,0.00812703052872421,0.013218283864672784,140.5759735107422,138.73573387993707,138.13404846191406,139.4324188232422,138.53431701660156,3.71936619800303,0.7321591695538814
2021-10-04,135.8302001953125,138.82717957779718,134.98090012736012,138.3878720570302,98322000,144.64212748209636,-0.02460541346051126,0.013733917999002209,139.5035356794085,138.87109985351563,139.2566680908203,138.13404846191406,139.4324188232422,3.8462794504370663,-2.5576718617176937
2021-10-05,137.7532958984375,138.8564203851178,136.04492465061978,136.17183699568994,80861100,144.3622787475586,0.014158086348689425,0.01387181173439212,138.69327436174666,139.04483744303386,135.8302001953125,139.2566680908203,138.13404846191406,2.81149573449801,1.5814589027475563
2021-10-06,138.6221466064453,138.76857249312508,135.07849119061893,136.15233067899587,83221100,144.11432088216145,0.006307295243580979,0.013950835163893753,138.22329929896765,139.2354852464464,137.7532958984375,135.8302001953125,139.2566680908203,3.690081302506144,2.469815927449446
2021-10-07,139.88148498535156,140.7893703718494,139.32505159657362,139.65696027730579,61732700,143.9493408203125,0.009084683867156995,0.014023618270029568,138.41575186593192,139.44369990030924,138.6221466064453,137.7532958984375,135.8302001953125,1.4643187752757854,0.2245247080457773
2021-10-08,139.50071716308594,140.7502675851044,139.16880859069704,140.60384171370225,58773200,143.79835357666016,-0.0027220744925999796,0.014002157734094718,138.4255087716239,139.63923602634006,139.88148498535156,138.6221466064453,137.7532958984375,1.5814589944073703,-1.1031245506163145
2021-10-11,139.41290283203125,141.3653278052875,138.43669034540312,138.88575464341304,64452200,143.60994415283204,-0.0006294901763983507,0.013917662631617712,138.6082022530692,139.85025855170355,139.50071716308594,139.88148498535156,138.6221466064453,2.928637459884385,0.527148188618213
2021-10-12,138.143798828125,139.84241361250955,137.68497785008697,139.82288519545196,73035900,143.23215026855468,-0.009103203348654887,0.012629670559424764,138.44922092982702,140.0217281765408,139.41290283203125,139.50071716308594,139.88148498535156,2.1574357624225797,-1.6790863673269598
2021-10-13,137.55810546875,138.03644005527403,135.88877555756454,137.8802573777795,78762700,142.8768096923828,-0.0042397368853573925,0.01258554970903503,138.69606454031808,140.1865820142958,138.143798828125,139.41290283203125,139.50071716308594,2.147664497709485,-0.3221519090294862
2021-10-14,140.3402557373047,140.45741132647578,138.14377836199483,138.72951162040368,69907100,142.59208017985026,0.02022527323325729,0.01319619995967294,139.06563023158483,140.37325108846028,137.55810546875,138.143798828125,139.41290283203125,2.313632964480945,1.610744116901003
2021-10-15,141.39462280273438,141.4531931726663,140.09625831789816,140.3500831153651,67940300,142.30540110270184,0.007512933904034735,0.013197135903351878,139.4616982596261,140.56741121080188,140.3402557373047,137.55810546875,138.143798828125,1.3569348547681273,1.04453968736928
2021-10-18,143.06393432617188,143.347029376178,139.75457479053856,140.03766984054468,85589200,142.05321400960287,0.011806046724750052,0.013389198017774093,139.9163338797433,140.79116634792751,141.39462280273438,140.3402557373047,137.55810546875,3.5924545856394445,3.0262644856271947
2021-10-19,145.2213134765625,145.62156403141842,143.0638929755576,143.51294222106137,76378900,141.7951665242513,0.015079825398007118,0.0133713292650623,140.73356192452567,141.02546276516384,143.06393432617188,141.39462280273438,140.3402557373047,2.5576710558608227,1.7083712555011346
2021-10-20,145.70947265625,146.1878221446277,144.59659100003023,145.16279603857302,58418800,141.60480499267578,0.0033614843992324506,0.013303808177481518,141.63307189941406,141.2312834845649,145.2213134765625,143.06393432617188,141.39462280273438,1.591231144597458,0.5466766176769795
2021-10-21,145.9242401123047,146.0804376870695,144.35253739380764,145.27017952577518,61421000,141.4554448445638,0.0014739429917598468,0.013270753097696148,142.74456351143974,141.44858745998806,145.70947265625,145.2213134765625,143.06393432617188,1.727900293261854,0.6540605865295106
2021-10-22,145.1529998779297,146.60754657748723,145.10418628692474,146.129212114762,58883400,141.4463338216146,-0.005285209871789931,0.011839382751880793,143.82954842703683,141.65179909600153,145.9242401123047,145.70947265625,145.2213134765625,1.5033602905624832,-0.9762122368323105
2021-10-25,145.1042022705078,145.8168331110648,144.10846150842693,145.14324421012236,50720600,141.4167221069336,-0.00033618049549721807,0.011816646016166254,144.51011221749442,141.8367066277398,145.1529998779297,145.9242401123047,145.70947265625,1.7083716026378681,-0.03904193961454894
2021-10-26,145.7680206298828,147.25185252804923,145.4653823192533,145.77777738990952,60893400,141.45577036539714,0.004574770054815325,0.011709164519746637,145.1348833356585,142.04339430067273,145.1042022705078,145.1529998779297,145.9242401123047,1.7864702087959188,-0.009756760026704114
2021-10-27,145.30923461914062,146.1682914783705,144.95779752805828,145.80709762491546,56094900,141.44991353352864,-0.003147370793399773,0.011673059944626899,145.4556405203683,142.22505628797742,145.7680206298828,145.1042022705078,145.1529998779297,1.2104939503122125,-0.4978630057748319
2021-10-28,148.940673828125,149.5263920978658,146.15846363546348,146.25609079499353,100077900,141.57291564941406,0.024991110981366527,0.012523835126132489,145.98697771344865,142.42887166341146,145.30923461914062,145.7680206298828,145.1042022705078,3.3679284624023182,2.6845830331314744
2021-10-29,146.23658752441406,146.3732566337639,142.927228830471,143.7179583128391,124953200,141.69461619059246,-0.018155459044259525,0.012513676592994336,146.0622798374721,142.60567423502604,148.940673828125,145.30923461914062,145.7680206298828,3.446027803292907,2.518629211574961
2021-11-01,145.4165802001953,146.13896771640327,144.28417043944881,145.44586537540286,74588300,141.89051055908203,-0.005607401937506529,0.011859926211039323,145.98975699288505,142.77650655110676,146.23658752441406,148.940673828125,145.30923461914062,1.8547972769544572,-0.02928517520754781
2021-11-02,146.4513397216797,147.96447141770574,145.11391904923408,145.12369070330908,69122000,142.10495096842448,0.0071158290207335995,0.01190024024373242,146.17523411342077,142.9620856391059,145.4165802001953,146.23658752441406,148.940673828125,2.8505523684716536,1.3276490183706073
2021-11-03,147.88644409179688,148.35502194347706,146.25617092597884,146.81260433188254,54511500,142.28847961425782,0.00979918908795585,0.011654063958323942,146.57269723074776,143.14552307128906,146.4513397216797,145.4165802001953,146.23658752441406,2.0988510174982196,1.0738397599143354
2021-11-04,147.3690185546875,148.80403696262286,147.0566234619275,147.97426542713765,60394600,142.4228713989258,-0.0034988030193504605,0.011640474483306554,146.80141122000558,143.30642395019532,147.88644409179688,146.4513397216797,145.4165802001953,1.7474135006953588,-0.6052468724501523
2021-11-05,147.8969268798828,148.79635114627666,146.7042085245969,148.49328605752575,65463900,142.57193145751953,0.003582220539790182,0.011649771859820005,147.17108154296875,143.46636742485893,147.3690185546875,147.88644409179688,146.4513397216797,2.0921426216797556,-0.5963591776429382
2021-11-08,147.0757293701172,148.18046407919945,146.80199217243356,148.02403856122066,55020900,142.74405670166016,-0.005552498805012851,0.011512511414476154,146.90466090611048,143.61382887098523,147.8969268798828,147.3690185546875,147.88644409179688,1.3784719067658955,-0.9483091911034762
2021-11-09,147.4374542236328,148.0435844748696,146.70422637098488,146.8410949734435,56787900,143.04082794189452,0.002459446266660059,0.010494978465712101,147.07621329171317,143.73617502848307,147.0757293701172,147.8969268798828,147.3690185546875,1.339358103884706,0.5963592501893231
2021-11-10,144.61207580566406,146.7726603269792,144.54364896685252,146.66511965093986,65187100,143.21348317464194,-0.019163233880064356,0.011152243838934688,146.96128409249442,143.80481736924912,147.4374542236328,147.0757293701172,147.8969268798828,2.229011360126691,-2.053043845275795
2021-11-11,144.56320190429688,146.0883134852804,144.37744845730748,145.62883774477925,41000000,143.42778828938802,-0.0003379655612776311,0.010977421199601557,146.6915501185826,143.84529876708984,144.61207580566406,147.4374542236328,147.0757293701172,1.7108650279729147,-1.065635840482372
2021-11-12,146.6357879638672,147.03660782102534,144.18190939663026,145.11066161989166,63804000,143.67375895182292,0.01433688540561251,0.011162205801795394,146.51288495744978,143.92321370442707,144.56320190429688,144.61207580566406,147.4374542236328,2.8546984243950817,1.5251263439755292
2021-11-15,146.64556884765625,148.483531417499,146.08830852560698,147.00728981052836,59222800,144.03427124023438,6.670188720558912e-05,0.009999250727718508,146.40953499930245,143.98098398844402,146.6357879638672,144.56320190429688,144.61207580566406,2.3952228918920184,-0.36172096287211275
2021-11-16,147.62318420410156,148.1022316953491,146.00030323462437,146.58689139053743,59256200,144.36326751708984,0.006666518218909845,0.00979218605179728,146.37042890276228,144.05622355143228,146.64556884765625,146.6357879638672,144.56320190429688,2.1019284607247357,1.0362928135641312
2021-11-17,150.05751037597656,151.53373689410836,147.61341784542643,147.62318884522813,88807000,144.74444630940755,0.01649013456117654,0.01010536701280263,146.79639761788505,144.14616410997178,147.62318420410156,146.64556884765625,146.6357879638672,3.9203190486819324,2.4343215307484343
2021-11-18,154.3395538330078,155.12166644396783,149.62735108476016,150.27259510761894,137827700,145.22638193766275,0.02853601560030139,0.011104138968267242,147.78241184779577,144.24566769070094,150.05751037597656,147.62318420410156,146.64556884765625,5.494315359207661,4.066958725388872
2021-11-19,156.95962524414062,157.41911583313842,153.02952027938457,154.12446895909494,117305600,145.80834554036457,0.016976020378856926,0.011313529756797886,149.54634748186385,144.38153940836588,154.3395538330078,150.05751037597656,147.62318420410156,4.38959555375385,2.8351562850456844
2021-11-22,157.41912841796875,161.99446283900974,157.39957149925132,158.0643575600625,117467900,146.40855305989584,0.0029275246619211437,0.011281934770801702,151.3829084123884,144.54515279134114,156.95962524414062,154.3395538330078,150.05751037597656,4.594891339758419,-0.6452291420937399
2021-11-23,157.8004150390625,158.18169292863084,155.502961782972,157.51689191338718,96041900,147.06377360026042,0.0024221111177886723,0.011009112514877831,152.9778551374163,144.75567474365235,157.41912841796875,156.95962524414062,154.3395538330078,2.678731145658844,0.2835231256753161
2021-11-24,158.31851196289062,158.51403634701725,156.06994425154855,157.15512173863883,69463600,147.75578715006512,0.0032832418324113544,0.010888125452848136,154.64541843959265,144.93188018798827,157.8004150390625,157.41912841796875,156.95962524414062,2.4440920954687044,1.163390224251799
2021-11-26,153.30328369140625,156.8618824271744,152.8633499442556,156.00157185337474,76959800,148.1878880818685,-0.0316780912686947,0.012368016134131719,155.4568612234933,145.06048414442273,158.31851196289062,157.8004150390625,157.41912841796875,3.9985324829188187,-2.6982881619684917
2021-11-29,156.6565399169922,157.5852919747901,155.23895449884512,155.80598568259293,88748200,148.69661865234374,0.021873348990592456,0.012817498339079242,156.39957972935267,145.21118384467232,153.30328369140625,158.31851196289062,157.8004150390625,2.3463374759449778,0.8505542343992545
2021-11-30,161.60342407226562,161.8185054389282,156.34373142534065,156.41217318635103,174048100,149.3146016438802,0.0315778974685299,0.0137347123810338,157.43727547781808,145.39778730604382,156.6565399169922,153.30328369140625,158.31851196289062,5.474774013587563,5.191250885914599
2021-12-01,161.0852508544922,166.49158221025922,160.85061260681175,163.73463874085127,152052500,149.84339955647786,-0.0032064494966500545,0.013638867061780548,158.02665056501115,145.5739759657118,161.60342407226562,156.6565399169922,153.30328369140625,5.6409696034474734,-2.6493878863590794
2021-12-02,160.09780883789062,160.52797144851237,154.27110143280012,155.190082479573,136739200,150.32301076253256,-0.0061299343755159,0.013753035744171745,158.40931919642858,145.7632361518012,161.0852508544922,161.60342407226562,156.6565399169922,6.256870015712252,4.907726358317632
2021-12-03,158.22076416015625,161.27100166043388,156.14817855062066,160.35202051883033,118023100,150.73289489746094,-0.011724362071906969,0.014019828629556794,158.46936907087053,145.9510275946723,160.09780883789062,161.0852508544922,161.60342407226562,5.1228231098132255,-2.1312563586740794
2021-12-06,161.62298583984375,164.12573463510114,160.60623481829575,160.61600581977925,107497000,151.28189442952473,0.021503003716020874,0.014336931879889598,158.94143676757812,146.16947343614368,158.22076416015625,160.09780883789062,161.0852508544922,3.519499816805393,1.0069800200645034
2021-12-07,167.3518829345703,167.74294665807957,164.57539762665544,165.29885432698077,120405400,152.0234837849935,0.03544605406809809,0.015436825448094804,160.94837951660156,146.44919111463759,161.62298583984375,158.22076416015625,160.09780883789062,3.16754903142413,2.053028607589539
2021-12-08,171.16468811035156,172.02501344578044,166.8826332677211,168.280661937793,116998900,152.8700393676758,0.022783162692420644,0.01577855185000462,163.0209721156529,146.77495557996963,167.3518829345703,161.62298583984375,158.22076416015625,5.142380178059341,2.884026172558549
2021-12-09,170.6563262939453,172.79735388590385,170.03063915946248,170.9985052389604,108923700,153.7149424235026,-0.002970015731740827,0.015775237765120586,164.31424386160714,147.07514309353297,171.16468811035156,167.3518829345703,161.62298583984375,2.7667147264413643,-0.3421789450150925
2021-12-10,175.43699645996094,175.61297891700764,170.78344865474102,171.29182418696914,115402700,154.59815317789713,0.02801343653549182,0.015913094201289335,166.36449323381697,147.4328896416558,170.6563262939453,171.16468811035156,167.3518829345703,4.829530262266616,4.1451722729918
2021-12-13,171.80992126464844,178.0570207166816,171.60461094345368,177.06959785970832,153237000,155.45059763590496,-0.0206745171685625,0.01604880439403278,168.03765215192522,147.7491439819336,175.43699645996094,170.6563262939453,171.16468811035156,6.452409773227913,-5.2596765950598865
2021-12-14,170.43150329589844,173.76524989300478,168.35891710300444,171.3309277742781,139380400,156.28442840576173,-0.00802292416295769,0.016112440002122048,169.78204345703125,148.05767550998263,171.80992126464844,175.43699645996094,170.6563262939453,5.406332790000334,-0.8994244783796717
2021-12-15,175.29031372070312,175.48583813344078,168.45662585148168,171.1940123824784,131063300,157.2457275390625,0.028508875007509316,0.016653929924904828,171.7345188685826,148.42073635525173,170.43150329589844,171.80992126464844,175.43699645996094,7.029212281959104,4.09630133822472
2021-12-16,168.4077606201172,177.08918279763162,166.93153397693786,175.27077720416733,150185800,157.92977142333984,-0.03926373884841228,0.018580136825043784,171.88535853794642,148.71263885498047,175.29031372070312,170.43150329589844,171.80992126464844,10.157648820693765,-6.863016584050143
2021-12-17,167.3128204345703,169.59071677301714,165.89524955752734,166.12987292514003,195432700,158.59456481933594,-0.006501720476034145,0.01863277195053362,171.33509172712053,148.98955535888672,168.4077606201172,175.29031372070312,170.43150329589844,3.695467215489799,1.182947509430278
2021-12-20,165.95388793945312,166.76532847471316,163.71510567618958,164.51676029378936,107499100,159.19646352132162,-0.008122106193581335,0.01877266057909487,170.66331481933594,149.2185068766276,167.3128204345703,168.4077606201172,175.29031372070312,3.0502227985235777,1.4371276456637645
2021-12-21,169.1214599609375,169.3267554134747,165.33799395674112,167.72343104614094,91185900,159.9313212076823,0.019087061236191305,0.018878234337870937,169.76109531947546,149.4803755018446,165.95388793945312,167.3128204345703,168.4077606201172,3.9887614567335845,1.398028914796555
2021-12-22,171.71217346191406,171.9272548095711,168.300214735498,169.17031112645324,92135300,160.740478515625,0.015318656198775482,0.01896812179998279,169.74713134765625,149.7491197374132,169.1214599609375,165.95388793945312,167.3128204345703,3.6270400740731077,2.54186233546082
2021-12-23,172.33787536621094,172.8951357013555,171.35046721642092,171.9174985527305,68356600,161.6646718343099,0.0036438995074257186,0.018403842696986535,170.01947021484375,150.03490329318578,171.71217346191406,169.1214599609375,165.95388793945312,1.54466848493459,0.42037681348043066
2021-12-27,176.2972869873047,176.38527073958,173.11019564746687,173.12973764737882,74919600,162.72247467041015,0.02297470368994725,0.018616740806977495,170.16332353864397,150.4062235514323,172.33787536621094,171.71217346191406,169.1214599609375,3.275075092113127,3.16754933992587
2021-12-28,175.28054809570312,177.2749361221624,174.5375492742612,176.1311025117923,79144300,163.67730000813802,-0.005767183993448444,0.018697920438736273,171.14515032087053,150.76255900065104,176.2972869873047,172.33787536621094,171.71217346191406,2.7373868479011776,-0.8505544160891816
2021-12-29,175.36856079101562,176.5906072567406,174.15628532669507,175.31967594887476,62348900,164.63473307291667,0.0005021247153131903,0.018693216290720977,172.2959703717913,151.1037105984158,175.28054809570312,176.2972869873047,172.33787536621094,2.4343219300455416,0.04888484214086475
2021-12-30,174.21493530273438,176.53194546765312,174.10739462067014,175.45653864701075,59773000,165.52112477620443,-0.006578291360080257,0.018836432755298827,173.4761199951172,151.41555701361762,175.36856079101562,175.28054809570312,176.2972869873047,2.4245508469829815,-1.2416033442763705
2021-12-31,173.5990447998047,175.22191121478994,173.2959647369927,174.10740540326523,64062300,166.30584259033202,-0.0035352336575474874,0.018795931720905802,174.11577497209822,151.72153659396702,174.21493530273438,175.36856079101562,175.28054809570312,1.925946477797254,-0.5083606034605452
2022-01-03,177.93972778320312,178.79028222604728,173.73590007898758,173.85321176039008,104487900,167.09251505533854,0.025004071816202345,0.01865421337888208,175.00542558942522,152.08941260443794,173.5990447998047,174.21493530273438,175.36856079101562,5.054382147059698,4.0865160228130435
2022-01-04,175.68138122558594,178.84893075193062,175.1143499260673,178.54586564233023,99310400,167.7165735880534,-0.012691637700877556,0.01877914605391333,175.48306928362166,152.44109090169272,177.93972778320312,173.5990447998047,174.21493530273438,3.7345808258633326,-2.8644844167442898
2022-01-05,171.00828552246094,176.14088047095728,170.7345483186125,175.5934060632604,94537600,168.16954549153647,-0.026599834715122395,0.019589969146673783,174.72749764578683,152.72934756808812,175.68138122558594,177.93972778320312,173.5990447998047,5.406332152344788,-4.5851205407994655
2022-01-06,168.153564453125,171.37976954533002,167.80161453547433,168.83790737145776,96904000,168.5146504720052,-0.01669346640494207,0.019915871064531174,173.70935712541853,152.93685811360677,171.00828552246094,175.68138122558594,177.93972778320312,3.578155009855692,-0.6843429183327601
2022-01-07,168.3197784423828,170.24572473108867,167.2052727402814,169.02367835082143,86709100,168.8480260213216,0.0009884654529825898,0.019916418968893658,172.702388218471,153.16020762125652,168.153564453125,171.00828552246094,175.68138122558594,3.04045199080727,-0.7038999084386148
2022-01-10,168.33935546875,168.6424206204467,164.40924966346103,165.29890311477462,106765600,169.34922841389974,0.00011630853217825532,0.018867881142706877,171.86301967075892,153.37639889187284,168.3197784423828,168.153564453125,171.00828552246094,4.233170956985674,3.0404523539753825
2022-01-11,171.16468811035156,171.26244286002324,166.99995985190662,168.46641535499305,76138300,169.83283335367838,0.01678355387386543,0.018717350425676457,171.5152544294085,153.61161770290798,168.33935546875,168.3197784423828,168.153564453125,4.262483008116618,2.6982727553585164
2022-01-12,171.6046600341797,173.2177554801649,170.91054596180936,172.18146241376857,74805200,170.16620788574218,0.002570459647287082,0.017929524706404538,170.61024475097656,153.8446745130751,171.16468811035156,168.33935546875,168.3197784423828,2.307209518355535,-0.5768023795888837
2022-01-13,168.33935546875,172.6702811972984,167.9482916298187,171.84906951188285,84505800,170.40801137288412,-0.01902806465033824,0.018321194978925197,169.56138392857142,154.0155258178711,171.6046600341797,171.16468811035156,168.33935546875,4.72198956747971,-3.5097140431328455
2022-01-14,169.1996612548828,169.89377524696252,167.26392904254132,167.50833831927105,80440800,170.7114064534505,0.005110544612323409,0.018271869086260672,169.30300903320312,154.21307406955296,168.33935546875,171.6046600341797,171.16468811035156,2.6298462044211988,1.6913229356117654
2022-01-18,166.0027618408203,168.68147761318977,165.62148401611884,167.6745127192973,90956700,170.97080637613934,-0.018894242401860883,0.018503083739364417,168.9957515171596,154.38638203938802,169.1996612548828,168.33935546875,171.6046600341797,3.059993597070928,-1.6717508784769848
2022-01-19,162.5126190185547,167.25416515581253,162.22911080921511,166.19831524532339,94815000,171.00046081542968,-0.02102460696173425,0.01856788479258788,168.16615731375558,154.57622968885633,166.0027618408203,169.1996612548828,168.33935546875,5.025054346597415,-3.685696226768698
2022-01-20,160.8310546875,165.8854360990158,160.50843269303434,163.24581922868165,91420500,170.78309987386066,-0.010347284667553747,0.017430623506681054,167.09354291643416,154.74110192192924,162.5126190185547,166.0027618408203,169.1996612548828,5.377003405981469,-2.414764541181654
2022-01-21,158.778076171875,162.61041256635795,158.67053547305395,160.74312175844747,122848900,170.3702128092448,-0.0127648141064175,0.016947219892449083,165.32402692522322,154.89867418077256,160.8310546875,162.5126190185547,166.0027618408203,3.9398770933040055,-1.9650455865724723
2022-01-24,158.00570678710938,158.67050778679211,151.24045969712583,156.44149634340394,162294600,169.94852549235026,-0.004864458641818725,0.016953092382930867,163.3813193184989,155.0377938164605,158.778076171875,160.8310546875,162.5126190185547,7.430048089666286,1.5642104437054343
2022-01-25,156.2068634033203,159.1202179477596,153.50859022634555,155.42475069595457,115798400,169.3075210571289,-0.01138467350557626,0.01601383528823133,161.64810616629464,155.15952996148005,158.00570678710938,158.778076171875,160.8310546875,5.611627721414067,0.7821127073657408
2022-01-26,156.11886596679688,160.7137572085088,154.29068942101793,159.84366081362626,108275300,168.78448588053385,-0.0005633391171566693,0.015698241810329625,159.77942112513952,155.30989990234374,156.2068634033203,158.00570678710938,158.778076171875,6.423067787490879,-3.7247948468293828
2022-01-27,155.65939331054688,160.17607231774176,154.74041197266266,158.81715723147198,121954600,168.29208221435547,-0.0029430950154846203,0.015670324338137833,158.30179704938615,155.48900705973307,156.11886596679688,156.2068634033203,158.00570678710938,5.4356603450791,-3.157763920925106
2022-01-28,166.5209197998047,166.5404767176366,159.1593140383979,162.0042414218655,179935700,167.99976908365886,0.06977752038123786,0.01979187814147689,158.8744114467076,155.78348253038195,155.65939331054688,156.11886596679688,156.2068634033203,7.381162679238713,4.516678377939201
2022-01-31,170.87142944335938,171.08651082179728,165.71927719769477,166.3547503312831,115541600,168.08189137776694,0.026125904473653927,0.019080056671345876,160.30875069754464,156.1000474717882,166.5209197998047,155.65939331054688,156.11886596679688,5.367233624102511,4.516679112076275
2022-02-01,170.70523071289062,170.93008309016165,168.45666218750117,170.11864243059435,86213900,168.1949717203776,-0.0009726537140244407,0.019035177744596468,162.01262991768974,156.40413597954645,170.87142944335938,166.5209197998047,155.65939331054688,2.4734209026604788,0.586588282296276
2022-02-02,171.90769958496094,171.94681342176997,169.45383589849953,170.84207875406224,84914300,168.3934321085612,0.007044124348437597,0.018990267761862144,163.9986288888114,156.72060902913412,170.70523071289062,170.87142944335938,166.5209197998047,2.49297752327044,1.0656208308986947
2022-02-03,169.03343200683594,172.2987509371964,168.27087633720052,170.57810026310062,89418100,168.39049784342447,-0.016719830380281908,0.018962034361773534,165.83099583217077,157.02195858425563,171.90769958496094,170.70523071289062,170.87142944335938,4.027874599995869,-1.5446682562646856
2022-02-04,168.74957275390625,170.42346859121156,167.0756769166009,168.05455952783922,82465400,168.2917444864909,-0.0016793083448616297,0.018745969843991954,167.63538251604353,157.35768364800347,169.03343200683594,171.90769958496094,170.70523071289062,3.3477916746106473,0.695013226067033
2022-02-07,168.0349578857422,170.27659202989256,167.3399448033814,169.20961378903462,77251200,168.1483139038086,-0.004234765496006432,0.018742352775807467,169.4033203125,157.6754896375868,168.74957275390625,169.03343200683594,171.90769958496094,2.9366472265111554,-1.1746559032924324
2022-02-08,171.13807678222656,171.6471000057892,167.80986639624405,168.1035342150904,74829200,167.976340230306,0.018467103128590567,0.018563423867017738,170.0629141671317,158.04220106336805,168.0349578857422,168.74957275390625,169.03343200683594,3.837233609545166,3.0345425671361568
2022-02-09,172.55743408203125,172.91961588647231,171.20657123174874,172.3322952525055,71285000,167.88556976318358,0.008293638251006152,0.018611822630349908,170.30377197265625,158.4122095743815,171.13807678222656,168.0349578857422,168.74957275390625,1.713044654723575,0.22513882952574704
2022-02-10,168.4852752685547,171.7743215374217,167.92731993059743,170.4626223841964,90865900,167.6561269124349,-0.023598860490361195,0.019087494507330858,169.98663548060827,158.775043741862,172.55743408203125,171.13807678222656,168.0349578857422,3.8470016068242785,-1.9773471156417202
2022-02-11,165.07876586914062,169.42500712943504,164.49143031742815,168.6908451580762,98670700,167.3515879313151,-0.020218439824989498,0.019381178192507714,169.01107352120536,159.0786600748698,168.4852752685547,172.55743408203125,171.13807678222656,4.933576812006891,-3.6120792889355755
2022-02-14,165.31370544433594,165.99892030677,163.04269054419584,163.83558309476697,86185500,167.07540995279948,0.0014231968233973102,0.019385387921498177,168.47968401227678,159.37523295084637,165.07876586914062,168.4852752685547,172.55743408203125,2.956229762574168,1.478122349568963
2022-02-15,169.14114379882812,169.29776862360237,166.65478818594016,167.3595849608588,62527400,166.782123819987,0.023152577363169335,0.019301024654807312,168.5356227329799,159.7003402709961,165.31370544433594,165.07876586914062,168.4852752685547,2.642980437662203,1.7815588379693281
2022-02-16,168.90621948242188,169.67953027359678,166.45901263665095,168.22100455291906,61177400,166.55628509521483,-0.0013889247236359425,0.019185246684126075,168.66008867536272,160.02706807454427,169.14114379882812,165.31370544433594,165.07876586914062,3.2205176369458286,0.6852149295028198
2022-02-17,165.31370544433594,168.27971865617212,164.91235997613748,167.4182971510757,69589300,166.36646575927733,-0.02126928214422452,0.018964692699325346,167.82803562709265,160.31485477023654,168.90621948242188,169.14114379882812,165.31370544433594,3.3673586800346413,-2.104591706739768
2022-02-18,163.7670440673828,166.93861378532614,162.68048390268257,166.23383213199764,82772700,166.22024841308593,-0.009355917422551041,0.018801367667185376,166.572265625,160.59955749511718,165.31370544433594,168.90621948242188,169.14114379882812,4.258129882643573,-2.466788064614832
2022-02-22,160.8499755859375,163.16992227378196,158.72578746937097,161.4960266681506,91162800,165.97125498453775,-0.017812304655416944,0.019054322351597215,165.48150852748327,160.85835605197482,163.7670440673828,165.31370544433594,168.90621948242188,4.444134804410993,-0.6460510822130914
2022-02-23,156.6897430419922,162.64133603328534,156.37649344425944,162.04421705709984,90009200,165.5829345703125,-0.025864054556368976,0.019569291592402113,164.2830766950335,161.04001702202692,160.8499755859375,163.7670440673828,165.31370544433594,6.264842589025903,-5.354474015107655
2022-02-24,159.30335998535156,159.4110376690062,148.79015546543386,149.35790916683425,141147500,165.18755696614582,0.01668020441299034,0.019565842185259988,163.42445591517858,161.23900299072267,156.6897430419922,160.8499755859375,163.7670440673828,10.620882203572336,9.945450818517315
2022-02-25,161.36880493164062,161.6330924831591,157.47284137265066,160.38012393186045,91974200,164.8463617960612,0.012965482626851044,0.019744639163177535,162.31412179129464,161.44239044189453,159.30335998535156,156.6897430419922,160.8499755859375,4.160251110508426,0.988680999780172
2022-02-28,161.6331024169922,161.9267702066246,158.99990563300975,159.6166064975814,95056600,164.62282002766926,0.0016378474480462923,0.01948390236580883,161.27510506766183,161.62474365234374,161.36880493164062,159.30335998535156,156.6897430419922,2.926864573614864,2.0164959194108008
2022-03-01,159.75369262695312,163.08190358085798,158.54967079445237,161.22201703517248,83474400,164.30795440673828,-0.011627629253755378,0.019537313588546094,160.48081752232142,161.7807905409071,161.6331024169922,161.36880493164062,159.30335998535156,4.532232786405615,-1.4683244082193596
2022-03-02,163.04270935058594,163.82581854222389,159.5089420061074,160.9185355637426,79724800,164.20928599039715,0.020588048198129094,0.01967071572445475,160.3773411342076,161.9709957546658,159.75369262695312,161.6331024169922,161.36880493164062,4.316876536116496,2.124173786843329
2022-03-03,162.7196807861328,165.34309441078548,162.05404766344782,164.91238359654656,76678400,164.2161880493164,-0.00198125120552628,0.01928624656498823,160.64444187709265,162.16618109809028,163.04270935058594,159.75369262695312,161.6331024169922,3.2890467473376646,-2.192702810413749
2022-03-04,159.72427368164062,162.05401907314567,158.67687705595137,161.01640589639365,83737200,164.1792953491211,-0.01840838852449045,0.01949357476774397,161.07794625418526,162.32862633599174,162.7196807861328,163.04270935058594,159.75369262695312,3.377142017194302,-1.2921322147530248
2022-03-07,155.93600463867188,161.53521443024337,155.68148559760553,159.91026569329455,96418800,164.08455963134764,-0.02371755372961948,0.019839419816445745,160.5968954903739,162.44160393608942,159.72427368164062,162.7196807861328,163.04270935058594,5.853728832637842,-3.974261054622673
2022-03-08,154.11529541015625,159.44041971330986,152.50992837199067,155.4661583222758,131148300,163.9548792521159,-0.011676002811117914,0.019930864237362463,159.56067984444755,162.5394490559896,155.93600463867188,159.72427368164062,162.7196807861328,6.930491341319197,-1.3508629121195384
2022-03-09,159.5089111328125,159.959203685233,156.04367342146804,158.06995256595388,91454900,164.06494750976563,0.034997277254680714,0.020846720246216033,159.2572239467076,162.65687391493054,154.11529541015625,155.93600463867188,159.72427368164062,3.915530263764964,1.4389585668586165
2022-03-10,155.17250061035156,157.00300660733848,152.6861300144377,156.81701649151432,105342000,164.0334019978841,-0.02718600792685677,0.021468709279558622,158.60276794433594,162.75616183810763,159.5089111328125,154.11529541015625,155.93600463867188,4.316876592900769,-1.6445158811627607
2022-03-11,151.4624786376953,155.9163968116597,151.23733985445327,155.5737819765236,96970100,163.89350484212238,-0.023909017113620923,0.021905189757154418,156.94844927106584,162.8233384874132,155.17250061035156,159.5089111328125,154.11529541015625,4.679056957206427,-4.111303338828293
2022-03-14,147.43930053710938,150.86538982544317,146.9302923114544,148.25177493215907,108732100,163.25745086669923,-0.026562209576733165,0.017918492903217814,154.76553780691964,162.83431582980685,151.4624786376953,155.17250061035156,159.5089111328125,3.9350975139887794,-0.8124743950496907
2022-03-15,151.81494140625,152.28481594029148,147.20441143229365,147.7134197726543,92964300,162.6222345987956,0.029677574793155692,0.018134109279834578,153.63563319614954,162.87796579996746,147.43930053710938,151.4624786376953,155.17250061035156,5.080404507997827,4.101521633595695
2022-03-16,156.21986389160156,156.62120932527256,151.19820652447248,153.73350876565036,102300200,162.13938903808594,0.029015078783083625,0.01909495597220717,153.67618451799666,162.97630852593315,151.81494140625,147.43930053710938,151.4624786376953,5.423002800800077,2.4863551259512064
2022-03-17,157.22813415527344,157.60011436017203,154.30128444798586,155.26058530967927,75615400,161.6500701904297,0.00645417451119723,0.019084795473470494,154.1208757672991,163.07998860677083,156.21986389160156,151.81494140625,147.43930053710938,3.2988299121861644,1.967548845594166
2022-03-18,160.51718139648438,161.00662274780382,156.38629519642316,157.1204572234023,123511700,161.36619517008464,0.020918948500417756,0.019372839077805792,154.2649143763951,163.22933807373047,157.22813415527344,156.21986389160156,151.81494140625,4.6203275513806545,3.3967241730820774
2022-03-21,161.88763427734375,162.8371517415441,159.5676719986422,160.0571133745572,95811400,161.13746388753256,0.008537733275257864,0.019459927356840545,155.2242191859654,163.3898956298828,160.51718139648438,157.22813415527344,156.21986389160156,3.2694797429018934,1.83052090278656
2022-03-22,165.25494384765625,165.842264360941,161.42750984935597,162.01483036264074,81532000,161.0447967529297,0.020800288949455403,0.019858020529065355,157.19457135881697,163.6192608303494,161.88763427734375,160.51718139648438,157.22813415527344,4.414754511585016,3.240113485015513
2022-03-23,166.6156005859375,168.9942779440516,164.1096487837443,164.44248019289995,98062700,160.89404754638673,0.008233682494458883,0.0196097051071455,159.93404279436385,163.86428748236762,165.25494384765625,161.88763427734375,160.51718139648438,4.884629160307298,2.17312039303755
2022-03-24,170.39410400390625,170.46261801995993,166.61561651162776,167.44765777264146,90131400,160.82193654378256,0.022677968957773853,0.020009148177486558,162.5882088797433,164.12826877170139,166.6156005859375,165.25494384765625,161.88763427734375,3.84700150833217,2.9464462312647868
2022-03-25,171.0303955078125,171.57856745870845,169.10199529276142,170.20813758146855,80546200,160.90677388509116,0.0037342342777990645,0.019524669676419366,164.70399911063058,164.39921129014758,170.39410400390625,166.6156005859375,165.25494384765625,2.476572165947033,0.8222579263439513
2022-03-28,171.8917999267578,172.0190445148475,168.36781639958284,168.53422465828777,90371900,161.13387502034504,0.005036557486683524,0.019132879994459027,166.79880850655692,164.66886257595485,171.0303955078125,170.39410400390625,166.6156005859375,3.651228115264672,3.3575752684700433
2022-03-29,175.18084716796875,175.22977935165113,172.6161644453855,172.95877935054617,100589400,161.46277974446613,0.01913440456503679,0.01940098111317862,168.89361790248327,164.94801076253256,171.8917999267578,171.0303955078125,170.39410400390625,2.6136149062656386,2.222067817422584
2022-03-30,174.01596069335938,175.8171010585222,172.96854916161706,174.77948791199498,92633200,161.62527364095052,-0.0066496223385222875,0.019046444011075653,170.62623596191406,165.16663750542534,175.18084716796875,171.8917999267578,171.0303955078125,2.8485518969051498,-0.7635272186356019
2022-03-31,170.92271423339844,174.27049138056105,170.7171422878286,174.0845012718467,103049300,161.69249013264974,-0.01777564797870279,0.019353457056281553,171.4359174455915,165.32178293863933,174.01596069335938,175.18084716796875,171.8917999267578,3.5533490927324465,-3.161787038448267
2022-04-01,170.62904357910156,171.18701389593227,168.30909632537671,170.35495761395958,78751300,161.86966807047526,-0.0017181487879712742,0.018916712966925712,172.00926644461495,165.46855977376302,170.92271423339844,174.01596069335938,175.18084716796875,2.877917570555553,0.27408596514197825
2022-04-04,174.67181396484375,174.72076108227714,170.75628355518236,170.8835430731966,76468400,162.23316040039063,0.02369333087111869,0.019238672924023034,172.62036786760603,165.65601976182725,170.62904357910156,170.92271423339844,174.01596069335938,3.964477527094772,3.7882708916471586
2022-04-05,171.3632049560547,174.53479031608524,170.73672061862993,173.7516811601631,73401800,162.58360137939454,-0.018941859786576587,0.019280512062141025,172.66791207449776,165.80096079508465,174.67181396484375,170.62904357910156,170.92271423339844,3.798069697455304,-2.3884762041084002
2022-04-06,168.201416015625,169.9634078617043,166.537318414103,168.7202226513366,89058800,162.96732381184896,-0.018450804192419956,0.01895191025500544,172.14071437290735,165.96649559868706,171.3632049560547,174.67181396484375,170.62904357910156,3.4260894476012993,-0.5188066357115986
2022-04-07,168.5048828125,169.69912101079552,166.2632477962957,167.5455818608837,77594700,163.27404123942057,0.001804186932925722,0.01876283059626753,171.18700517926897,166.0981438530816,168.201416015625,171.3632049560547,174.67181396484375,3.4358732144998214,0.9593009516163136
2022-04-08,166.49815368652344,168.15246782773184,165.62694868711696,168.15246782773184,76575500,163.44501953125,-0.01190902656636661,0.018813078063958242,170.113032749721,166.15252973768446,168.5048828125,168.201416015625,171.3632049560547,2.5255191406148754,-1.6543141412084026
2022-04-11,162.24978637695312,165.46052001953282,162.0050657338506,165.1472853633742,72246700,163.4655756632487,-0.02551600252318098,0.01943492744195618,168.87404305594308,166.16546902126737,166.49815368652344,168.5048828125,168.201416015625,3.455454285682208,-2.897498986421084
2022-04-12,164.1194610595703,166.28278325109693,163.1209966207163,164.47185939466212,79265200,163.61110127766926,0.011523433863101618,0.01940421546509554,167.94410269601005,166.2101540459527,162.24978637695312,166.49815368652344,168.5048828125,3.161786630380618,-0.35239833509180585
2022-04-13,166.80160522460938,167.42808955183875,163.24827119923606,163.85517369033073,70618900,163.73639780680338,0.01634263327287866,0.019272075729763784,166.81978716169084,166.3054967244466,164.1194610595703,162.24978637695312,166.49815368652344,4.179818352602695,2.946431534278645
2022-04-14,161.7995147705078,167.6532440657547,161.55479409572018,167.01696134936807,75329400,163.70572560628256,-0.029988263286590766,0.02007985275699285,165.45354570661272,166.30745815700953,166.80160522460938,164.1194610595703,162.24978637695312,6.0984499700345225,-5.217446578860262
2022-04-18,161.58416748046875,163.08185675186522,160.11584349387897,160.45844346214486,69023900,163.7677220662435,-0.0013309513958957853,0.019779646955450106,164.5082244873047,166.24337242974175,161.7995147705078,166.80160522460938,164.1194610595703,2.9660132579862477,1.1257240183238935
2022-04-19,163.8649444580078,164.2760883021938,160.44865367684753,161.53521398147984,67723800,164.03202006022136,0.014115101826512433,0.019379418031901113,163.84537615094865,166.16226416693794,161.58416748046875,161.7995147705078,166.80160522460938,3.827434625346285,2.3297304765279705
2022-04-20,163.69857788085938,165.31374357546795,162.59245039656437,165.1962674744082,67929800,164.3514628092448,-0.0010152664299170056,0.019220192697855593,163.44543675013952,166.08495585123697,163.8649444580078,161.58416748046875,161.7995147705078,2.7212931789035792,-1.497689593548813
2022-04-21,162.90565490722656,167.90774603308134,162.4064301142371,165.34307817395856,87227800,164.46468760172527,-0.004843798791031029,0.018225996221307102,163.53913225446428,165.94571872287327,163.69857788085938,163.8649444580078,161.58416748046875,5.501315918844227,-2.4374232667319973
2022-04-22,158.3734130859375,164.32502122927878,158.08954369720692,162.94480808191494,84882400,164.5713846842448,-0.02782126761572601,0.018260045566652075,162.71826825823103,165.79642418755427,162.90565490722656,163.69857788085938,163.8649444580078,6.2354775320718545,-4.5713949959774425
2022-04-25,159.44039916992188,159.72426854560663,155.113739965227,157.71755627231695,96046400,164.83731536865236,0.006737154066417617,0.01767549167932907,161.66666739327567,165.67430080837673,158.3734130859375,162.90565490722656,163.69857788085938,4.610528580379622,1.7228428976049202
2022-04-26,153.4888153076172,158.91181906878418,153.4105028966986,158.82372320771267,95623200,165.0389658610026,-0.037327953851657436,0.018368225072906617,160.47942461286272,165.43206193712024,159.44039916992188,158.3734130859375,162.90565490722656,5.5013161720855805,-5.334907900095487
2022-04-27,153.263671875,156.41566043489684,152.09879906936447,152.61760570667977,88063200,165.0872568766276,-0.0014668393404819735,0.017584436729081776,159.29078238351005,165.2637942843967,153.4888153076172,159.44039916992188,158.3734130859375,4.316861365532361,0.6460661683202318
2022-04-28,160.1843719482422,161.04579354437072,155.57382764277364,155.88707729102597,130216800,165.2194071451823,0.04515551525404282,0.01869957945179903,158.7649863106864,165.18458930121528,153.263671875,153.4888153076172,159.44039916992188,5.471965901597088,4.297294657216213
2022-04-29,154.3208770751953,162.69032852477312,153.92932990538873,158.42239865298615,131747600,165.12249857584635,-0.03660466250066796,0.019882003171157226,157.4253147670201,165.05533362494575,160.1843719482422,153.263671875,153.4888153076172,8.760998619384395,-4.101521577790834
2022-05-02,154.6243133544922,154.88860092145774,150.0333512355366,153.4007100151784,123055300,164.9260696411133,0.0019662684987789003,0.01947721888232162,156.24226597377233,164.89425421820746,154.3208770751953,160.1843719482422,153.263671875,4.855249685921137,1.2236033393137973
2022-05-03,156.1121826171875,157.31621889046943,153.01892515604405,154.8102670522691,88966500,164.73355458577473,0.009622479352805469,0.019496652369618266,155.91923304966517,164.7209209865994,154.6243133544922,154.3208770751953,160.1843719482422,4.297293734425381,1.3019155649184029
2022-05-04,162.5141143798828,162.96439206944154,155.89685759161674,156.29820309411934,108256500,164.64219360351564,0.04100853408983385,0.020594919657848612,156.35833522251673,164.6117680867513,156.1121826171875,154.6243133544922,154.3208770751953,7.0675344778248075,6.215911285763468
2022-05-05,153.45944213867188,160.61507214954577,151.67786848905013,160.38993331507154,130525300,164.20365498860676,-0.05571622056189718,0.022860500258141087,156.35413905552454,164.35801425509982,162.5141143798828,156.1121826171875,154.6243133544922,8.93720366049564,-6.93049117639967
2022-05-06,154.1848602294922,156.30235682996496,151.1458596477854,152.93984857664353,116124600,163.66334686279296,0.004727099751638653,0.022409665725166235,156.48573739188058,164.12361772325303,153.45944213867188,162.5141143798828,156.1121826171875,5.156497182179578,1.2450116528486603
2022-05-09,149.0675811767578,152.7633948486293,148.50880608897836,151.8810971374127,131577900,162.9312530517578,-0.03318924468406104,0.023027796444044443,154.89762442452567,163.83138461642795,154.1848602294922,153.45944213867188,162.5141143798828,4.254588759650943,-2.8135159606548825
2022-05-10,151.46939086914062,153.6555174482576,149.92048190900607,152.45952464307157,115366700,162.25050608317056,0.01611222019853442,0.023270371724115252,154.49026925223214,163.57865634494357,149.0675811767578,154.1848602294922,153.45944213867188,3.735035539251527,-0.9901337739309497
2022-05-11,143.6170196533203,152.3908891933398,142.94059580220576,150.4792663261752,142689800,161.19837849934896,-0.0518413071496685,0.024422573973032567,152.9177987234933,163.24552273220485,151.46939086914062,149.0675811767578,154.1848602294922,9.45029339113404,-6.862246672854894
2022-05-12,139.75454711914062,143.32291464808353,136.06854586723028,139.9604210928437,182602000,160.05633138020832,-0.02689425350493546,0.02471027815955133,150.58099365234375,162.8212429470486,143.6170196533203,151.46939086914062,149.0675811767578,7.254368780853241,-0.20587397370306348
2022-05-13,144.2150115966797,145.18553469561974,140.2937279042498,141.74459868206603,113990900,159.16607462565105,0.03191641752977459,0.02561107544626162,147.96683611188615,162.47161661783855,139.75454711914062,143.6170196533203,151.46939086914062,4.89180679136993,2.470412914613661
2022-05-16,142.67588806152344,144.61693408926746,141.34265112461745,142.68570084334092,86643800,158.23430277506512,-0.010672422503842038,0.025619726175470283,146.42632838657923,162.1568122016059,144.2150115966797,139.75454711914062,143.6170196533203,3.2742829646500127,-0.009812781817487348
2022-05-17,146.30308532714844,146.82265416778552,143.79345144967377,145.93055862687706,78336300,157.28867848714194,0.02542263668308764,0.025689819984732284,145.30036054338728,161.91402910020616,142.67588806152344,144.2150115966797,139.75454711914062,3.0292027181117476,0.37252670027137924
2022-05-18,138.04881286621094,144.46010573899827,137.1469043666091,143.960147405131,109742900,156.1781987508138,-0.056418991045063205,0.02722770704116504,143.72625078473772,161.5776850382487,146.30308532714844,142.67588806152344,144.2150115966797,7.313201372389159,-5.911334538920073
2022-05-19,134.64706420898438,138.87224434894858,133.91182362893935,137.127274568989,136095600,155.05972035725912,-0.02464163643713002,0.02734212968506434,141.32306126185827,161.20332624647352,138.04881286621094,146.30308532714844,142.67588806152344,4.960420720009239,-2.4802103600046337
2022-05-20,134.88233947753906,137.93113785871375,130.00034593006458,136.3528207232791,137426100,153.93896891276043,0.001747347927241183,0.027341498757837746,140.07524980817522,160.80018903944227,134.64706420898438,138.04881286621094,146.30308532714844,7.930791928649171,-1.4704812457400465
2022-05-23,140.29371643066406,140.4407585737006,134.941158046499,135.07840236616943,117726300,153.06548767089845,0.040119240028648306,0.02864036288254441,140.15227399553572,160.45228966606987,134.88233947753906,134.64706420898438,138.04881286621094,5.499600527201608,5.215314064494635
2022-05-24,137.59783935546875,139.17615657107172,134.62746828487894,138.03898075989613,104132700,152.24375610351564,-0.019215950249116598,0.028509762239444677,139.20696367536272,160.1107172648112,140.29371643066406,134.88233947753906,134.64706420898438,4.548688286192771,-0.44114140442738403
2022-05-25,137.75469970703125,138.99969650386015,135.61759232548434,135.7058176181396,92482700,151.36493072509765,0.001139991385745942,0.02836386704805657,138.50393676757812,159.7613288031684,137.59783935546875,140.29371643066406,134.88233947753906,3.382104178375812,2.048882088891645
2022-05-26,140.95053100585938,141.49950829001511,134.44120114221013,134.68628135538745,90601500,150.50322825113932,0.02319943570437033,0.028572213151111428,137.7392861502511,159.48297068277995,137.75469970703125,137.59783935546875,140.29371643066406,7.058307147804982,6.264249650471925
2022-05-27,146.6952362060547,146.7344424649416,142.40142537012454,142.52887188890233,90978500,149.9997522989909,0.040756889379554684,0.0293642499522168,138.97448948451452,159.30722198486328,140.95053100585938,137.75469970703125,137.59783935546875,4.333017094817052,4.166364317152357
2022-05-31,145.9109649658203,147.69515625482543,143.95032308788612,146.13644955191023,103718400,149.47731221516926,-0.005346262499845267,0.029366276818329772,140.5836181640625,159.14144321017795,146.6952362060547,140.95053100585938,137.75469970703125,3.7448331669393156,-0.2254845860899195
2022-06-01,145.78353881835938,148.75391017683245,144.773794451972,146.95010821381516,74286600,148.87459869384764,-0.0008733144043752139,0.02919246806609626,142.14093235560827,158.99705946180555,145.9109649658203,146.6952362060547,140.95053100585938,3.9801157248604397,-1.166569395455781
2022-06-02,148.23435974121094,148.29317661370146,143.9699569834941,144.92086964479174,72348100,148.35912475585937,0.01681136939545147,0.029424777730873975,143.27530997140067,158.88848893907334,145.78353881835938,145.9109649658203,146.6952362060547,4.323219630207376,3.3134900964192013
2022-06-03,142.51905822753906,145.05808578629097,141.6171647882395,144.0091352358549,88570300,147.67957153320313,-0.038555848479729704,0.03013742328560683,143.97834123883928,158.736402214898,148.23435974121094,145.78353881835938,145.9109649658203,3.4409209980514674,-1.4900770083158363
2022-06-06,143.26409912109375,145.64628674294468,142.04849579123675,144.13658414441952,71598400,147.175927734375,0.005227657990590995,0.02983938018574219,144.76539829799108,158.59357147216798,142.51905822753906,148.23435974121094,145.78353881835938,3.5977909517079354,-0.8724850233257655
2022-06-07,145.78353881835938,146.06782531945106,141.26425852389363,141.50933876771822,67808200,146.72069905598957,0.01758598080553364,0.030025400498998368,145.45582798549108,158.48383975558812,143.26409912109375,142.51905822753906,148.23435974121094,4.80356679555743,4.274200050641156
2022-06-08,145.04827880859375,146.9206802540853,144.55811838609154,145.6560729457736,53950200,146.43934783935546,-0.005043505019326822,0.02930554681724738,145.22054835728235,158.24525485568577,145.78353881835938,143.26409912109375,142.51905822753906,2.362561867993776,-0.6077941371798374
2022-06-09,139.83299255371094,145.0384948829892,139.72515664096548,144.18562036487367,69473000,145.99165852864584,-0.035955519760182186,0.029974447728161095,144.3522665841239,157.90038333468968,145.04827880859375,145.78353881835938,143.26409912109375,5.313338242023718,-4.3526278111627335
2022-06-10,134.43142700195312,137.98998215242344,134.36279735008839,137.5194322486073,91437900,145.1332270304362,-0.03862869164931182,0.029264859722709993,142.73053632463728,157.4973410712348,139.83299255371094,145.04827880859375,145.78353881835938,3.6271848023350515,-3.088005246654177
2022-06-13,129.2847137451172,132.53937106937602,128.85337019356888,130.25522177759234,122207100,144.29868825276694,-0.038285045183379385,0.029328168930630182,140.02344403948103,157.02375233968098,134.43142700195312,139.83299255371094,145.04827880859375,3.6860008758071388,-0.970508032475152
2022-06-14,130.1473846435547,131.25515193955982,128.8925752102517,130.51011351307002,84784300,143.482790629069,0.0066726442241134,0.029381822038151092,138.25606209891183,156.59168514675565,129.2847137451172,134.43142700195312,139.83299255371094,2.362576729308131,-0.3627288695153368
2022-06-15,132.76483154296875,134.63724775917188,129.5591934714462,131.64726649009233,91533000,142.7045455932617,0.020111406053857195,0.029626985643519683,136.75616673060827,156.19185468885632,130.1473846435547,129.2847137451172,134.43142700195312,5.078054287725678,1.1175650528764152
2022-06-16,127.50052642822266,129.78467578709342,126.50059498012912,129.48077871917013,108123900,141.53742599487305,-0.03965135234659134,0.028964270709551244,134.14430781773157,155.74147211710613,132.76483154296875,130.1473846435547,129.2847137451172,3.2840808069642975,-1.980252290947476
2022-06-17,128.9710235595703,130.4611156124141,127.25546187351353,127.5103548974603,134520300,140.72114537556965,0.011533263214999145,0.027689961556358233,131.8475570678711,155.27294930352105,127.50052642822266,132.76483154296875,130.1473846435547,3.2056537389005655,1.4606686621100096
2022-06-21,133.19619750976562,134.36278178825876,130.69639115129178,130.79441426737327,81000500,140.02152328491212,0.03276064524868838,0.028504693107999034,130.89944349016463,154.83560223049588,128.9710235595703,127.50052642822266,132.76483154296875,3.6663906369669803,2.401783242392355
2022-06-22,132.68643188476562,135.04899374439105,131.27476747959807,132.13743964836019,73409200,139.47548497517903,-0.0038271785120789215,0.027983912504529307,130.65015847342355,154.43783730400932,133.19619750976562,128.9710235595703,127.50052642822266,3.7742262647929863,0.5489922364054394
2022-06-23,135.54898071289062,135.86267563561398,132.96093402675356,134.1275183400123,72433800,138.94480463663737,0.02157378706672164,0.028133208954184138,131.54505375453405,154.109728580051,132.68643188476562,133.19619750976562,128.9710235595703,2.9017416088604193,1.4214623728783238
2022-06-24,138.8722381591797,139.1173183416044,137.01943257838917,137.1468641014651,89116800,138.78664525349936,0.024517022767792884,0.02702323939389344,132.79146139962333,153.81593449910483,135.54898071289062,132.68643188476562,133.19619750976562,2.0978857632152312,1.725374057714589
2022-06-27,138.8722381591797,140.66622688954945,138.19581446232633,139.8917651363233,70207900,138.757234954834,0.0,0.0265687668184479,133.66394805908203,153.47961332533094,138.8722381591797,135.54898071289062,132.68643188476562,2.470412427223124,-1.019526977143613
2022-06-28,134.7353057861328,140.59762053174873,134.61767206581916,139.3330131628478,67083400,138.44124476114908,-0.029789484405839284,0.02641139350756218,134.6974879673549,153.0999365064833,138.8722381591797,138.8722381591797,135.54898071289062,5.979948465929567,-4.597707376714993
2022-06-29,136.4900665283203,137.90173093297278,133.98044756827542,134.75490940956817,66242400,138.23505071004232,0.01302376338517286,0.026494945880594836,135.77163696289062,152.7796738518609,134.7353057861328,138.8722381591797,138.8722381591797,3.9212833646973593,1.7351571187521415
2022-06-30,134.02947998046875,135.64700354645933,131.13753620204082,134.5490488814723,98964500,137.82593053181967,-0.01802758699176854,0.026178868856391754,135.89067731584822,152.4492564731174,136.4900665283203,134.7353057861328,138.8722381591797,4.5094673444185105,-0.519568901003538
2022-07-01,136.19598388671875,136.3038197907336,132.9903451154339,133.36285690870372,71051600,137.7641695658366,0.016164383436880536,0.02431981752656335,136.3920418875558,152.17532323201496,134.02947998046875,136.4900665283203,134.7353057861328,3.3134746752996875,2.8331269780150308
2022-07-05,138.77423095703125,138.82324999611623,134.23534018265374,135.05882114715405,73353800,137.9017417907715,0.018930419214541416,0.024107690940995886,136.85279192243303,151.97626198662653,136.19598388671875,134.02947998046875,136.4900665283203,4.587909813462488,3.715409809877201
2022-07-06,140.10748291015625,141.28386518046202,138.3036957651199,138.56838663745515,74064300,138.0759132385254,0.009607345282553359,0.024155505329117134,137.02925545828683,151.76297446356878,138.77423095703125,136.19598388671875,134.02947998046875,2.980169415342118,1.5390962727011015
2022-07-07,143.46995544433594,143.66601661315485,140.46036340026106,140.4701612232241,66253700,138.18178787231446,0.02399923590330899,0.023436578357472933,137.68607221330916,151.5640983581543,140.10748291015625,138.77423095703125,136.19598388671875,3.205653212893793,2.9997942211118414
2022-07-08,144.14634704589844,144.64632016905765,142.14649942878123,142.40137742200497,64547800,138.40007146199545,0.004714517401693374,0.023129533410803996,139.03050667898995,151.36980107625325,143.46995544433594,140.10748291015625,138.77423095703125,2.4998207402764194,1.7449696238934678
2022-07-11,142.01905822753906,143.75423009408246,140.95051223046443,142.80331779694055,63141600,138.54221674601237,-0.01475784063873653,0.023326729235608218,139.8203626360212,151.17274958292643,144.14634704589844,143.46995544433594,140.10748291015625,2.803717863618033,-0.7842595694014847
2022-07-12,142.9895782470703,145.5286052761855,142.19552087150592,142.89154019342988,77588800,138.61018498738608,0.006833730850237751,0.022985347293313092,141.10037667410714,150.94993701510958,142.01905822753906,144.14634704589844,143.46995544433594,3.3330844046795676,0.09803805364043683
2022-07-13,142.62689208984375,143.56799177024092,139.3232005090592,140.17608985764943,71185600,138.4745735168457,-0.0025364516888068955,0.02170970446818167,142.01907784598214,150.72668380737304,142.9895782470703,142.01905822753906,144.14634704589844,4.244791261181717,2.45080223219432
2022-07-14,145.5482635498047,146.01881345268225,140.43098661066193,141.24465485515523,78140700,138.46248346964518,0.02048261318153588,0.022029187219392708,142.98679678780692,150.56917258368597,142.62689208984375,142.9895782470703,142.01905822753906,5.58782684202032,4.303608694649455
2022-07-15,147.21478271484375,147.8912065060331,145.2835494113212,146.83245817528143,76259900,138.51019159952799,0.011449941925750329,0.022124062503809123,144.0021253313337,150.47227011786566,145.5482635498047,142.62689208984375,142.9895782470703,2.6076570947118967,0.38232453956231893
2022-07-18,144.17581176757812,148.58725611818477,143.8130828380742,147.77358792071823,81420900,138.37490666707356,-0.02064310995963048,0.022232165524915186,144.10296194893974,150.3618314107259,147.21478271484375,145.5482635498047,142.62689208984375,4.774173280110574,-3.597776153140103
2022-07-19,148.02847290039062,148.25394254490203,144.01896354895925,145.0090823866063,82982400,138.55855382283528,0.026721965949623172,0.021582677665964015,144.65755135672433,150.23427098592123,144.17581176757812,147.21478271484375,145.5482635498047,4.234978995942782,3.019390513784316
2022-07-20,150.0283203125,150.69494637561027,147.41086501912858,148.14610577429508,64823400,138.78402786254884,0.01350988342259729,0.021684837097122933,145.8017316545759,150.1771134270562,148.02847290039062,144.17581176757812,147.21478271484375,3.2840813564816926,1.88221453820492
2022-07-21,152.29283142089844,152.50850317822432,148.9499341408544,151.4595528168205,65086600,139.00100428263346,0.015093890964596568,0.02162684921418827,147.13076782226562,150.18633956909179,150.0283203125,148.02847290039062,144.17581176757812,3.558569037369921,0.8332786040779467
2022-07-22,151.05763244628906,153.2045374479934,150.3910214648786,152.3320525114364,66675400,139.20131607055663,-0.008110683628933302,0.02166696803619235,148.3351593017578,150.22654325697158,152.29283142089844,150.0283203125,148.02847290039062,2.8135159831147973,-1.274420065147325
2022-07-25,149.94007873535156,151.9889458272938,149.28326552705713,150.97921649648936,53623900,139.538218943278,-0.007398194270884395,0.02055992897214339,148.96256147112166,150.20571144951714,151.05763244628906,152.29283142089844,150.0283203125,2.705680300236679,-1.0391377611377948
2022-07-26,148.6166534423828,150.07732200029463,147.83239373585778,149.2636538636445,55138700,140.01105982462565,-0.008826361197959876,0.019175815414161215,149.16282871791296,150.12123133341473,149.94007873535156,151.05763244628906,152.29283142089844,2.244928264436851,-0.64700042126168
2022-07-27,153.70452880859375,154.23391054533735,149.16565257909815,149.57738561961435,78620700,140.82505366007487,0.03423489392582413,0.01827273096200895,150.5240740094866,150.08208016289606,148.6166534423828,149.94007873535156,151.05763244628906,5.0682579662392016,4.127143188979403
2022-07-28,154.2535400390625,154.5378265928496,151.3713934440884,153.89081103917914,81378700,141.62859217325845,0.0035718611203214845,0.01827724567195155,151.41336931501115,150.01248414781358,153.70452880859375,148.6166534423828,149.94007873535156,3.1664331487612003,0.36272899988335894
2022-07-29,159.3119659423828,160.4099356728857,156.36120501340108,158.06696899861157,101786900,142.51349665323895,0.03279293235046232,0.018758946669411407,152.73960440499442,149.98386561075847,154.2535400390625,153.70452880859375,148.6166534423828,4.048730659484619,1.2449969437712411
2022-08-01,158.33160400390625,160.37067302404677,157.72380990621818,157.84144361325252,67829400,143.54119923909505,-0.006153724440454922,0.01682932517239226,153.60228620256697,149.90693961249457,159.3119659423828,154.2535400390625,153.70452880859375,2.6468631178285875,0.4901603906537275
2022-08-02,156.8611297607422,159.2139087149108,156.48861801917639,156.94937000342367,59907000,144.4708694458008,-0.009287307183016846,0.017079653329529643,154.43135724748885,149.79855660332575,158.33160400390625,159.3119659423828,154.2535400390625,2.725290695734401,-0.08824024268147923
2022-08-03,162.8607177734375,163.311657015849,157.58658648416494,157.67481177613547,82507500,145.45968678792318,0.038247767447846304,0.01739496575193325,156.27716282435827,149.7148523118761,156.8611297607422,158.33160400390625,159.3119659423828,5.725070531684054,5.185905997302029
2022-08-04,162.5469970703125,163.89984462441896,161.19414951620604,162.7430582477967,55474100,146.45503896077474,-0.001926312909669381,0.017358078410123122,158.2672119140625,149.62059232923718,162.8607177734375,156.8611297607422,158.33160400390625,2.7056951082129217,-0.1960611774842107
2022-08-05,162.32122802734375,162.81206933981917,160.01426786699392,160.22042780912037,56697000,147.34744720458986,-0.0013889462557779009,0.01719577399631668,159.4981689453125,149.51425264146593,162.5469970703125,162.8607177734375,156.8611297607422,2.797801472825256,2.100800218223384
2022-08-08,161.8499755859375,164.73612429374802,161.19225016288922,163.32249921406247,60276900,148.11337178548177,-0.002903208946440805,0.016913268745414444,160.5833740234375,149.36613184611002,162.32122802734375,162.5469970703125,162.8607177734375,3.5438741308587964,-1.472523628124975
2022-08-09,161.89907836914062,162.78260161908204,160.2596703687026,161.01557009848563,63135500,148.8809331258138,0.00030338455736766967,0.0169101091355044,160.95296151297433,149.23149982028536,161.8499755859375,162.32122802734375,162.5469970703125,2.5229312503794574,0.8835082706549997
2022-08-10,166.1399688720703,166.23812814464867,163.8428202002786,164.60853143111325,70170500,149.9277552286784,0.026194655001433587,0.015971336019851536,162.06844220842635,149.1783582051595,161.89907836914062,161.8499755859375,162.32122802734375,2.3953079443700744,1.5314374409570632
2022-08-11,165.40370178222656,167.85790820975464,165.10919401506573,166.9449356294848,57149200,150.89154307047525,-0.004431607245639291,0.016066909613635137,163.28880964006697,149.1202988518609,166.1399688720703,161.89907836914062,161.8499755859375,2.7487141946889153,-1.5412338472582405
2022-08-12,168.9475555419922,169.01626552422525,166.2970009450499,166.7093207555899,68039400,152.05547892252605,0.021425480334361202,0.015593609419332386,164.15835789271765,149.05669598049587,165.40370178222656,166.1399688720703,161.89907836914062,2.719264579175359,2.2382347864022734
2022-08-15,170.01760864257812,170.21394216296972,168.21131628811554,168.3782005294128,54091700,153.18286641438803,0.006333640620920233,0.015516265098272919,165.22558811732702,149.04174491034613,168.9475555419922,165.40370178222656,166.1399688720703,2.002625874854175,1.6394081131653309
2022-08-16,169.86053466796875,170.52808660786044,168.51563433427114,169.61511402434292,56377100,154.21907653808594,-0.0009238688619576108,0.01543672587607869,166.30263192313058,149.06017956203885,170.01760864257812,168.9475555419922,165.40370178222656,2.012452273589304,0.2454206436258346
2022-08-17,171.3527374267578,172.92342093468278,169.40900965777863,169.6053432238579,79542000,155.26058502197264,0.008784870256683952,0.015432434409553187,167.66016932896204,149.09182239108617,169.86053466796875,170.01760864257812,168.9475555419922,3.5144112769041556,1.747394202899926
2022-08-18,170.96002197265625,171.6962839363271,169.94889007422466,170.56735491708034,62290100,156.17692057291666,-0.0022918539849380304,0.015169065097433316,168.95458984375,149.14139870537653,171.3527374267578,169.86053466796875,170.01760864257812,1.7473938621024274,0.3926670555759131
2022-08-19,168.37820434570312,170.55754092380556,168.1720444080825,169.86053968443733,70346300,156.98464914957682,-0.015101879358474068,0.015649496661755927,169.2743377685547,149.20949223836263,170.96002197265625,171.3527374267578,169.86053466796875,2.385496515723048,-1.4823353387342024
2022-08-22,164.5005340576172,166.74858025975374,164.0784028181707,166.58169604206546,69026800,157.7340316772461,-0.023029526316390436,0.01608214425072169,169.1453138078962,149.21372638278538,168.37820434570312,170.96002197265625,171.3527374267578,2.6701774415830357,-2.081161984448272
2022-08-23,164.16676330566406,165.61966421752064,163.59738564765863,164.01951691966545,54147100,158.4399378458659,-0.0020289949443946798,0.016129282813217873,168.46234348842077,149.18445036146375,164.5005340576172,168.37820434570312,170.96002197265625,2.02227856986201,0.1472463859986135
2022-08-24,164.46128845214844,165.03066617037743,163.2047358944321,164.25514348994625,53841500,159.1677510579427,0.0017940607498974082,0.016081233165589907,167.6685834612165,149.2140256245931,164.16676330566406,164.5005340576172,168.37820434570312,1.8259302759453249,0.20614496220218825
2022-08-25,166.91549682617188,167.0234825149317,165.26627719342727,165.68839353539587,51218200,159.87999216715494,0.014922711582291415,0.01592655072861664,167.24786376953125,149.27326261732313,164.46128845214844,164.16676330566406,164.5005340576172,1.757205321504415,1.2271032907760002
2022-08-26,160.62290954589844,167.91681938586046,160.56401098389765,167.44561591056575,78961000,160.3269297281901,-0.037699239435069476,0.01764340200175075,165.71503121512276,149.23724000718857,166.91549682617188,164.46128845214844,164.16676330566406,7.352808401962818,-6.822706364667312
2022-08-29,158.4239501953125,159.91609703205498,156.89252766433086,158.19815240165843,73314000,160.80186767578124,-0.013690197474337085,0.01736477369114501,163.92416381835938,149.17863303290474,160.62290954589844,166.91549682617188,164.46128845214844,3.0235693677241215,0.22579779365406694
2022-08-30,155.99917602539062,159.58231130465205,154.8309714061125,159.16019500251252,77906200,161.06755777994792,-0.01530560352101118,0.017102631525687282,162.15573120117188,149.1018943786621,158.4239501953125,160.62290954589844,166.91549682617188,4.751339898539555,-3.1610189771218984
2022-08-31,154.34011840820312,157.63857209111154,154.261582013457,157.37351363125413,87991100,161.211284383138,-0.010635040898661297,0.017105093700418753,160.70424325125558,149.05707999335394,155.99917602539062,158.4239501953125,160.62290954589844,3.37699007765454,-3.033395223051002
2022-09-01,155.06658935546875,155.5181549609377,151.83684522830168,153.77076113952282,74229900,161.30374298095703,0.004706948230687624,0.016915844508299294,159.40421840122767,149.00848210652669,154.34011840820312,155.99917602539062,158.4239501953125,3.6813097326360094,1.2958282159459316
2022-09-02,152.95596313476562,157.42262194968552,152.13135334781393,156.82379496598037,76957800,161.3670206705729,-0.013611095913542037,0.017044396230051828,157.76060049874442,149.00256152682834,155.06658935546875,154.34011840820312,155.99917602539062,5.291268601871593,-3.867831831214744
2022-09-06,151.6993865966797,154.2124912520568,150.8747769402501,153.60385293125665,73714800,161.42566426595053,-0.00821528309412034,0.0170581922900727,155.58687046595983,148.98518057929144,152.95596313476562,155.06658935546875,154.34011840820312,3.3377143118067067,-1.9044663345769663
2022-09-07,153.1032257080078,153.80021196934476,150.79626559392008,151.9841081371773,87449600,161.5752166748047,0.009254085615128416,0.017035653927688903,154.51262991768974,148.90650117662219,151.6993865966797,152.95596313476562,155.06658935546875,3.0039463754246754,1.1191175708305252
2022-09-08,151.6306915283203,153.49588236025656,149.88328282837716,151.80738719524012,84923800,161.50608876546224,-0.009617917407539478,0.01594365134782508,153.5421643938337,148.87661022610135,153.1032257080078,151.6993865966797,152.95596313476562,3.612599531879397,-0.1766956669198123
2022-09-09,154.48739624023438,154.92916542303703,151.91539245059826,152.62220516793604,68028800,161.51388397216797,0.018839884479327162,0.016311937070180214,153.3261958530971,148.8750889248318,151.6306915283203,153.1032257080078,151.6993865966797,3.0137729724387725,1.8651910722983303
2022-09-12,160.4364013671875,161.25119983056848,156.38206187837264,156.66674327917337,104956000,161.5513651529948,0.038508028950803075,0.01673388141941858,154.1970934186663,148.9231357998318,154.48739624023438,151.6306915283203,153.1032257080078,4.8691379521958424,3.7696580880141255
2022-09-13,151.02206420898438,157.59933535695706,150.56067213786505,156.97105902298662,122656600,161.3077138264974,-0.05867955824225157,0.0198901252398778,153.61930411202567,148.7954463534885,160.4364013671875,154.48739624023438,151.6306915283203,7.038663219092001,-5.948994814002248
2022-09-14,152.4651336669922,154.22235404144755,150.79627611743592,151.95465448242936,87965400,161.1611806233724,0.00955535514341066,0.019929342625246378,153.54918561662947,148.78439848158095,151.02206420898438,160.4364013671875,154.48739624023438,3.426077924011622,0.5104791845628256
2022-09-15,149.57896423339844,152.39640331677907,148.6071081028978,151.81719923234522,90481100,160.71845550537108,-0.01893002920849829,0.01877128828434374,153.24626813616072,148.73322185940214,152.4651336669922,151.02206420898438,160.4364013671875,3.7892952138812745,-2.23823499894678
2022-09-16,147.9395751953125,148.57767791761873,145.6522527794473,148.4402429431555,162278800,160.2315414428711,-0.010960024001288593,0.01883148160421841,152.50860377720423,148.72068845960828,149.57896423339844,152.4651336669922,151.02206420898438,2.92542513817142,-0.5006677478430106
2022-09-19,151.65032958984375,151.72886599832884,146.36888718799335,146.5750321533895,81474200,159.87584482828777,0.02508290556892745,0.019515449802156148,152.51140921456474,148.7226988898383,147.9395751953125,149.57896423339844,152.4651336669922,5.359978810335491,5.075297436454264
2022-09-20,154.02601623535156,155.18440966019696,150.27599594996536,150.59012663818945,107689800,159.61504618326822,0.015665555438838297,0.019781043849357725,152.44549778529577,148.83835440741646,151.65032958984375,147.9395751953125,149.57896423339844,4.908413710231599,3.4358895971621166
2022-09-21,150.90423583984375,155.83228620825895,150.78643873263653,154.45792171393398,101696800,159.24855143229166,-0.020267877283391744,0.020072239557158884,151.08375985281808,148.96223983764648,154.02601623535156,151.65032958984375,147.9395751953125,5.045847475622423,-3.5536858740902346
2022-09-22,149.9422149658203,151.64052177438083,148.14573389948876,149.58880860884872,86652500,158.70862630208333,-0.006375042215809201,0.019354536006810877,150.92949567522322,149.02587543063694,150.90423583984375,154.02601623535156,151.65032958984375,3.4947878748920687,0.35340635697158973
2022-09-23,147.67449951171875,148.6954577569954,145.83875792782328,148.42058784002563,96029900,158.1176528930664,-0.015123929272476744,0.019475483830874777,150.24511936732702,149.08141555786133,149.9422149658203,150.90423583984375,154.02601623535156,2.856699829172129,-0.7460883283068824
2022-09-26,148.00828552246094,150.95333323742267,146.8989794231201,146.91861726875362,93339400,157.4196772257487,0.002260281983997414,0.01893351188316851,150.02073669433594,149.10036222669814,147.67449951171875,149.9422149658203,150.90423583984375,4.054353814302573,1.0896682537073161
2022-09-27,148.98013305664062,151.88591989139582,147.20329010150107,149.9421927062511,84442700,156.7184280395508,0.006566169797515897,0.018938030875724116,150.1693878173828,149.22182133992513,148.00828552246094,147.67449951171875,149.9422149658203,4.682629789894747,-0.9620596496104667
2022-09-28,147.09530639648438,147.8806554147203,142.18689375661808,144.93560783080054,146691400,155.95958709716797,-0.01265153025094734,0.018988658274680156,149.51867021833147,149.36013514200846,148.98013305664062,148.00828552246094,147.67449951171875,5.693761658102233,2.15969856568384
2022-09-29,139.8701171875,144.03245634378814,138.103085707034,143.4238179924611,128138200,154.91016642252603,-0.049119100982796926,0.020465683316431043,147.49639892578125,149.41555489434137,147.09530639648438,148.98013305664062,148.00828552246094,5.929370636754129,-3.553700804961096
2022-09-30,135.66851806640625,140.4787712884576,135.47218456289696,138.69210195416497,124925300,153.73378295898436,-0.030039290776180505,0.020889717576940168,145.31986781529017,149.36416380140517,139.8701171875,147.09530639648438,148.98013305664062,5.006586725560652,-3.0235838877587184
2022-10-03,139.8406982421875,140.44935170481597,135.16789396191245,135.67837316238783,114311700,152.78253275553385,0.03075275115586562,0.021961674420036662,143.87679399762834,149.38908445570203,135.66851806640625,139.8701171875,147.09530639648438,5.2814577429035126,4.162325079799672
2022-10-04,143.42379760742188,143.54159469628158,141.6174906956308,142.37339030080975,87830100,152.07997487386066,0.025622722213735516,0.02244685018308397,143.26955086844308,149.45207443237305,139.8406982421875,135.66851806640625,139.8701171875,1.9241040006507717,1.0504073066121293
2022-10-05,143.7183074951172,144.6803670999918,140.39040452379436,141.43100052371705,79471000,151.3983596801758,0.0020534241360798955,0.022473538654994504,142.65669686453683,149.48282750447592,143.42379760742188,139.8406982421875,135.66851806640625,4.289962576197439,2.2873069714001417
2022-10-06,142.76609802246094,144.83744897574383,142.55995305808347,143.13914221609966,68402200,150.67518666585286,-0.006625526623938338,0.022448947799111447,141.76897757393974,149.4391704135471,143.7183074951172,143.42379760742188,139.8406982421875,2.27749591766036,-0.37304419363871943
2022-10-07,137.52392578125,140.47880029356153,136.8956494527264,139.9290453992253,85925600,149.69546763102213,-0.03671860696498275,0.02288719700529076,140.4016374860491,149.3459810892741,142.76609802246094,143.7183074951172,143.42379760742188,3.5831508408351453,-2.405119617975288
2022-10-10,137.84786987304688,139.29094450363405,136.03176603772727,137.84786987304688,74899000,148.9362996419271,0.00235554715266173,0.02214123536373489,140.1127450125558,149.25780698988171,137.52392578125,142.76609802246094,143.7183074951172,3.2591784659067855,0.0
2022-10-11,136.43421936035156,138.76081689569904,135.68814610919395,137.337365394685,77033700,148.20330861409505,-0.010255149491952498,0.022102763009426322,140.22213091169084,149.12669431898328,137.84786987304688,137.52392578125,142.76609802246094,3.0726707865050855,-0.9031460343334459
2022-10-12,135.80593872070312,137.78894134975735,135.6292430799311,136.58147619996143,70433700,147.5302007039388,-0.004605007765603242,0.022012372913395636,139.64573669433594,149.05210410224066,136.43421936035156,137.84786987304688,137.52392578125,2.159698269826265,-0.7755374792583041
2022-10-13,140.3708038330078,140.9598044199806,131.90868942611982,132.5173428390662,113224000,147.06455688476564,0.03361314796175985,0.023036935397435204,139.2095947265625,149.0199563768175,135.80593872070312,136.43421936035156,137.84786987304688,9.051114993860779,7.85346099394161
2022-10-14,135.84524536132812,141.87277603175662,135.65872326737428,141.66661609125816,88598000,146.42384541829426,-0.03224002675843851,0.02359710919814023,138.08487156459265,148.9095308939616,140.3708038330078,135.80593872070312,136.43421936035156,6.2140527643823305,-5.821370729930038
2022-10-17,139.80140686035156,140.28242169324201,137.70060693296034,138.48595592005591,85250900,145.98536020914713,0.02912256140066316,0.02428485225641896,137.66134425571985,148.8512323167589,135.84524536132812,140.3708038330078,135.80593872070312,2.5818147602816737,1.3154509402956478
2022-10-18,141.1168975830078,144.01285874624452,138.03441429758362,142.8250309880353,99136600,145.6326105753581,0.009409710189614229,0.024360044282684446,138.17462594168526,148.86549792819554,139.80140686035156,135.84524536132812,140.3708038330078,5.978444448660895,-1.708133405027496
2022-10-19,141.224853515625,142.2948839097448,138.9080820775627,139.09460416043055,61758300,145.23666483561198,0.0007650106717635996,0.024272534903293612,138.65705217633928,148.9409804450141,141.1168975830078,139.80140686035156,135.84524536132812,3.386801832182101,2.130249355194451
2022-10-20,140.7634735107422,143.21768011702426,140.0370229627389,140.40025572638473,64522000,144.87442423502605,-0.0032669887303636846,0.02423508890013775,139.2755170549665,149.06852222018773,141.224853515625,141.1168975830078,139.80140686035156,3.1806571542853703,0.36321778435745955
2022-10-21,144.57241821289062,145.14179598739213,140.03703386545854,140.2530052619691,86548600,144.5439249674479,0.027059183800673736,0.024525739386308424,140.52787126813615,149.2288003709581,140.7634735107422,141.224853515625,141.1168975830078,5.1047621219335895,4.3194129509215315
2022-10-24,146.7124786376953,147.47818995640918,143.32567626964715,144.4938810962025,75981900,144.08646087646486,0.014802688170113765,0.02354053659930727,141.43382481166296,149.3837742275662,144.57241821289062,140.7634735107422,141.224853515625,4.152513686762035,2.2185975414928123
2022-10-25,149.54954528808594,149.6968066869272,146.62413491177585,147.34075911907576,74732300,144.0373769124349,0.019337596070452268,0.021351324132650323,143.39158194405692,149.6287633260091,146.7124786376953,144.57241821289062,140.7634735107422,3.072671775151349,2.2087861690101818
2022-10-26,146.61428833007812,149.20592954793565,145.32827166402765,148.19479776463467,88194300,143.84234873453775,-0.019627321182110302,0.021559777620293933,144.36485072544642,149.82479960123698,149.54954528808594,146.7124786376953,144.57241821289062,3.8776578839080003,-1.5805094345565465
2022-10-27,142.14764404296875,146.31979510961392,141.48991849585923,145.35775035197634,109180200,143.59463806152343,-0.03046527277787181,0.021987755766058235,144.51210021972656,149.92426011827257,146.61428833007812,149.54954528808594,146.7124786376953,4.829876613754692,-3.2101063090075854
2022-10-28,152.8872833251953,154.61503964551486,145.11235741482145,145.48538668963585,164762400,143.75956166585286,0.07555270686709492,0.026005316129199724,146.17816162109375,150.14871402316624,142.14764404296875,146.61428833007812,149.54954528808594,9.50268223069341,7.401896635559467
2022-10-31,150.53123474121094,151.41475823578028,149.13724698324478,150.3545390298714,97943200,143.72225850423177,-0.015410363326117782,0.025784785819612743,147.57355608258928,150.3151835123698,152.8872833251953,142.14764404296875,146.61428833007812,2.277511252535504,0.17669571133953355
2022-11-01,147.8904571533203,152.60253597457515,146.3983105936967,152.23931825640548,80379300,143.51773986816406,-0.017543054054067753,0.025805067975190398,148.0475616455078,150.415385945638,150.53123474121094,152.8872833251953,142.14764404296875,6.204225380878455,-4.34886110308517
2022-11-02,142.37342834472656,149.3826416112209,142.34397906464244,146.22162239502856,93604600,143.23337961832684,-0.03730483301484533,0.02642298789825973,147.42769731794084,150.45428805881076,147.8904571533203,150.53123474121094,152.8872833251953,7.0386625465784505,-3.8481940503019985
2022-11-03,136.33612060546875,140.18431562523062,136.20849704009387,139.45786491513846,97918500,142.77984313964845,-0.04240473668049749,0.027446357908367802,145.5400652204241,150.47207489013672,142.37342834472656,147.8904571533203,150.53123474121094,3.97581858513675,-3.121744309669708
2022-11-04,136.07058715820312,140.28898493787645,132.1373429796548,139.71866273149064,140814800,142.3930460611979,-0.001947638278736341,0.027347663463890486,144.03382219587053,150.46741400824652,136.33612060546875,142.37342834472656,147.8904571533203,8.15164195822166,-3.648075573287514
2022-11-07,136.6015625,136.827719829141,133.40580174577732,134.82177198830993,83374600,142.01282196044923,0.0039022051193144947,0.027358879966430466,143.24152483258928,150.49599270290798,136.07058715820312,136.33612060546875,142.37342834472656,3.421918083363664,1.7797905116900665
2022-11-08,137.17189025878906,139.06967336647747,135.19544046730184,138.06670690734794,89908500,141.6192138671875,0.00417511885187305,0.027335602302925522,140.99646868024553,150.5068361070421,136.6015625,136.07058715820312,136.33612060546875,3.874232899175638,-0.8948166485588729
2022-11-09,132.61915588378906,136.23774833279379,132.3438299914245,136.18857977969958,74917800,141.1366755167643,-0.033189995168913966,0.027853743072555146,138.4376002720424,150.43844638400608,137.17189025878906,136.6015625,136.07058715820312,3.8939183413692717,-3.569423895910518
2022-11-10,144.4188995361328,144.4188995361328,137.171901375878,138.88286812786214,118854000,141.28830159505208,0.08897465508439506,0.031192622079638084,137.94166346958704,150.4863510131836,132.61915588378906,137.17189025878906,136.6015625,7.246998160254805,5.536031408270674
2022-11-11,147.20167541503906,147.5064994693465,141.9606252113591,143.3864383750097,93979700,141.67274017333983,0.0192687791407109,0.03076807515334313,138.63141305106026,150.52781456841362,144.4188995361328,132.61915588378906,137.17189025878906,5.545874257987407,3.815237040029359
2022-11-14,145.8053741455078,147.77199641885335,144.96955367768106,146.48386123047396,73374100,141.8715627034505,-0.009485634355684724,0.030399134957922177,139.98416355678015,150.54624820285375,147.20167541503906,144.4188995361328,132.61915588378906,2.8024427411722854,-0.6784870849661502
2022-11-15,147.53599548339844,151.02675299903876,146.0806992107757,149.67962155098414,89868300,142.00863596598307,0.011869393347350377,0.03013047962173239,141.62207903180803,150.6075475056966,145.8053741455078,147.20167541503906,144.4188995361328,4.946053788263072,-2.1436260675857
2022-11-16,146.30685424804688,147.36883205309908,144.83188757505272,146.64119143040293,64218300,142.09492085774738,-0.008331127812736927,0.030181992802613845,143.008549281529,150.6444061279297,147.53599548339844,145.8053741455078,147.20167541503906,2.5369444780463652,-0.3343371823560517
2022-11-17,148.2046661376953,148.95197725260945,143.71092672522755,143.98625266251898,80389400,142.27620646158854,0.012971448941352381,0.030222716583615757,144.58466012137276,150.70638139512803,146.30685424804688,147.53599548339844,145.8053741455078,5.241050527381901,4.218413475176334
2022-11-18,148.76513671875,150.15160903599656,147.46717380781297,149.76811828911318,74829600,142.65091349283855,0.0037817337042138632,0.029340037897561348,146.89122881208147,150.74212443033855,148.2046661376953,146.30685424804688,147.53599548339844,2.684435228183588,-1.0029815703631755
2022-11-21,145.53988647460938,147.8605015253363,145.25473282614936,147.6540145740021,58724100,142.90731404622395,-0.021680148422396628,0.029685217025772585,147.0513698032924,150.72351447211372,148.76513671875,148.2046661376953,146.30685424804688,2.605768699186939,-2.1141280993927296
2022-11-22,147.6736297607422,147.90962978782017,144.47786920588229,145.65785433713793,51804100,143.2819610595703,0.014660883265874114,0.029672459525301672,147.11879185267858,150.7623791164822,145.53988647460938,148.76513671875,148.2046661376953,3.43176058193788,2.0157754236042535
2022-11-23,148.54879760742188,149.29610855403772,146.8476588015229,146.95582360996656,58301400,143.70672302246095,0.005926365107281617,0.0296409445886439,147.51070949009485,150.76816050211588,147.6736297607422,145.53988647460938,148.76513671875,2.4484497525148186,1.5929739974553172
2022-11-25,145.63821411132812,146.3953678932279,144.66473067745702,145.83487333926465,35195900,143.8823033650716,-0.01959345038783622,0.029361910649022473,147.2395978655134,150.71938154432507,148.54879760742188,147.6736297607422,145.53988647460938,1.7306372157708836,-0.19665922793652157
2022-11-28,141.81309509277344,144.19270560138654,140.98711756167793,142.71773929408752,69246000,144.08123168945312,-0.02626452845426064,0.02914363503441202,146.5976322719029,150.60294002956815,145.63821411132812,148.54879760742188,147.6736297607422,3.2055880397086014,-0.9046442013140847
2022-11-29,138.8140106201172,142.39326202258005,138.00770341068628,141.8819361067611,83763800,144.0483184814453,-0.021148149052767407,0.028965269637368313,145.25611005510603,150.46689978705513,141.81309509277344,145.63821411132812,148.54879760742188,4.385558611893771,-3.067925486643901
2022-11-30,145.5595245361328,146.23801151936658,138.20436253781247,139.04016787618127,111380900,144.19640604654947,0.04859389830955618,0.03025166790057676,144.79816545758928,150.41822696261937,138.8140106201172,141.81309509277344,145.63821411132812,8.033648981554109,6.519356659951541
2022-12-01,145.83485412597656,146.64117635966434,144.1632284025417,145.7365320270306,71250400,144.3500727335612,0.0018915257570479849,0.03025146700088486,144.8403036934989,150.38731808132596,145.5595245361328,138.8140106201172,141.81309509277344,2.4779479571226375,0.09832209894597099
2022-12-02,145.3432159423828,145.53004745802465,143.2192602974079,143.5240993516398,65447400,144.5027308146159,-0.003371198103088946,0.03025203964165544,144.50738743373327,150.29441460503472,145.83485412597656,145.5595245361328,138.8140106201172,2.3107871606167407,1.8191165907430218
2022-12-05,144.1829071044922,148.4013049961633,143.33725898348703,145.3038811249747,68826400,144.4897471110026,-0.007983233550787783,0.02990566798619058,143.8836887904576,150.18251868353948,145.3432159423828,145.83485412597656,145.5595245361328,5.064046012676272,-1.120974020482521
2022-12-06,140.52499389648438,144.8417290558683,139.55151049910586,144.61557170242608,64727200,144.28349761962892,-0.025369950443271727,0.030133902650510566,143.15322875976562,149.97377454969617,144.1829071044922,145.3432159423828,145.83485412597656,5.290218556762454,-4.090577805941706
2022-12-07,138.58787536621094,140.97731424983792,137.66356048798676,139.8170142991394,69721100,143.91810862223306,-0.013784868275464102,0.029969123441133224,142.6924830845424,149.75439978705512,140.52499389648438,144.1829071044922,145.3432159423828,3.31375376185116,-1.229138932928464
2022-12-08,140.26930236816406,141.1247931057231,138.7451823842777,139.98414879173407,62128300,143.70660909016928,0.012132569299515117,0.029889885008357018,142.90038190569197,149.5700461493598,138.58787536621094,140.52499389648438,144.1829071044922,2.3796107214454025,0.28515357642999106
2022-12-09,139.78749084472656,143.14058484738695,138.5485094221092,139.96447961702353,76097000,143.62793731689453,-0.0034349035412815088,0.029375667223561615,142.0758056640625,149.313676961263,140.26930236816406,138.58787536621094,140.52499389648438,4.592075425277756,-0.17698877229696564
2022-12-12,142.07861328125,142.0884409898644,138.7058487137347,140.31847817047847,70462700,143.26764831542968,0.01639003907058023,0.025898196196260968,141.53919982910156,149.08625047471787,139.78749084472656,140.26930236816406,138.58787536621094,3.3825922761297136,1.7601351107715288
2022-12-13,143.0422821044922,147.46718252429508,141.8328135242381,147.00502505789572,93886200,143.01801656087238,0.0067826451918879815,0.025822435889162432,141.2104949951172,148.87203996446397,142.07861328125,139.78749084472656,140.26930236816406,5.634369000056978,-3.9627429534035343
2022-12-14,140.81997680664062,144.21239680146076,138.80418622868987,142.9242617747897,82291200,142.78233388264974,-0.015536002817881256,0.02578169427637679,140.7300763811384,148.63837331136068,143.0422821044922,142.07861328125,139.78749084472656,5.408210572770884,-2.1042849681490736
2022-12-15,134.22195434570312,139.43350575702271,133.7597969655739,138.75501875197617,98931900,142.5106180826823,-0.046854307254979966,0.026295181189615182,139.82964215959822,148.33084971110026,140.81997680664062,143.0422821044922,142.07861328125,5.673708791448803,-4.533064406273041
2022-12-16,132.2651824951172,135.35277902524194,131.4982009688156,134.4088086870883,160156900,142.3749201456706,-0.014578627320133153,0.025278607795650804,138.92640032087053,147.95446319580077,134.22195434570312,140.81997680664062,143.0422821044922,3.854578056426334,-2.143626191971123
2022-12-19,130.16085815429688,132.94362978303496,129.12839371956332,132.85513540362356,79592600,142.1779291788737,-0.015909888763794622,0.025430298179711305,137.48233686174666,147.56287604437935,132.2651824951172,134.22195434570312,140.81997680664062,3.8152360634716445,-2.6942772493266887
2022-12-20,130.092041015625,131.02618341248566,127.72225803734129,129.19722445474264,77432800,141.96094512939453,-0.0005287083970382245,0.025412665500323565,136.09727260044642,147.1311481051975,130.16085815429688,132.2651824951172,134.22195434570312,3.303925375144374,0.8948165608823615
2022-12-21,133.18951416015625,134.5268181441457,130.53457661956926,130.76073402008618,85928000,141.8281992594401,0.02380985893025711,0.025808846235502718,134.82740129743303,146.7219470553928,130.092041015625,130.16085815429688,132.2651824951172,3.9922415245764284,2.4287801400700744
2022-12-22,130.02320861816406,132.31432503613755,128.1254256005218,132.10783812958184,77852100,141.74166768391927,-0.023772934092880615,0.025454469658998984,132.967533656529,146.27931009928386,133.18951416015625,130.092041015625,130.16085815429688,4.1888994356157525,-2.0846295114177735
2022-12-23,129.6593780517578,130.21002976434445,127.47642661676507,128.73506338957282,63814900,141.24968363444012,-0.0027981971086000756,0.019060589961340208,131.37316240583147,145.81605055067274,130.02320861816406,133.18951416015625,130.092041015625,2.7336031475793874,0.9243146621849974
2022-12-27,127.85993957519531,129.21691367798962,126.57180445054807,129.18741554567987,69007800,140.6049591064453,-0.013878197656047586,0.018656981158788256,130.46430315290178,145.3371607462565,129.6593780517578,130.02320861816406,133.18951416015625,2.6451092274415515,-1.3274759704845565
2022-12-28,123.9365463256836,128.84326718347396,123.76938521978283,127.5059633321295,85438400,139.87599817911783,-0.03068508606015996,0.01924392364381417,129.27449798583984,144.84336454603408,127.85993957519531,129.6593780517578,130.02320861816406,5.073881963691122,-3.569417006445903
2022-12-29,127.44694519042969,128.30242099857716,125.59832312588058,125.8539785961876,75703700,139.20636316935222,0.028324162394531838,0.01996874251480849,128.8867961338588,144.4316580030653,123.9365463256836,127.85993957519531,129.6593780517578,2.704097872696579,1.5929665942420854
2022-12-30,127.76161193847656,127.78128236285382,125.30334153820444,126.26698977683235,77034200,138.58818842569988,0.002469001886053146,0.01999788151001616,128.5538776942662,144.02715632120768,127.44694519042969,123.9365463256836,127.85993957519531,2.47794082464938,1.494622161644216
2023-01-03,122.98270416259766,128.71540148347327,122.09772277878758,128.10575347623433,112117500,137.7474563598633,-0.037404880099510485,0.020602233319021893,127.09576198032924,143.5662831624349,127.76161193847656,127.44694519042969,123.9365463256836,6.617678704685687,-5.12304931363667
2023-01-04,124.2511978149414,126.51281646624362,122.99256074022561,124.77235152537197,89113600,136.93032506306966,0.010314406899580408,0.020743160726823393,126.27118900844029,143.09223539564346,122.98270416259766,127.76161193847656,127.44694519042969,3.520255726018007,-0.5211537104305677
2023-01-05,122.93354797363281,125.63765344479737,122.67789249421179,125.0083349534918,80962700,136.17678044637043,-0.010604725463259412,0.02054798422555099,125.31035614013672,142.67346471150717,124.2511978149414,122.98270416259766,127.76161193847656,2.9597609505855758,-2.0747869798589846
2023-01-06,127.45677185058594,128.11558844506558,122.80571484542136,123.90702590791659,87754700,135.50288518269858,0.03679405623209764,0.021660582972789583,125.2527607509068,142.3293849521213,122.93354797363281,124.2511978149414,122.98270416259766,5.30987359964422,3.5497459426693467
2023-01-09,127.97796630859375,131.18357091494258,127.72231075886907,128.2926331428461,70790800,134.81719080607095,0.004089186085920904,0.02163217266813965,125.83010646275112,142.01803817749024,127.45677185058594,122.93354797363281,124.2511978149414,3.4612601560735072,-0.31466683425236397
2023-01-10,128.54824829101562,129.06940194282927,125.98180587179891,128.08609090104719,63896200,134.2475252787272,0.004456095051915021,0.02150763744044583,125.98743547712054,141.73146184285483,127.97796630859375,127.45677185058594,122.93354797363281,3.0875960710303616,0.46215738996843925
2023-01-11,131.26220703125,131.28186245070447,128.28277553296553,129.0595847172529,69458900,133.89582901000978,0.0211123743521604,0.02155036005450565,126.48752049037388,141.46696870591904,128.54824829101562,127.97796630859375,127.45677185058594,2.9990869177389357,2.2026223139970966
2023-01-12,131.18357849121094,132.01938418520078,129.24645381787366,131.64573605312236,71379600,133.64148127237956,-0.0005990188784524841,0.021256820924219093,127.65907396589007,141.22505332099067,131.26220703125,128.54824829101562,127.97796630859375,2.7729303673271204,-0.4621575619114253
2023-01-13,132.51100158691406,132.6683349676498,129.46274610687883,129.8265664212103,57809700,133.2065305074056,0.010118820594546163,0.019179116273662034,128.83904593331474,141.01184904310438,131.18357849121094,131.26220703125,128.54824829101562,3.2055888607709733,2.684435165703775
2023-01-17,133.67129516601562,134.99875596810472,131.8915047175872,132.5798193932039,63646600,132.80107854207355,0.008756205637314718,0.01927952229708457,130.37300981794084,140.7959387037489,132.51100158691406,131.18357849121094,131.26220703125,3.107251250517521,1.0914757728117195
2023-01-18,132.95352172851562,136.296774002363,132.77651790001315,134.5366534532576,69672800,132.38808873494466,-0.005369690153810169,0.019285308302820624,131.15825980050224,140.5884145948622,133.67129516601562,132.51100158691406,131.18357849121094,3.5202561023498617,-1.5831317247419747
2023-01-19,133.01248168945312,133.97612225756075,131.53751520588366,131.8423392118264,58280400,132.01574122111003,0.00044346294984110024,0.019268342140865504,131.87747628348214,140.34980443318685,132.95352172851562,133.67129516601562,132.51100158691406,2.4386070516770815,1.1701424776267118
2023-01-20,135.56910705566406,135.71661273457056,131.98002726434026,133.02233471040634,80223600,131.85054499308268,0.0192209432809467,0.019163215348184045,132.88045610700334,140.0735011630588,133.01248168945312,132.95352172851562,133.67129516601562,3.7365854702302954,2.546772345257722
2023-01-23,138.75502014160156,140.92814412125819,135.59858513124948,135.81491475833332,81760300,131.8561164855957,0.0235002881934554,0.019512520887494555,133.95085797991072,139.93720067342122,135.56910705566406,133.01248168945312,132.95352172851562,5.329558990008707,2.9401053832682464
2023-01-24,140.15133666992188,140.77082749424633,137.95855701188813,137.96838472187488,66435100,131.8521842956543,0.010063178448573185,0.01947259232808456,135.23196629115515,139.8003807067871,138.75502014160156,135.56910705566406,133.01248168945312,2.812270482358201,2.182951948046991
2023-01-25,139.4925079345703,140.0529874380773,136.49340619294276,138.53869500355867,65799300,131.84235153198242,-0.004700838044115141,0.01948201237728188,136.2293243408203,139.68830897013348,140.15133666992188,138.75502014160156,135.56910705566406,3.5595812451345523,0.9538129310116403
2023-01-26,141.55743408203125,141.84258762170543,139.53180116313032,140.7806101218581,54105100,131.82497889200846,0.01480313300001379,0.019438402271499948,137.35591561453683,139.617396291097,139.4925079345703,140.15133666992188,138.75502014160156,2.310786458575109,0.7768239601731466
2023-01-27,143.4945526123047,144.77285978471076,140.69212554632242,140.77079221891566,70555800,131.8400545756022,0.013684329211215429,0.019561147913020122,138.86177716936385,139.5267765469021,141.55743408203125,139.4925079345703,140.15133666992188,4.080734238388345,2.7237603933890284
2023-01-30,140.61351013183594,143.12095684480488,140.4660194445421,142.540806802597,64015300,131.83317235310872,-0.020077713251267393,0.01970491112986606,139.94763837541853,139.3777487013075,143.4945526123047,141.55743408203125,139.4925079345703,2.6549374002627815,-1.9272966707610522
2023-01-31,141.88192749023438,141.931096037562,139.90547792238985,140.31846671250062,65874500,132.08850479125977,0.009020593805027621,0.017642589239291066,140.84946986607142,139.27750083075628,140.61351013183594,143.4945526123047,141.55743408203125,2.025618115172165,1.5634607777337521
2023-02-01,143.0029296875,144.16324461699494,138.961535368266,141.56730384751015,77663600,132.44642969767253,0.007900951284600888,0.017389638578990448,141.45631408691406,139.20039766099717,141.88192749023438,140.61351013183594,143.4945526123047,5.201709248728946,1.4356258399898536
2023-02-02,148.30296325683594,148.65694079146772,145.69718026187857,146.4149930473278,118339000,133.05116653442383,0.037062412503841236,0.01810412448083132,142.62083217075892,139.2073805914985,143.0029296875,141.88192749023438,140.61351013183594,2.959760529589147,1.8879702095081257
2023-02-03,151.92160034179688,154.7535417708523,145.362915577376,145.5595748423626,154357300,133.7788185119629,0.02440030195953713,0.01843363616237829,144.39641680036272,139.25086186726887,148.30296325683594,143.0029296875,141.88192749023438,9.390626193476322,6.3620254994342815
2023-02-06,149.1977996826172,150.5449461888697,148.2636570715711,150.02379246889225,69858300,134.31242802937825,-0.017928988722154204,0.018566851233297925,145.48789760044642,139.25328038533527,151.92160034179688,148.30296325683594,143.0029296875,2.2812891172985985,-0.8259927862750658
2023-02-07,152.06903076171875,152.63935290701122,148.12595929659778,148.12595929659778,83322600,135.04728876749675,0.019244459939820935,0.018003998152513415,146.71282305036272,139.30854398939346,149.1977996826172,151.92160034179688,148.30296325683594,4.513393610413431,3.9430714651209655
2023-02-08,149.38461303710938,152.0002240332312,148.64712974900903,151.31190929849808,64120100,135.7047966003418,-0.017652625989414417,0.018436064887269423,147.96583775111608,139.41426060994465,152.06903076171875,149.1977996826172,151.92160034179688,3.3530942842221805,-1.9272962613887046
2023-02-09,148.3521270751953,151.75438976697808,147.9096401221254,151.21356571138807,56007100,136.38786951700845,-0.006911595116276037,0.01823420314574558,148.89015197753906,139.5551895989312,149.38461303710938,152.06903076171875,149.1977996826172,3.8447496448526692,-2.8614386361927586
2023-02-10,148.71652221679688,149.04151212756338,146.95371454850684,147.19007494553122,57450700,137.2138687133789,0.0024562852504086408,0.016948238577476408,149.70637948172433,139.65380986531576,148.3521270751953,149.38461303710938,152.06903076171875,2.0877975790565415,1.5264472712656527
2023-02-13,151.51339721679688,151.91715888947925,148.62788900472555,148.65743217523777,62199000,138.01608378092448,0.01880675367006468,0.01660608316946187,150.1650129045759,139.74369430541992,148.71652221679688,148.3521270751953,149.38461303710938,3.2892698847537076,2.8559650415591022
2023-02-14,150.8732452392578,151.4345954776921,148.56878800441328,149.80964612462722,61707600,138.78647155761718,-0.004225051970969118,0.016698707033490724,150.01524788992745,139.82319361368815,151.51339721679688,148.71652221679688,148.3521270751953,2.865807473278835,1.0635991146305912
2023-02-15,152.97088623046875,153.13830250713502,150.55809926068437,150.78460186711027,65573800,139.78607762654622,0.013903333144882346,0.014632093518911388,150.55426025390625,139.93658014933268,150.8732452392578,151.51339721679688,148.71652221679688,2.580203246450651,2.1862843633584816
2023-02-16,151.3755340576172,153.95573796607766,151.02100096105386,151.17855953849067,68167900,140.69022216796876,-0.010429122901517207,0.0149758424392641,150.45518929617745,140.090486907959,152.97088623046875,150.8732452392578,151.51339721679688,2.9347370050238055,0.19697451912651331
2023-02-17,150.23312377929688,150.6762863218937,148.55894582557343,150.03616431892533,59144100,141.60020802815754,-0.007546862083310568,0.014863910071624764,150.57640511648995,140.22810084025065,151.3755340576172,152.97088623046875,150.8732452392578,2.1173404963202813,0.196959460371545
2023-02-21,146.22496032714844,149.00213887625634,146.15603126407484,147.9188390818426,58867200,142.22581431070964,-0.026679625313767108,0.014966350846297247,150.27252415248327,140.33688685099284,150.23312377929688,151.3755340576172,152.97088623046875,2.8461076121814983,-1.6938787546941683
2023-02-22,146.64842224121094,147.67262055430007,144.9250004924314,146.60902132895072,51011300,142.84816284179686,0.002895961900862165,0.014969608137201777,149.97708129882812,140.4573588901096,146.22496032714844,150.23312377929688,151.3755340576172,2.7476200618686732,0.03940091226021991
2023-02-23,147.13099670410156,148.05672295415894,145.0038129046831,147.81051980369892,48394200,143.46758778889975,0.0032906897702376092,0.014971661151106423,149.3510240827288,140.53247214423286,146.64842224121094,146.22496032714844,150.23312377929688,3.052910049475855,-0.6795230995973611
2023-02-24,144.4818572998047,144.9545631210652,143.5068874555982,144.87577631301392,55469600,143.90824279785156,-0.018005311345947184,0.015187532048029627,148.43796866280692,140.62843449910483,147.13099670410156,146.64842224121094,146.22496032714844,1.4476756654670169,-0.39391901320922784
2023-02-27,145.67344665527344,146.90446214048941,145.21058363066865,145.46664446890208,44998500,144.3912384033203,0.008247328610928362,0.015194798391913912,147.39547729492188,140.69367938571506,144.4818572998047,147.13099670410156,146.64842224121094,1.6938785098207632,0.2068021863713625
2023-02-28,145.1712188720703,146.81585399639758,144.60002580056587,144.81668575965537,50547000,144.81324564615886,-0.003447627517124796,0.015196277027218173,146.50914655412947,140.738727400038,145.67344665527344,144.4818572998047,147.13099670410156,2.2158281958317048,0.35453311241494134
2023-03-01,143.10308837890625,144.9939263960711,142.80764165155819,144.60000744430354,55479000,145.1276387532552,-0.014246146786068947,0.015481672773618038,145.49057006835938,140.75959667629667,145.1712188720703,145.67344665527344,144.4818572998047,2.1862847445129034,-1.496919065397293
2023-03-02,143.69400024414062,144.48185327566276,141.7145174362223,142.1872382713636,52238100,145.48565470377605,0.0041292740214646795,0.015414473128533966,145.1290043422154,140.79215808444553,143.10308837890625,145.1712188720703,145.67344665527344,2.767335839440449,1.5067619727770136
2023-03-03,148.7362060546875,148.8149928448926,145.0924034132026,145.79161175732688,70732300,146.00977884928386,0.035089884072960764,0.01649875696108645,145.42725917271204,140.83842239379882,143.69400024414062,143.10308837890625,145.1712188720703,3.722589431690011,2.9445942973606236
2023-03-06,151.49368286132812,153.9261705239575,151.12930710707832,151.4542819528968,87558000,146.54059804280598,0.018539378405461937,0.01647733412988653,146.05050005231584,140.89154688517252,148.7362060546875,143.69400024414062,143.10308837890625,2.7968634168791766,0.03940090843133248
2023-03-07,149.29754638671875,151.69063299374776,148.83468341689917,151.3656431408717,56182000,146.8920155843099,-0.014496554794430905,0.016373988808474557,146.73845563616072,140.88874689737955,151.49368286132812,148.7362060546875,143.69400024414062,2.8559495768485874,-2.068096754152947
2023-03-08,150.54827880859375,151.13917230662574,149.52408044265695,150.48919246419973,47204800,147.23858032226562,0.00837744793631967,0.016350273556767183,147.4348602294922,140.9324579026964,149.29754638671875,151.49368286132812,148.7362060546875,1.615091863968786,0.05908634439401794
2023-03-09,148.30288696289062,152.19289270805663,147.9483539187185,151.22778082054958,53833600,147.53225962320963,-0.014914762649381741,0.016610030027486553,147.88224138532365,141.00084949069554,150.54827880859375,149.29754638671875,151.49368286132812,4.244538789338122,-2.924893857658958
2023-03-10,146.24464416503906,148.64758887079853,145.36816171354923,147.92868001277867,68572400,147.6884999593099,-0.013878642823498044,0.016683468542357513,148.33103506905692,140.92704238891602,148.30288696289062,150.54827880859375,149.29754638671875,3.2794271572493017,-1.684035847739608
2023-03-13,148.18472290039062,150.81417020284252,145.4567883472071,145.56511831219402,84457100,147.84483896891277,0.013265981441085595,0.01667286266303252,148.97256687709265,140.90097003512912,146.24464416503906,148.30288696289062,150.54827880859375,5.357381855635424,2.6196045881966086
2023-03-14,150.27256774902344,151.07026363945906,147.8203937194694,148.9824655037955,73695900,148.16680755615235,0.01408947432480101,0.01633232110268629,149.19204711914062,140.92743793063693,148.18472290039062,146.24464416503906,148.30288696289062,3.2498699199896635,1.2901022452279278
2023-03-15,150.66648864746094,150.92253451978002,147.6431066809658,148.89382292012243,77167900,148.45962626139323,0.0026213759725952634,0.016283848287605398,149.0738765171596,141.01958304511177,150.27256774902344,148.18472290039062,146.24464416503906,3.279427838814229,1.7726657273385058
2023-03-16,153.48301696777344,154.08375312665916,149.33695019463687,149.84905684492745,76161100,148.808962504069,0.018693794125001384,0.016533016373811712,149.6718008858817,141.21010411580403,150.66648864746094,150.27256774902344,148.18472290039062,4.746802932022291,3.6339601228459912
2023-03-17,152.6459197998047,154.35949876084172,151.93685367986137,153.70951897971963,98944600,148.95372772216797,-0.005454005169474363,0.01523904254333073,149.9714638846261,141.3942744784885,153.48301696777344,150.66648864746094,150.27256774902344,2.4226450809803453,-1.0635991799149451
2023-03-20,155.00946044921875,155.4230948668754,151.80882025865256,152.71486085947325,73641400,149.05665639241536,0.015483811506484146,0.0148504140052723,150.92954581124442,141.59880667792427,152.6459197998047,153.48301696777344,150.66648864746094,3.6142746082228427,2.294599589745502
2023-03-21,156.8609161376953,156.9790888157361,154.1625247817563,154.93069227015488,73938300,149.31209360758464,0.011944146396684507,0.014551379688142864,152.44615609305245,141.81757363213433,155.00946044921875,152.6459197998047,153.48301696777344,2.8165640339798017,1.930223867540434
2023-03-22,155.43295288085938,159.67749219321786,155.41325242402124,156.88062840402722,75701800,149.42422434488932,-0.009103371904206181,0.014295883791280271,153.4816175188337,142.0710602654351,156.8609161376953,155.00946044921875,152.6459197998047,4.264239769196621,-1.4476755231678453
2023-03-23,156.51625061035156,159.09646969740976,155.28523492873595,156.41777837205046,67622100,149.66194559733074,0.00696954995330068,0.013899599707909414,154.37357221330916,142.20547527737088,155.43295288085938,156.8609161376953,155.00946044921875,3.8112347686738133,0.09847223830109897
2023-03-24,157.81617736816406,157.90480687220796,155.45263376473136,156.44728881765926,59196500,149.9774139404297,0.00830537885199334,0.013854012996841216,155.39495631626673,142.32341418796116,156.51625061035156,155.43295288085938,156.8609161376953,2.4521731074765967,1.3688885505048063
2023-03-27,155.87612915039062,158.3283178086609,155.4723523985585,157.51092158923748,52390300,150.2160675048828,-0.012293088390093021,0.014102474522336973,155.73682948521204,142.43531146579318,157.81617736816406,156.51625061035156,155.43295288085938,2.8559654101023852,-1.6347924388468584
2023-03-28,155.25567626953125,156.0829301456233,153.6110412861723,155.57082346557496,45992200,150.34081013997397,-0.003980422687175911,0.01375676783224782,156.10965183803015,142.52108569675022,155.87612915039062,157.81617736816406,156.51625061035156,2.471888859450985,-0.31514719604371066
2023-03-29,158.32830810546875,158.60405440029712,156.92987617396892,156.94956160428092,51305700,150.5893122355143,0.019790785817088263,0.014141339935345701,156.58377293178015,142.65465740627712,155.25567626953125,155.87612915039062,157.81617736816406,1.6741782263281948,1.378746501187834
2023-03-30,159.8941650390625,160.0024950198449,158.8207229739758,159.07676882534926,49501700,150.8200881958008,0.009889936628077134,0.014040590822639686,157.017094203404,142.78454072740342,158.32830810546875,155.25567626953125,155.87612915039062,1.1817720458691099,0.8173962137132378
2023-03-31,162.3955535888672,162.4940408365555,159.45097422374334,159.9729235769942,68749800,151.1874221801758,0.015644026467092065,0.014079040330521334,158.01175144740515,142.93598980373807,159.8941650390625,158.32830810546875,155.25567626953125,3.0430666128121686,2.4226300118729966
2023-04-03,163.64630126953125,163.76447396805997,161.7259197832038,161.7751634166065,56976200,151.63452809651693,0.007701859152071,0.013980946048706292,159.03033011300224,143.1371721903483,162.3955535888672,159.8941650390625,158.32830810546875,2.0385541848561672,1.871137852924761
2023-04-04,163.11448669433594,164.30610131295074,162.60238002597387,164.06975594835677,46278300,152.1975123087565,-0.003249780600414476,0.0128798275235142,159.7872314453125,143.30873726738824,163.64630126953125,162.3955535888672,159.8941650390625,1.7037212869768723,-0.9552692540208341
2023-04-05,161.27288818359375,162.54330471265868,159.34266411557562,162.2380152446489,51511700,152.68499450683595,-0.011290220433904152,0.013168683132605073,160.55819702148438,143.45011605156793,163.11448669433594,163.64630126953125,162.3955535888672,3.2006405970830656,-0.9651270610551421
2023-04-06,162.1592254638672,162.45467221127325,159.53962067833683,159.96308282888376,45390100,153.1859354654948,0.0054958852058533125,0.013175029945596434,161.54441833496094,143.6336828443739,161.27288818359375,163.11448669433594,163.64630126953125,2.915051532936417,2.196142634983431
2023-04-10,159.5691680908203,159.5691680908203,157.6487867222166,158.96843186504725,47716900,153.6888458251953,-0.015972309719893163,0.01306628230011485,161.721684047154,143.83097254435222,162.1592254638672,161.27288818359375,163.11448669433594,1.9203813686036995,0.600736225773062
2023-04-11,158.35784912109375,159.89415417908276,158.07224508795338,159.88431146406083,47644200,154.11165924072264,-0.0075911843385504385,0.013183063290231153,161.50221034458704,144.04812630547417,159.5691680908203,162.1592254638672,161.27288818359375,1.8219090911293847,-1.5264623429670792
2023-04-12,157.66847229003906,159.59869619161648,157.35332510698044,158.77145737665472,50133100,154.52823435465496,-0.0043532848853455874,0.013199057565460286,160.82691301618303,144.18267016940646,158.35784912109375,159.5691680908203,162.1592254638672,2.245371084636048,-1.1029850866156607
2023-04-13,163.04554748535156,163.28190788405584,158.96842452673738,159.1752417539843,68445600,155.19298299153647,0.034103680445517925,0.013970127976280621,160.74109104701452,144.37390009562174,157.66847229003906,158.35784912109375,159.5691680908203,4.313483357318461,3.8703057313672673
2023-04-14,162.70086669921875,163.794009087704,161.33197803499354,162.09027277975596,49386500,155.82654520670573,-0.0021140153254647354,0.014021508227427957,160.6820024762835,144.5667628818088,163.04554748535156,157.66847229003906,158.35784912109375,2.462031052710472,0.6105939194627865
2023-04-17,162.7205352783203,162.8781088558677,161.53876350080176,162.58266215472722,41516200,156.29268951416014,0.00012088797988973887,0.012766113995106418,160.88880920410156,144.77273652818468,162.70086669921875,163.04554748535156,157.66847229003906,1.3393453550659444,0.13787312359309567
2023-04-18,163.94171142578125,164.86743742961687,163.13415809407996,163.57733566867122,49923000,156.70762379964194,0.007504745147084213,0.01246059117975008,161.14345005580358,145.0329222785102,162.7205352783203,162.70086669921875,163.04554748535156,1.7332793355369063,0.36437575711002523
2023-04-19,165.08409118652344,165.60604050503213,163.0258220523767,163.28188286850465,47720200,157.2338419596354,0.006968206875523242,0.012047916771747932,161.9312962123326,145.32732467651368,163.94171142578125,162.7205352783203,162.70086669921875,2.58021845265543,1.802208318018785
2023-04-20,164.11898803710938,165.32046042282218,163.04554607797024,163.56749547193866,52456400,157.68619893391926,-0.005846130553692319,0.012125954852434501,162.75431605747767,145.5923211839464,165.08409118652344,163.94171142578125,162.7205352783203,2.274914344851936,0.5514925651707188
2023-04-21,162.51373291015625,163.92200731179602,161.99178358382397,162.54327607753027,58337300,158.15989379882814,-0.009781044510158377,0.011899229179986287,163.44649614606584,145.84483498467338,164.11898803710938,165.08409118652344,163.94171142578125,1.9302237279720487,-0.02954316737401541
2023-04-24,162.81903076171875,163.08493430890758,161.40089854610392,162.49404087672,41949600,158.71237335205078,0.0018785972489554492,0.011462650741558918,163.4141366141183,146.0752840677897,162.51373291015625,164.11898803710938,165.08409118652344,1.68403576280366,0.32498988499875736
2023-04-25,161.28274536132812,163.78416246885476,161.24334444666383,162.68117729099055,48714100,159.1489741007487,-0.00943553952632803,0.011554784416521613,163.2115478515625,146.27795588175456,162.81903076171875,162.51373291015625,164.11898803710938,2.5408180221909333,-1.3984319296624221
2023-04-26,161.27288818359375,162.7698073781101,160.32747660698578,160.58352244501583,45498800,159.5156514485677,-6.111737317149313e-05,0.01136923230317773,163.00474112374442,146.5052104526096,161.28274536132812,162.81903076171875,162.51373291015625,2.4423307711243183,0.6893657385779193
2023-04-27,165.852294921875,166.00001080225775,162.68119712191097,162.68119712191097,64902300,160.02184499104817,0.02839539112778855,0.012319141424617487,163.2776816231864,146.8566586812337,161.27288818359375,161.28274536132812,162.81903076171875,3.3188136803467785,3.1710977999640306
2023-04-28,167.1029815673828,167.27041291997128,165.33033104891717,165.93106728858945,55275900,160.47584381103516,0.007540966774665092,0.012002118810499908,163.56609453473772,147.24374533759223,165.852294921875,161.27288818359375,161.28274536132812,1.9400818710541046,1.1719142787933663
2023-05-01,167.0143280029297,167.86126725124362,166.07875924686118,166.70903856930101,52472900,160.9547907511393,-0.0005305325112788806,0.011917209024497326,163.9797145298549,147.65322833591037,167.1029815673828,165.852294921875,161.27288818359375,1.7825080043824357,0.30528943362867267
2023-05-02,165.98023986816406,167.76276255453686,164.9954276782978,167.50670176786508,48425700,161.3204833984375,-0.006191613301270049,0.011795150919325943,164.4749298095703,148.0519861009386,167.0143280029297,167.1029815673828,165.852294921875,2.7673348762390617,-1.5264618997010189
2023-05-03,164.9068145751953,168.3241144157863,164.62122562365215,166.92568277045305,65136000,161.58868001302082,-0.006467187261696705,0.011757593667035859,164.77318464006697,148.40440054999456,165.98023986816406,167.0143280029297,167.1029815673828,3.7028887921341607,-2.0188681952577383
2023-05-04,163.2720489501953,164.50306450874902,161.81453073644045,162.3857237588548,81235400,161.84998321533203,-0.009913269073877906,0.011784237291475267,165.05737086704798,148.77383210923938,164.9068145751953,165.98023986816406,167.0143280029297,2.688533772308574,0.8863251913405179
2023-05-05,170.93389892578125,171.65280778469676,168.1665634032941,168.38322333782398,113453200,162.33057149251303,0.046926893028231165,0.01437313848748111,166.43751525878906,149.23243789672853,163.2720489501953,164.9068145751953,165.98023986816406,3.4862443814026562,2.5506755879572722
2023-05-08,170.86497497558594,171.20966537396347,169.49608615179136,169.86046198141287,55962800,162.76553141276042,-0.0004032199032986128,0.014351051525425257,167.1536124093192,149.71027162339954,170.93389892578125,163.2720489501953,164.9068145751953,1.7135792221721147,1.0045129941730693
2023-05-09,169.16122436523438,170.90433143409618,168.99380806621033,170.42178299192224,45326900,163.20836791992187,-0.00997132742152107,0.014273181467093816,167.44764709472656,150.2127680460612,170.86497497558594,170.93389892578125,163.2720489501953,1.910523367885844,-1.2605586266878674
2023-05-10,170.92405700683594,171.38692008917508,169.28926463206565,170.3922648627901,53724500,163.73064727783202,0.010421020823279559,0.014278513702991146,168.0061798095703,150.6958470662435,169.16122436523438,170.86497497558594,170.93389892578125,2.0976554571094255,0.5317921440458235
2023-05-11,171.1111602783203,171.93839911576495,169.5551548305296,171.20964753246403,49514700,164.15674235026043,0.001094657327709525,0.013938203255576901,168.73916843959265,151.17750871446398,170.92405700683594,169.16122436523438,170.86497497558594,2.3832442852353495,-0.09848725414371984
2023-05-12,170.18414306640625,171.6535334613317,168.63584185680983,171.2196142676148,45533100,164.49974161783854,-0.005417631499933906,0.013945493467116368,169.49307250976562,151.70196914672852,171.1111602783203,170.92405700683594,169.16122436523438,3.017691604521872,-1.0354712012085372
2023-05-15,169.69110107421875,170.8153397179057,169.0993901889802,170.766027969497,37266700,164.74292653401693,-0.0028971088804384815,0.013737221898463978,170.4100799560547,152.20685696072047,170.18414306640625,171.1111602783203,170.92405700683594,1.7159495289254778,-1.074926895278253
2023-05-16,169.69110107421875,170.74630026056693,169.4248296710781,169.61220528633143,42110300,164.94441986083984,0.0,0.01369028338401558,170.23253740583147,152.72638532850476,169.69110107421875,170.18414306640625,171.1111602783203,1.3214705894888255,0.0788957878873191
2023-05-17,170.302490234375,170.53916250241704,168.06386972955488,169.3360433616003,57951600,165.18401997884115,0.003602953580275514,0.013668925154406155,170.15218244280135,153.20244886610243,169.69110107421875,169.69110107421875,170.18414306640625,2.4752927728621614,0.9664468727746964
2023-05-18,172.6298828125,172.8172584115987,170.1940301198803,170.60822168470452,65496700,165.56258646647134,0.013666227516238694,0.013621297892914754,170.647705078125,153.69858127170139,170.302490234375,169.69110107421875,169.69110107421875,2.623228291718391,2.0216611277954826
2023-05-19,172.7383575439453,173.95134816577144,172.5213979143073,173.95134816577144,55809500,165.91522420247395,0.00062836589863835,0.013611632179393124,170.90689086914062,154.18958248562282,172.6298828125,170.302490234375,169.69110107421875,1.4299502514641347,-1.2129906218261226
2023-05-22,171.7916259765625,172.2945846931845,171.0519949677244,171.57466634347682,43570900,166.32263946533203,-0.005480725768403638,0.013258928906386564,171.0041002546038,154.63990936279296,172.7383575439453,172.6298828125,170.302490234375,1.2425897254601068,0.21695963308567912
2023-05-23,169.18812561035156,170.9829707500323,168.9119979039132,170.73642708015296,50747300,166.68364868164062,-0.015154989956065346,0.013527546714323473,170.861812046596,155.0621821085612,171.7916259765625,172.7383575439453,172.6298828125,2.070972846119105,-1.5483014698014017
2023-05-24,169.46426391601562,170.03624707165045,168.16252108250686,168.724632860117,45143500,167.07684173583985,0.0016321376258994214,0.013470136885312036,170.82940673828125,155.4727739122179,169.18812561035156,171.7916259765625,172.7383575439453,1.873725989143594,0.7396310558986272
2023-05-25,170.59835815429688,171.49576564962197,169.31632809947834,170.02637505144457,56058300,167.32860209147137,0.006692232403896714,0.012113399154375494,170.95901489257812,155.88307461208768,169.46426391601562,169.18812561035156,171.7916259765625,2.179437550143632,0.5719831028523004
2023-05-26,173.0045928955078,173.3399036765556,170.7166757800904,170.92377905521317,54835000,167.67205963134765,0.014104677015910339,0.012303271014719322,171.34502955845423,156.32808651394313,170.59835815429688,169.46426391601562,169.18812561035156,2.623227896465181,2.0808138402946383
2023-05-30,174.8487548828125,176.51539231960112,174.12885165758402,174.51345913931758,55964400,168.07633361816406,0.010659612883332725,0.012394314046256856,171.6620112827846,156.79293399386935,173.0045928955078,170.59835815429688,169.46426391601562,2.3865406620170972,0.33529574349492464
2023-05-31,174.79945373535156,176.87042648421155,174.3162227478627,174.87834951174753,99625300,168.4382583618164,-0.00028196453268414245,0.01236679233328566,171.95645359584265,157.22882673475476,174.8487548828125,173.0045928955078,170.59835815429688,2.5542037363488532,-0.07889577639596723
2023-06-01,177.60015869140625,177.62974272201325,174.4838437196236,175.24320228346932,68901800,168.85546061197917,0.01602238963684055,0.012595224309223142,172.78624398367745,157.66043938530817,174.79945373535156,174.8487548828125,173.0045928955078,3.1458990023896547,2.3569564079369343
2023-06-02,178.4482879638672,179.2668146743205,176.78165050926717,178.52718373632618,61996900,169.3331039428711,0.004775498393189137,0.012501039318991302,174.10912431989397,158.08596106635198,177.60015869140625,174.79945373535156,174.8487548828125,2.485164165053334,-0.07889577245899204
2023-06-05,177.09722900390625,182.39298156722955,175.57851175717974,180.10506441660397,121946500,169.81922047932943,-0.007571151146232968,0.012430241467830531,175.19954790387834,158.50379130045573,178.4482879638672,177.60015869140625,174.79945373535156,6.814469810049815,-3.007835412697716
2023-06-06,176.73236083984375,177.62976831057978,174.97695616659206,177.4818481362361,64848400,170.28299814860026,-0.0020602703165640834,0.012462622775243496,176.0758340018136,158.89462381998698,177.09722900390625,178.4482879638672,177.60015869140625,2.652812143987717,-0.7494872963923456
2023-06-07,175.36158752441406,178.70471906299082,174.86850018805862,175.9730110061888,61944600,170.7522928873698,-0.007756210062015101,0.012409377346410495,176.4125475202288,159.2487019856771,176.73236083984375,177.09722900390625,178.4482879638672,3.8362188749322,-0.6114234817747501
2023-06-08,178.07357788085938,178.33983422301452,175.00657387447097,175.44047811466785,50214900,171.31231587727865,0.015465133469253933,0.012605275074984471,176.87323651994978,159.66492496066624,175.36158752441406,176.73236083984375,177.09722900390625,3.333260348543547,2.6330997661915205
2023-06-09,178.45816040039062,179.71059129506313,178.13272098000036,178.99068805786467,48900000,171.73251139322917,0.0021596832281798317,0.011686863408996329,177.39590890066964,160.07132754855687,178.07357788085938,175.36158752441406,176.73236083984375,1.5778703150627678,-0.5325276574740485
2023-06-12,181.24903869628906,181.34766218390052,178.468033910057,178.76388932505995,54274900,172.20404663085938,0.01563883819959133,0.011898671317246515,177.91717747279577,160.4962843153212,178.45816040039062,178.07357788085938,175.36158752441406,2.8796282738435366,2.485149371229113
2023-06-13,180.77566528320312,181.60404834381112,179.91769818813273,180.2727216495119,54929100,172.66275787353516,-0.002611729234487936,0.011924675632115215,178.2496599469866,160.85709211561414,181.24903869628906,178.45816040039062,178.07357788085938,1.686350155678383,0.502943633691217
2023-06-14,181.4068145751953,181.84073380664427,179.50350482104812,180.83483150172444,57462900,173.1769770304362,0.0034913398935825235,0.011805868698124852,178.86531502859933,161.18470560709636,180.77566528320312,181.24903869628906,178.45816040039062,2.3372289855961412,0.5719830734708751
2023-06-15,183.43833923339844,183.94129793003785,181.23917400121888,181.4166932611595,65433200,173.79469451904296,0.011198722952940887,0.011756134794531081,179.82331194196428,161.56515604654948,181.4068145751953,180.77566528320312,181.24903869628906,2.7021239288189633,2.021645972238929
2023-06-16,182.3634033203125,184.40479194393566,181.72239585614398,184.14837692000424,101256200,174.4310729980469,-0.005859930468069874,0.011617688781656385,180.82357134137834,161.9017601860894,183.43833923339844,181.4068145751953,180.77566528320312,2.6823960877916875,-1.7849735996917389
2023-06-20,182.45217895507812,183.52712083284334,181.86048315364175,181.86048315364175,49799100,174.8150156656901,0.00048680619657925916,0.008282361754756537,181.44908578055245,162.26917758517794,182.3634033203125,183.43833923339844,181.4068145751953,1.6666376792015853,0.5916958014363729
2023-06-21,181.4167022705078,182.84665255889604,180.06563271508736,182.34369383727915,49515700,175.16673990885417,-0.005675331971920494,0.0083948709348336,181.87173461914062,162.63656175401476,182.45217895507812,182.3634033203125,183.43833923339844,2.7810198438086786,-0.9269915667713349
2023-06-22,184.41465759277344,184.46396933431626,181.13069423738702,181.19973368511316,51245300,175.67518768310546,0.016525244284263385,0.008481704055114645,182.32396589006697,163.03320770263673,181.4167022705078,182.45217895507812,182.3634033203125,3.333275096929242,3.2149239076602782
2023-06-23,184.0990447998047,184.96688315796402,182.45213522308205,182.9846778693447,53117000,176.1143539428711,-0.0017114300841839514,0.00840040227717271,182.7987343924386,163.39527045355902,184.41465759277344,181.4167022705078,182.45217895507812,2.5147479348819672,1.114366930459994
2023-06-26,182.70860290527344,185.4501675478517,182.66914748789137,184.2470331308546,48088700,176.50093536376954,-0.007552683915569847,0.008596783543742737,182.98470415387834,163.7489966498481,184.0990447998047,184.41465759277344,181.4167022705078,2.7810200599603263,-1.538430225581152
2023-06-27,185.4600067138672,185.78544616190248,183.10304984582174,183.32000947784528,50730800,177.0101308186849,0.015058972401098325,0.008780077971991129,183.2735137939453,164.1099868774414,182.70860290527344,184.0990447998047,184.41465759277344,2.682396316080741,2.1399972360219124
2023-06-28,186.63352966308594,187.27453708797546,185.0063477089331,185.33177206150037,51216800,177.5748784383138,0.00632763348827714,0.008731214051741317,183.88353184291296,164.50174238416884,185.4600067138672,182.70860290527344,184.0990447998047,2.2681893790423544,1.3017576015855639
2023-06-29,186.96884155273438,187.4422162021352,186.32783407243755,186.4658979165552,46347300,178.150803120931,0.0017966326321627868,0.008714554606068172,184.52876935686385,164.9099170260959,186.63352966308594,185.4600067138672,182.70860290527344,1.1143821296976455,0.5029436361791682
2023-06-30,191.28829956054688,191.79124321876165,188.61575961709715,188.98065447297634,85213200,178.85033009847004,0.023102555334570063,0.009437185476447478,185.93899754115515,165.4106207953559,186.96884155273438,186.63352966308594,185.4600067138672,3.175483601664496,2.3076450875705348
2023-07-03,189.79916381835938,191.19952989799955,189.10882958307744,191.10090642215079,31458200,179.42263946533203,-0.007784771706416671,0.00948609594034324,186.70821271623885,165.89007347954643,191.28829956054688,186.96884155273438,186.63352966308594,2.090700314922117,-1.3017426037914106
2023-07-05,188.68478393554688,190.311965971159,187.98459336367247,188.92147125163748,46920300,179.95418701171874,-0.005871363500204785,0.009620340412709167,187.36331830705916,166.3517822265625,189.79916381835938,191.28829956054688,186.96884155273438,2.3273726074865237,-0.23668731609060956
2023-07-06,189.15814208984375,189.36524537083605,186.5842258571581,187.2153769807983,45094300,180.53307088216147,0.0025087245745187836,0.009487366086721906,188.28468104771204,166.84818539089628,188.68478393554688,189.79916381835938,191.28829956054688,2.781019513677961,1.942765109045439
2023-07-07,188.0437774658203,190.0062704618662,187.60987325439862,188.76369580404943,46815000,181.16159261067708,-0.0058911797912148955,0.009005922878352219,188.65379115513392,167.3189668443468,189.15814208984375,188.68478393554688,189.79916381835938,2.3963972074675723,-0.719918338229121
2023-07-10,186.00238037109375,187.36330604998784,184.45407912216882,186.6433878022031,59922200,181.71286315917968,-0.010855967276543477,0.009379324231711464,188.5636269705636,167.77264641655816,188.0437774658203,189.15814208984375,188.68478393554688,2.90922692781902,-0.6410074311093581
2023-07-11,185.47972106933594,186.68285528837708,184.02018687082855,186.5447914459214,46638100,182.208908589681,-0.0028099602849976923,0.00941598680584472,188.35089547293526,168.24349789089626,186.00238037109375,188.0437774658203,189.15814208984375,2.662668417548531,-1.065070376585453
2023-07-12,187.14637756347656,189.04968751691854,185.86434744027207,187.05761040387253,60750200,182.6803014119466,0.00898565344250013,0.009249617933608715,187.75919233049666,168.72630208333334,185.47972106933594,186.00238037109375,188.0437774658203,3.185340076646469,0.08876715960403203
2023-07-13,187.90573120117188,188.54675382063684,187.1562438045736,187.86629083201726,41342300,183.11553395589192,0.004057538529901539,0.009130589198259475,187.48870195661272,169.16151902940538,187.14637756347656,185.47972106933594,186.00238037109375,1.3905100160632458,0.03944036915461879
2023-07-14,188.05364990234375,188.53686585918993,187.00830716161786,187.6000029338883,41616200,183.55734049479167,0.0007871963256591563,0.009121666179654512,187.39853995186942,169.56774088541667,187.90573120117188,187.14637756347656,185.47972106933594,1.5285586975720662,0.4536469684554447
2023-07-17,191.3080291748047,191.6334686208352,189.1581605746784,189.2469126832782,50520200,184.01426951090494,0.017305589517411235,0.009190114491908236,187.7056666782924,170.0345240275065,188.05364990234375,187.90573120117188,187.14637756347656,2.4753080461568118,2.061116491526491
2023-07-18,191.05162048339844,191.6433313227349,189.75973403360663,190.67688432979497,48288200,184.43438059488932,-0.0013402923678229595,0.009206220016043569,188.13535853794642,170.48456115722655,191.3080291748047,188.05364990234375,187.90573120117188,1.8835972891282609,0.3747361536034646
2023-07-19,192.40269470214844,195.4894113562338,189.9865545896983,190.4303452538346,80507300,184.94456278483074,0.0070717757605589515,0.00905068509859753,189.04968915666853,170.97455902099608,191.05162048339844,191.3080291748047,188.05364990234375,5.502856766535501,1.9723494483138495
2023-07-20,190.45989990234375,193.75371936128715,189.83860510668907,192.39279363664537,59581200,185.4021474202474,-0.010097544646202938,0.009314807358551605,189.76114327566964,171.4658396402995,192.40269470214844,191.05162048339844,191.3080291748047,3.9151142545980804,-1.932893734301615
2023-07-21,189.28636169433594,192.2744696321092,188.5861710830146,191.41650251566858,71951700,185.8663065592448,-0.0061616025662595275,0.009258416464110419,190.06685529436385,171.92252451578776,190.45989990234375,192.40269470214844,191.05162048339844,3.688298549094611,-2.1301408213326454
2023-07-24,190.0851593017578,192.21530010696893,189.59207198839397,190.73603816687742,45377800,186.26669260660807,0.0042200483979495385,0.008941449572746923,190.3782021658761,172.36488664415148,189.28636169433594,190.45989990234375,192.40269470214844,2.623228118574957,-0.6508788651196085
2023-07-25,190.94313049316406,191.75180092732498,190.25281124926505,190.65714646634552,37283200,186.6828582763672,0.004513614816421541,0.008951255446444751,190.79098510742188,172.81240488688152,190.0851593017578,189.28636169433594,190.45989990234375,1.498989678059928,0.2859840268185394
2023-07-26,191.81097412109375,192.93521264770516,190.64729522856234,190.9924473358141,47471900,187.03492279052733,0.004545037182999145,0.008603385010009157,190.86283438546317,173.23827107747397,190.94313049316406,190.0851593017578,189.28636169433594,2.287917419142815,0.8185267852796585
2023-07-27,190.5486602783203,194.47363103189025,189.8879250921341,193.3099522093675,47460200,187.36068929036458,-0.0065810303532295444,0.00870548122527063,190.79098292759485,173.65941263834637,191.81097412109375,190.94313049316406,190.0851593017578,4.585705939756139,-2.7612919310471966
2023-07-28,193.12258911132812,193.9115318637554,191.45595149688123,191.97862287270013,48291400,187.75121510823567,0.01350798703726519,0.00896119762220625,190.8938249860491,174.08289184570313,190.5486602783203,191.81097412109375,190.94313049316406,2.4555803668741873,1.1439662386279963
2023-07-31,193.7340087890625,193.77346420221568,192.56045853696887,193.34940127389015,38824100,188.0944040934245,0.0031659666564531896,0.00879933281156333,191.36155482700892,174.49259287516276,193.12258911132812,190.5486602783203,191.81097412109375,1.2130056652468113,0.38460751517234826
2023-08-01,192.90560913085938,194.0101198390568,192.58016971551623,193.52690392813534,35175100,188.44581095377603,-0.0042759640570132484,0.008756064566642565,191.8785901750837,174.90895572238497,193.7340087890625,193.12258911132812,190.5486602783203,1.4299501235405785,-0.621294797275965
2023-08-02,189.91749572753906,192.48154051645844,189.19759252290805,192.34347668203839,50389300,188.6946548461914,-0.015490028604058348,0.00931383810836045,191.8546382359096,175.28008066813152,192.90560913085938,193.7340087890625,193.12258911132812,3.2839479935503846,-2.425980954499323
2023-08-03,188.52699279785156,189.7103992851957,188.05363321247987,188.92147165885288,61235200,188.9316645304362,-0.00732161575931034,0.009361564509105242,191.5094757080078,175.6213119506836,189.91749572753906,192.90560913085938,193.7340087890625,1.6567660727158398,-0.3944788610013177
2023-08-04,179.47393798828125,184.7894189873242,179.40489853673822,182.95513345446872,115956800,188.76697387695313,-0.04801993961298401,0.012603322507370129,189.7470419747489,175.88350982666014,188.52699279785156,189.91749572753906,192.90560913085938,5.384520450585995,-3.481195466187472
2023-08-07,176.3773193359375,180.59814508763776,174.89805755245857,179.61197056531847,97576100,188.50958302815755,-0.017253862522066843,0.012955461236171719,187.72256469726562,176.11819474962022,179.47393798828125,188.52699279785156,189.91749572753906,5.700087535179193,-3.2346512293809724
2023-08-08,177.31417846679688,177.77768168655697,175.1248698685598,177.20569866966517,67823000,188.32976888020832,0.005311675755061085,0.012955810001389375,185.46422031947546,176.3291488647461,176.3773193359375,179.47393798828125,188.52699279785156,2.6528118179971614,0.1084797971317073
2023-08-09,175.7264404296875,178.42854898853972,174.56274666920834,178.36938092489027,60378500,188.00531667073568,-0.008954377201181862,0.012673510425949738,182.89171055385046,176.50506303575304,177.31417846679688,176.3773193359375,179.47393798828125,3.8658023193313795,-2.6429404952027653
2023-08-10,175.50949096679688,178.25105509162734,175.14461118800062,176.99860916334498,54686900,187.63451538085937,-0.001234586339768473,0.012582873668992968,180.40655081612724,176.65077345106337,175.7264404296875,177.31417846679688,176.3773193359375,3.1064439036267117,-1.4891181965481053
2023-08-11,175.56875610351562,176.38838822312198,174.34425781198718,175.10464195853916,52036700,187.25451253255207,0.0003376748254029227,0.012570632121096166,178.35673086983817,176.78324517144097,175.50949096679688,175.7264404296875,177.31417846679688,2.0441304111348018,0.4641141449764632
2023-08-14,177.2178955078125,177.44501774834183,175.09474782272636,175.74650562753334,43675600,186.7854990641276,0.009393125752537257,0.011854760430186384,176.74114554268974,176.93994971381292,175.56875610351562,175.50949096679688,175.7264404296875,2.350269925615464,1.4713898802791618
2023-08-15,175.23297119140625,177.2376075606865,174.83797474088598,176.64511288490613,43622600,186.29995930989583,-0.011200473353543128,0.01192372352732382,176.13529314313615,177.09506174723307,177.2178955078125,175.56875610351562,175.50949096679688,2.39963281980053,-1.4121416934998763
2023-08-16,174.364013671875,176.30938743269644,174.29488099061055,174.91701484938284,46964900,185.82260030110677,-0.0049588699753432275,0.011916221327812873,175.8476780482701,177.23067050509982,175.23297119140625,177.2178955078125,175.56875610351562,2.0145064420858887,-0.5530011775078378
2023-08-17,171.82608032226562,175.2922216904398,171.3125728746346,174.92684921501044,66062900,185.24486490885417,-0.014555373532438631,0.012072278957644155,175.06366402762276,177.36685841878256,174.364013671875,175.23297119140625,177.2178955078125,3.9796488158051773,-3.10076889274481
2023-08-18,172.30996704101562,172.9123464424467,169.81157749118245,170.14732599213767,61172200,184.72040456136068,0.0028161424496353504,0.012108140224445771,174.57559640066964,177.52188195122613,171.82608032226562,174.364013671875,175.23297119140625,3.100768951264257,2.1626410488779584
2023-08-21,173.64312744140625,173.92951274494206,171.56937297444222,172.88275833759562,46311900,184.3084294637044,0.007736989468945188,0.01215923820968807,174.30897303989954,177.69937811957465,172.30996704101562,171.82608032226562,174.364013671875,2.360139770499842,0.7603691038106319
2023-08-22,175.01576232910156,175.46013721394584,174.04801023595033,174.8478880423005,42038900,183.95963083902996,0.007904919174866132,0.012297788329128081,174.22997392926897,177.83238050672742,173.64312744140625,172.30996704101562,171.82608032226562,1.4121269779955128,0.16787428680106586
2023-08-23,178.8571319580078,179.28176749229362,176.1019960768648,176.28962468028294,52722800,183.68332265218098,0.02194870666381976,0.012904749199994436,174.46415056501115,178.01189456515843,175.01576232910156,173.64312744140625,172.30996704101562,3.1797714154288315,2.5675072777248715
2023-08-24,174.17637634277344,178.8374075605793,173.8109887437673,178.41277199096436,54945800,183.22567749023438,-0.026170360465879172,0.01362188512898658,174.3132084437779,178.13918168809678,178.8571319580078,175.01576232910156,173.64312744140625,5.026418816811997,-4.236395648190921
2023-08-25,176.3784942626953,176.91174101480664,173.62335841851225,175.16386577811136,51449600,182.8365056355794,0.012643034412360032,0.013887970074905677,174.60099138532365,178.2773681640625,174.17637634277344,178.8571319580078,175.01576232910156,3.288382596294383,1.2146284845839546
2023-08-28,177.93878173828125,178.33377827348758,176.31927183489213,177.8400250704037,43820700,182.39086405436197,0.008846245581743517,0.013563735144169716,175.47423444475447,178.42019805908203,176.3784942626953,174.17637634277344,178.8571319580078,2.014506438595447,0.09875666787755222
2023-08-29,181.8196563720703,182.58991008586239,177.2573820568172,177.45488030453177,53003900,182.0831319173177,0.021810167496241428,0.014262072378680102,176.83276149204798,178.61687215169272,177.93878173828125,176.3784942626953,174.17637634277344,5.332528029045193,4.364776067538543
2023-08-30,185.30555725097656,185.50307057198083,182.43192527543482,182.62942352828824,60813900,181.8465606689453,0.019172299345747268,0.014679324535376159,178.49882289341517,178.8701146443685,181.8196563720703,177.93878173828125,176.3784942626953,3.071145296546007,2.67613372268832
2023-08-31,185.52281188964844,186.75719481874472,185.13768501849643,185.4931879048022,60794500,181.68199106852214,0.0011724129696639718,0.014586273868961568,179.9998299734933,179.12237887912326,185.30555725097656,181.8196563720703,177.93878173828125,1.619509800248295,0.029623984846239182
2023-09-01,187.09295654296875,187.54720101813678,185.92769123419916,187.12258052751662,45766500,181.60887756347657,0.008463350880290932,0.014644181096367998,181.17637634277344,179.40915900336373,185.52281188964844,185.30555725097656,181.8196563720703,1.619509783937616,-0.029623984547868076
2023-09-05,187.3299560546875,187.60645663383806,185.26607135025952,185.92769881238064,45280000,181.51703745524088,0.001266747375731958,0.014622773140540769,183.05545915876115,179.6986819797092,187.09295654296875,185.52281188964844,185.30555725097656,2.3403852835785415,1.4022572423068596
2023-09-06,180.624755859375,186.4905448774819,179.2027445739978,186.04615504969036,81755800,181.17309163411457,-0.03579352889697496,0.015949048301703624,183.66206795828683,179.86282043457032,187.3299560546875,187.09295654296875,185.52281188964844,7.287800303484119,-5.4213991903153556
2023-09-07,175.34161376953125,175.98350189646143,171.37183427986267,172.99134398653018,112488800,180.62411295572917,-0.029249269097736175,0.016668115483865074,183.2910439627511,179.95436079237197,180.624755859375,187.3299560546875,187.09295654296875,4.611667616598766,2.3502697830010675
2023-09-08,175.95388793945312,177.9881638364286,175.56876103562882,176.121777292026,65551300,180.1376205444336,0.003491893092341769,0.01669184661301523,182.4530770438058,180.0536892361111,175.34161376953125,180.624755859375,187.3299560546875,2.419402800799787,-0.16788935257287108
2023-09-11,177.11912536621094,178.0473836718388,175.1243584797436,177.82026144859472,58953100,179.6041717529297,0.006622402269160332,0.016510260473837877,181.28358677455358,180.17745463053384,175.95388793945312,175.34161376953125,180.624755859375,2.9230251920951957,-0.7011360823837833
2023-09-12,174.09739685058594,177.87954850785982,172.6358914674074,177.2475449582567,90370200,178.94961802164713,-0.017060430427133677,0.016672705770242883,179.65138462611608,180.27957221137152,177.11912536621094,175.95388793945312,175.34161376953125,5.243657040452433,-3.150148107670759
2023-09-13,172.03347778320312,175.08486860955094,171.8063404869434,174.30473020059844,84267900,178.2538803100586,-0.011854967993312981,0.016743393203481092,177.50003051757812,180.37692142062718,174.09739685058594,177.11912536621094,175.95388793945312,3.2785281226075256,-2.271252417395317
2023-09-14,173.54437255859375,173.89987544974738,171.41135521167203,171.82610607332606,60895800,177.7081095377604,0.008782562527130056,0.016739112945233843,175.5306614467076,180.40592668321398,172.03347778320312,174.09739685058594,177.11912536621094,2.4885202380753526,1.7182664852676908
2023-09-15,172.82347106933594,174.29486087176767,171.6483512368518,174.27510652680778,109259500,177.18465881347657,-0.004153989430077387,0.016720002222563594,174.41619219098772,180.4276877509223,173.54437255859375,172.03347778320312,174.09739685058594,2.6465096349158728,-1.4516354574718378
2023-09-18,175.74649047851562,177.13887792290447,173.9689761950564,174.2751007250675,67257600,177.06041056315104,0.016913324278778008,0.014744920685130523,174.47403172084265,180.5008573744032,172.82347106933594,173.54437255859375,172.03347778320312,3.169901727848071,1.4713897534481362
2023-09-19,176.83274841308594,177.38574949277796,174.91698390976052,175.30211073798526,51826900,177.07559153238932,0.00618082290925237,0.014449660211958096,174.5995832170759,180.56650950113934,175.74649047851562,172.82347106933594,173.54437255859375,2.4687655830174435,1.530637675100678
2023-09-20,173.29750061035156,177.45489404541186,173.20861358406935,177.0203888259045,58436200,176.94170227050782,-0.01999204239293928,0.014872570671540915,174.0536368233817,180.59080217149523,176.83274841308594,175.74649047851562,172.82347106933594,4.246280461342508,-3.7228882155529277
2023-09-21,171.75698852539062,174.0973890433764,171.68787090976878,172.36925276684747,63149100,176.80938720703125,-0.008889407403657179,0.014871325296204758,173.71929277692522,180.6082782321506,173.29750061035156,176.83274841308594,175.74649047851562,2.4095181336076337,-0.6122642414568418
2023-09-22,172.60623168945312,174.8676297137013,171.87548661966315,172.48773574692532,56725400,176.71261189778645,0.004944446053424922,0.014905752279736189,173.80111476353235,180.64066857231987,171.75698852539062,173.29750061035156,176.83274841308594,2.9921430940381413,0.11849594252780093
2023-09-25,173.88009643554688,174.75897636563758,171.97420160197885,172.02357992644104,46172700,176.6563232421875,0.007380178187225805,0.01497384837975903,173.8490753173828,180.68721296522352,172.60623168945312,171.75698852539062,173.29750061035156,2.7847747636587314,1.8565165091058304
2023-09-26,169.81158447265625,173.01109513731117,169.51532957863083,172.63585300181884,64588900,176.4094462076823,-0.023398376503654172,0.015438098321845947,173.41880580357142,180.68175845675998,173.88009643554688,172.60623168945312,171.75698852539062,3.495765558680347,-2.8242685291625946
2023-09-27,168.3006591796875,170.87805073081662,166.9379109935387,170.4632999725846,66921800,176.178369140625,-0.008897657351592758,0.015392863858569134,172.35511561802454,180.63365597195096,169.81158447265625,173.88009643554688,172.60623168945312,3.940139737277917,-2.1626407928970934
2023-09-28,168.55746459960938,169.8807195182162,165.5258128129139,167.2243249736919,56294400,175.9848175048828,0.001525872929871941,0.015384213178225177,171.17293221609933,180.58720160590278,168.3006591796875,169.81158447265625,173.88009643554688,4.354906705302312,1.3331396259174824
2023-09-29,169.07093811035156,170.9077001905232,168.211797495528,169.87081569769032,51861100,175.89297943115236,0.003046281646214233,0.015184275481742686,170.5691375732422,180.55697174072264,168.55746459960938,168.3006591796875,169.81158447265625,2.6959026949951976,-0.7998775873387558
2023-10-02,171.57919311523438,172.12232450994816,168.79441854678254,169.0808037676989,52164500,175.86862030029297,0.014835518350561738,0.015429372319938016,170.54373822893416,180.58353915744357,169.07093811035156,168.55746459960938,168.3006591796875,3.3279059631656196,2.498389347535465
2023-10-03,170.24609375,171.46073744550782,168.6858469308082,170.1078434596355,49594600,175.75538584391276,-0.007769586399319683,0.015420086308587181,170.20657566615515,180.59222615559895,171.57919311523438,169.07093811035156,168.55746459960938,2.774890514699621,0.13825029036451042
2023-10-04,171.4903564453125,172.03348795172127,168.8339619515459,168.9524578917983,53020300,175.63787231445312,0.007308612302962203,0.015409202216754592,169.8651842389788,180.60213724772134,170.24609375,171.57919311523438,169.07093811035156,3.199526000175382,2.5378985535141965
2023-10-05,172.7247314453125,173.2579782200924,170.52258153582127,171.61871413723316,48527900,175.43345896402994,0.007197926609906036,0.0148928113642353,170.2813480922154,180.59902767605251,171.4903564453125,170.24609375,171.57919311523438,2.7353966842711372,1.1060173080793447
2023-10-06,175.2725067138672,175.76625988669193,171.0163417068709,171.6286058875163,57266700,175.4699966430664,0.014750494889965271,0.01437817720559895,171.27732631138392,180.6037360297309,172.7247314453125,171.4903564453125,170.24609375,4.749918179821037,3.6439008263508867
2023-10-09,176.75376892089844,176.81301689163445,173.60362121945622,174.6009972191987,42390800,175.48250579833984,0.008451195425928537,0.014274181802940725,172.44822692871094,180.62545064290364,175.2725067138672,172.7247314453125,171.4903564453125,3.209395672178232,2.1527717016997485
2023-10-10,176.1612548828125,177.47464011941017,175.72674968355904,175.8748846750232,43698000,175.42325490315756,-0.003352200304996611,0.014192017124772428,173.46112932477678,180.60946282280815,176.75376892089844,175.2725067138672,172.7247314453125,1.747890435851133,0.2863702077893038
2023-10-11,177.55361938476562,177.60299770884345,175.38110873868183,175.9736034231689,47551100,175.2810536702474,0.00790392020583286,0.013664391139422243,174.31461879185267,180.59952206081815,176.1612548828125,176.75376892089844,175.2725067138672,2.221888970161615,1.5800159615967289
2023-10-12,178.4522705078125,180.06189553412176,176.80312172309905,177.82026707710477,56743100,175.0526107788086,0.005061294307380226,0.013191425807186137,175.48692975725447,180.61457807752822,177.55361938476562,176.1612548828125,176.75376892089844,3.2587738110227065,0.6320034307077265
2023-10-13,176.61549377441406,179.65699967721181,175.9143577270369,179.1533769286896,51427100,174.75570017496744,-0.010292817951666366,0.013286946663093555,176.2190922328404,180.61327955457898,178.4522705078125,177.55361938476562,176.1612548828125,3.7426419501749137,-2.5378831542755336
2023-10-16,176.48712158203125,176.84262444155877,174.3047260977915,174.5417330268598,52517000,174.4021723429362,-0.000726845587776026,0.0131533307976498,176.75657653808594,180.6257854885525,176.61549377441406,178.4522705078125,177.55361938476562,2.5378983437672673,1.945388555171462
2023-10-17,174.936767578125,176.19090503163542,172.61613638208402,174.4430143362244,57549400,173.98906606038412,-0.008784516343225857,0.013198902377097128,176.7086138044085,180.59093204074435,176.48712158203125,176.61549377441406,178.4522705078125,3.5747686495514017,0.4937532419006061
2023-10-18,173.64312744140625,175.36139405816417,172.92225196490105,173.38638119353993,54764400,173.7563451131185,-0.007394901338513726,0.01163134275057447,176.2642364501953,180.53743167453342,174.936767578125,176.48712158203125,176.61549377441406,2.439142093263115,0.2567462478663174
2023-10-19,173.2678680419922,175.61812287122567,173.00123711265553,173.84060845589931,59302900,173.68722025553384,-0.0021610956042051876,0.010365100509962245,175.85089547293526,180.44875200059678,173.64312744140625,174.936767578125,176.48712158203125,2.6168857585701346,-0.5727404139071268
2023-10-20,170.7200927734375,173.22835212793277,170.4830858385587,173.11972583296543,64244000,173.51276041666668,-0.014704257040533464,0.010661040137723054,174.87467738560267,180.33702341715494,173.2678680419922,173.64312744140625,174.936767578125,2.745266289374058,-2.399633059527929
2023-10-23,170.83860778808594,171.8359838309846,167.80695589693704,168.77472302133776,55980100,173.30340983072918,0.000694206597027236,0.010570379982585396,173.7870112827846,180.21959889729817,170.7200927734375,173.2678680419922,173.64312744140625,4.029027934047548,2.063884766748174
2023-10-24,171.2731170654297,171.50023932449824,169.30797385167378,170.88799016172553,43816600,173.20926717122396,0.002543390413733304,0.010150398548438926,173.02381461007255,180.08442976209852,170.83860778808594,170.7200927734375,173.2678680419922,2.1922654728244595,0.3851269037041618
2023-10-25,168.9623260498047,170.8978298690587,168.51793618108192,169.7325797223047,57157000,173.10689544677734,-0.013491848897350445,0.010217744438041104,171.94884381975447,179.93552890353732,171.2731170654297,170.83860778808594,170.7200927734375,2.3798936879767894,-0.7702536725000186
2023-10-26,164.80491638183594,169.23882483986895,163.60015755926395,168.24143389027685,70625300,172.81558024088542,-0.02460554234287282,0.010957761642423075,170.5014365059989,179.73944820827907,168.9623260498047,171.2731170654297,170.83860778808594,5.638667280605006,-3.4365175084409145
2023-10-27,166.11830139160156,166.8490614359056,164.745668316651,164.82467062426355,58499100,172.59207458496093,0.007969331489618092,0.011085515964766013,169.42646135602678,179.56946597629124,164.80491638183594,168.9623260498047,171.2731170654297,2.103393119254605,1.2936307673380156
2023-10-30,168.16246032714844,169.03147079181505,166.76020302980592,166.90833803254793,51131000,172.33927357991536,0.012305440872093065,0.010854570028896662,168.6971173967634,179.38888600667318,166.11830139160156,164.80491638183594,168.9623260498047,2.2712677620091313,1.2541222946005064
2023-10-31,168.63645935058594,168.76482492650203,165.80230595130433,167.23420217717043,44846000,172.0660639444987,0.002818697005951165,0.010790640231031504,168.39945547921317,179.21707950168187,168.16246032714844,166.11830139160156,164.80491638183594,2.962518975197696,1.4022571734155065
2023-11-01,171.79647827148438,172.05322449399938,167.99457285522465,168.86358325166134,56934900,172.01602986653646,0.01873864603815556,0.01082177670515376,168.53629411969865,179.09583367241754,168.63645935058594,168.16246032714844,166.11830139160156,4.058651638774734,2.932895019823036
2023-11-02,175.35153198242188,175.55889990398722,173.26789271763636,173.32714069522646,77334800,172.13584798177084,0.0206934027210941,0.011341153775576202,169.1189248221261,178.98351728651258,171.79647827148438,168.63645935058594,168.16246032714844,2.2910071863508676,2.0243912871954137
2023-11-03,174.44297790527344,174.61086723243213,171.1842192438163,172.06309922812656,79829200,172.19707285563152,-0.005181329566253945,0.011362766029148614,169.90187508719308,178.8480667114258,175.35153198242188,171.79647827148438,168.63645935058594,3.4266479886158265,2.379878677146877
2023-11-06,176.99075317382812,177.18825142381783,174.00849494223715,174.17636920813592,63841300,172.3007614135742,0.014605203941990608,0.011589773702171843,171.64270891462053,178.73719906277125,174.44297790527344,175.35153198242188,171.79647827148438,3.1797564815806822,2.814383965692201
2023-11-07,179.54840087890625,180.1606499568927,176.73400192517136,176.9413698079054,70530000,172.6253219604492,0.014450741969362468,0.010921777437449648,173.56129455566406,178.60675574408637,176.99075317382812,174.44297790527344,175.35153198242188,3.4266480317213563,2.607031071000847
2023-11-08,180.60504150390625,181.15804266662394,179.3212801943679,180.07179468790036,49340300,173.03546803792318,0.0058849904528675,0.010749094881063815,175.33880615234375,178.50459882948132,179.54840087890625,176.99075317382812,174.44297790527344,1.836762472256055,0.5332468160058852
2023-11-09,180.1310272216797,181.81965455110011,179.53851741631973,180.67415869856794,53763500,173.42125345865887,-0.002624590533461424,0.01078751671338294,176.98088727678572,178.40955708821613,180.60504150390625,179.54840087890625,176.99075317382812,2.28113713478038,-0.5431314768882487
2023-11-10,184.3136749267578,184.48178544542026,181.475802800193,181.9108804268445,66133400,173.9293446858724,0.0232200291620539,0.011446104996724523,178.76905822753906,178.35572967529296,180.1310272216797,180.60504150390625,179.54840087890625,3.005982645227249,2.4027944999133126
2023-11-13,182.73158264160156,183.9478113332898,182.14818998578377,183.7401702602705,43627500,174.30109100341798,-0.008583694540217568,0.011405716237221072,179.82335117885046,178.2967052883572,184.3136749267578,180.1310272216797,180.60504150390625,1.7996213475060188,-1.0085876186689404
2023-11-14,185.342041015625,186.00454008995078,184.21480130754796,185.59912547957174,60108400,174.80428924560547,0.01428575365181084,0.01145404668157649,181.38036019461495,178.28936818440755,182.73158264160156,184.3136749267578,180.1310272216797,1.7897387824028215,-0.25708446394673956
2023-11-15,185.90565490722656,187.3789832148446,185.67823345303117,185.7474572062222,53790500,175.28479919433593,0.003040939273750931,0.011423858100702398,182.65391758510046,178.29410078260634,185.342041015625,182.73158264160156,184.3136749267578,1.7007497618134266,0.15819770100435449
2023-11-16,187.58663940429688,188.82264852852316,186.5384909930313,187.44820698590362,54412900,175.7801961263021,0.009042137518136206,0.011453502695171189,183.80223737444197,178.29899258083768,185.90565490722656,185.342041015625,182.73158264160156,2.2841575354918575,0.1384324183932506
2023-11-17,187.56687927246094,188.24915879673333,186.45941980581802,188.1206090057824,50922700,176.19000854492188,-0.00010533869522200145,0.011238971551492501,184.79678562709265,178.29522755940755,187.58663940429688,185.90565490722656,185.342041015625,1.7897389909153105,-0.553729733321461
2023-11-20,189.30714416503906,189.76200213676566,187.75472463510502,187.76460727588125,46505100,176.60845438639322,0.009278103358803635,0.011255520155838441,186.10765947614397,178.3091552734375,187.56687927246094,187.58663940429688,185.90565490722656,2.0072775016606386,1.542536889157816
2023-11-21,188.5062255859375,189.37638084971888,187.61630503925363,189.2676114417462,38134500,177.01995340983072,-0.004230788978588751,0.011272002003978251,186.70659528459822,178.2780241224501,189.30714416503906,187.56687927246094,187.58663940429688,1.7600758104652527,-0.7613858558086974
2023-11-22,189.16871643066406,190.77057938008178,188.6940931656517,189.3467095850447,39617700,177.40712331136066,0.0035144242195042086,0.011225434965309889,187.62618582589286,178.2571029663086,188.5062255859375,189.30714416503906,187.56687927246094,2.0764862144300764,-0.1779931543806299
2023-11-24,187.84371948242188,188.76330300712377,187.13177703645835,188.73363999587542,24048300,177.7201716105143,-0.00700431325666806,0.01133408827646861,187.9835684640067,178.2064476860894,189.16871643066406,188.5062255859375,189.30714416503906,1.6315259706654217,-0.8899205134535464
2023-11-27,187.6657257080078,188.53588093642713,186.78568783853885,187.79427548166112,40552600,178.08851267496746,-0.0009475630854440809,0.011117382029304703,188.2350071498326,178.17540130615234,187.84371948242188,189.16871643066406,188.5062255859375,1.7501930978882854,-0.12854977365330456
2023-11-28,188.2688751220703,188.9412718291061,187.28006797313506,187.65581951789036,38415400,178.48123779296876,0.0032139561541510986,0.011106293111852654,188.3324693952288,178.16409589979384,187.6657257080078,187.84371948242188,189.16871643066406,1.6612038559710527,0.613055604179948
2023-11-29,187.2504119873047,189.9399687403027,186.85489514809922,188.76328577486603,43014200,178.89169260660807,-0.005409620332119558,0.011007680394165486,188.2872597830636,178.13259870741103,188.2688751220703,187.6657257080078,187.84371948242188,3.0850735922034858,-1.5128737875613467
2023-11-30,187.82394409179688,188.18981305356235,186.08364867108205,187.71517468500207,48794400,179.36438649495443,0.0030629150473167055,0.010853652562399355,188.07537405831474,178.09794108072916,187.2504119873047,188.2688751220703,187.6657257080078,2.1061643824803014,0.1087694067948064
2023-12-01,189.09951782226562,189.4159283197641,187.11200544734405,188.19969953750024,45704800,179.89210815429686,0.006791326508644335,0.010839103920856621,188.1601300920759,178.06781378851997,187.82394409179688,187.2504119873047,188.2688751220703,2.3039228724200598,0.8998182847653879
2023-12-04,187.3097686767578,187.9228394923183,185.35193435249073,187.85361573572166,43389500,180.44509735107422,-0.009464588625709758,0.010583601477072702,187.89456612723214,178.03182610405815,189.09951782226562,187.82394409179688,187.2504119873047,2.5709051398275733,-0.5438470589638484
2023-12-05,191.25509643554688,192.2241233156588,188.05135551468544,188.081033613139,66628400,181.12564697265626,0.021063117992514035,0.011063109108263263,188.38190569196428,178.01107618543836,187.3097686767578,189.09951782226562,187.82394409179688,4.172767800973361,3.174062822407876
2023-12-06,190.16741943359375,192.58009647341478,189.95976327032974,192.27356863697858,41089700,181.75545705159504,-0.00568704846158008,0.011197329299577523,188.73929050990515,177.97144741482205,191.25509643554688,187.3097686767578,189.09951782226562,2.620333203085039,-2.106149203384831
2023-12-07,192.0955810546875,192.81740609388598,191.42318430562543,191.4627450433353,47477700,182.5265655517578,0.010139284777785251,0.010780218026591784,189.2859627859933,177.9624471028646,190.16741943359375,191.25509643554688,187.3097686767578,1.3942217882605519,0.6328360113521967
2023-12-08,193.51947021484375,193.79633503305183,191.50229501018384,192.0263616366492,53406400,183.4837173461914,0.007412399350044785,0.009298582596929188,190.1815425327846,178.00246904161241,192.0955810546875,190.16741943359375,191.25509643554688,2.294040022867989,1.4931085781945512
2023-12-11,191.01780700683594,191.32434997590968,189.27751140798418,190.948598334338,60943700,184.3137008666992,-0.012927191280704187,0.009865616424576644,190.63780866350447,178.03014475504557,193.51947021484375,192.0955810546875,190.16741943359375,2.046838567925505,0.06920867249795037
2023-12-12,192.5306854248047,192.54056806660662,189.57414602172835,190.9189246189266,52696900,185.1259750366211,0.0079200910201771,0.009781372264935084,191.1279754638672,178.1752197265625,191.01780700683594,193.51947021484375,192.0955810546875,2.9664220448782714,1.6117608058780775
2023-12-13,195.74429321289062,195.7838388648497,192.66910200901862,192.90640609677627,70404200,186.02956949869792,0.01669140574135164,0.010020860234436685,192.3329075404576,178.39040832519532,192.5306854248047,191.01780700683594,193.51947021484375,3.1147368558310973,2.8378871161143593
2023-12-14,195.89260864257812,197.38570218691584,193.96443748585023,195.80361960949875,66831600,186.83277384440103,0.0007576998912872668,0.00970538308424339,192.9954092843192,178.59683532714843,195.74429321289062,192.5306854248047,191.01780700683594,3.42126470106561,0.0889890330793719
2023-12-15,195.35867309570312,196.1793699091571,194.79504567055722,195.3191123528845,128538400,187.4996785481771,-0.002725654380606124,0.009284888799741587,193.73701695033483,178.81497124565973,195.89260864257812,195.74429321289062,192.5306854248047,1.3843242385998735,0.03956074281862243
2023-12-18,193.69744873046875,194.42917151631295,192.214237877434,193.89520715993984,55751900,188.14149424235026,-0.008503458479268922,0.009412772169160274,193.96585518973214,179.01705966525608,195.35867309570312,195.89260864257812,195.74429321289062,2.2149336388789607,-0.19775842947109368
2023-12-19,194.73573303222656,194.74561567460933,193.6974822378966,193.964464462268,40714100,188.73299357096354,0.005360340616579862,0.009186590418535936,194.13960702078683,179.2300260755751,193.69744873046875,195.35867309570312,195.89260864257812,1.0481334367127317,0.7712685699585506
2023-12-20,192.6493377685547,195.46742966263125,192.6493377685547,194.69616113684165,52242800,189.16969146728516,-0.010713982642962638,0.009275212055947956,194.37268284388952,179.40148654513888,194.73573303222656,193.69744873046875,195.35867309570312,2.8180918940765594,-2.046823368286965
2023-12-21,192.50099182128906,194.87413831888384,191.33420648650613,193.90511142023345,46482500,189.56622314453125,-0.0007700309224205615,0.009268363676314425,194.36844090053015,179.59335344102647,192.6493377685547,194.73573303222656,193.69744873046875,3.539931832377704,-1.4041195989443906
2023-12-22,191.43309020996094,193.22282892375426,190.81013681243016,192.9953923922105,37149600,189.94295857747395,-0.0055475122555187495,0.009335620953003148,193.75255475725447,179.78300984700522,192.50099182128906,192.6493377685547,194.73573303222656,2.4126921113241053,-1.5623021822495673
2023-12-26,190.88926696777344,191.71986154255086,190.67172813799795,191.44299668429173,28919300,190.16214497884116,-0.0028408006243384465,0.008472554357218711,193.0377916608538,179.9948230319553,191.43309020996094,192.50099182128906,192.6493377685547,1.0481334045529138,-0.5537297165182906
2023-12-27,190.9881134033203,191.3342019743918,188.9511728919884,190.33551208827305,48087700,190.43736267089844,0.0005178208136948914,0.008270546899317012,192.4134259905134,180.20235799153645,190.88926696777344,191.43309020996094,192.50099182128906,2.3830290824033966,0.6526013150472636
2023-12-28,191.413330078125,192.4812438348005,191.00791544042355,191.96705978425237,34049900,190.63973897298177,0.0022264038699975064,0.00791339525295997,192.08712332589286,180.3998046875,190.9881134033203,190.88926696777344,191.43309020996094,1.4733283943769493,-0.5537297061273705
2023-12-29,190.37506103515625,192.2241257878035,189.58401220758475,191.72972215657148,42672100,190.7887191772461,-0.005424225379418335,0.007992517455114225,191.46417018345423,180.57046356201172,191.413330078125,190.9881134033203,190.88926696777344,2.6401135802187525,-1.3546611214152335
2024-01-02,183.56216430664062,186.3308274284663,181.83175174149957,185.05525771688224,82488700,190.65457000732422,-0.0357867080460581,0.010269231995723577,190.16600254603796,180.62274169921875,190.37506103515625,191.413330078125,190.9881134033203,4.499075686966734,-1.4930934102416131
2024-01-03,182.18777465820312,183.7995356475199,181.37694529807916,182.15811164141854,58414500,190.4752665201823,-0.007487325362657948,0.010343376717739234,188.69268580845423,180.71175723605685,183.56216430664062,190.37506103515625,191.413330078125,2.422590349440725,0.02966301678458194
2024-01-04,179.8739471435547,181.04073256447913,178.85547678867908,180.1112512492328,71983600,190.16082661946615,-0.01270023479341209,0.010374643897280952,187.04137965611048,180.75059560139974,182.18777465820312,183.56216430664062,190.37506103515625,2.1852557758000444,-0.23730410567810623
2024-01-05,179.15206909179688,180.71438617229708,178.15337931927436,179.95301554334404,62379700,189.8490214029948,-0.004013244070202648,0.01037285368759955,185.36463710239954,180.76407657199437,179.8739471435547,182.18777465820312,183.56216430664062,2.561006853022718,-0.800946451547162
2024-01-08,183.48304748535156,183.52260821958473,179.46849297664804,180.05188555859277,59144500,189.6594991048177,0.024174872305468664,0.011365421191187238,184.292484828404,180.78255869547527,179.15206909179688,179.8739471435547,182.18777465820312,4.054115242936689,3.43116192675879
2024-01-09,183.06781005859375,183.07769270137814,180.68478049118508,181.8614637667107,42841800,189.50030212402345,-0.0022630833335759437,0.011311223991082251,183.1002676827567,180.7576948377821,183.48304748535156,179.15206909179688,179.8739471435547,2.39291221019306,1.206346291883051
2024-01-10,184.10601806640625,184.31365913260458,181.8614214601624,182.28661640904596,46792900,189.38164520263672,0.005671166369883407,0.011372548853695364,182.2046901157924,180.74195268419055,183.06781005859375,183.48304748535156,179.15206909179688,2.4522376724421804,1.819401657360288
2024-01-11,183.5127410888672,184.9564063690912,181.5647895230864,184.4521049955326,49128400,189.22310740152994,-0.003222474657645691,0.011359301304252879,182.19762965611048,180.70217251247828,184.10601806640625,183.06781005859375,183.48304748535156,3.3916168460048084,-0.9393639066654202
2024-01-12,183.83905029296875,184.64987951630312,183.11722519297732,183.97748271061099,40477800,189.1093953450521,0.001778128331392237,0.011334277471908781,182.43352617536272,180.6633846706814,183.5127410888672,184.10601806640625,183.06781005859375,1.5326543233258008,-0.13843241764223535
2024-01-16,181.57469177246094,182.1976301200088,178.90489995610474,180.12114381484557,65603000,188.90108693440754,-0.012317070377046102,0.011511650262564215,182.6764896937779,180.67393951416017,183.83905029296875,183.5127410888672,184.10601806640625,3.2927301639040536,1.4535479576153705
2024-01-17,180.63531494140625,180.8825167727283,178.281963767062,179.24110807963172,47317400,188.61894683837892,-0.005173500898637662,0.011437171809948465,182.8883819580078,180.73275841606988,181.57469177246094,183.83905029296875,183.5127410888672,2.6005530056663133,1.394206861774535
2024-01-18,186.5187225341797,187.02300881659582,183.75005912545993,184.0071435872404,78005800,188.5925786336263,0.03257063877393995,0.012903789325107785,183.3220498221261,180.8501454671224,180.63531494140625,181.57469177246094,183.83905029296875,3.272949691135892,2.511578946939295
2024-01-19,189.41592407226562,189.80155831594578,186.70660172518024,187.21088801676132,68903000,188.5312728881836,0.015533033353019254,0.012628177759127827,184.22892325265067,180.98677656385632,186.5187225341797,180.63531494140625,181.57469177246094,3.0949565907655483,2.2050360555043085
2024-01-22,191.71983337402344,193.14371820043874,190.1080727596782,190.14763349819026,60133900,188.58302001953126,0.012163229216561655,0.012782508013930613,185.31661115373885,181.18258141411675,189.41592407226562,186.5187225341797,180.63531494140625,3.0356454407605327,1.5721998758331779
2024-01-23,192.9954376220703,193.5590651305933,191.6605565705243,192.8372398914015,42355600,188.613015238444,0.00665348089239326,0.012706069108988412,186.67128208705358,181.41549207899305,191.71983337402344,189.41592407226562,186.5187225341797,1.89850856006899,0.15819773066880316
2024-01-24,192.32301330566406,194.18197579456825,192.16480052192722,193.23271418014866,53631300,188.57313334147136,-0.003484146178227343,0.012649403339212505,187.8832768031529,181.6241436428494,192.9954376220703,191.71983337402344,189.41592407226562,2.017175272641026,-0.9097008744845994
2024-01-25,191.99671936035156,194.07322080915367,190.94858599423335,193.03497008475262,54822100,188.60576375325522,-0.001696593349407971,0.012421732084748678,189.37213788713728,181.83717973497178,192.32301330566406,192.9954376220703,191.71983337402344,3.124634814920313,-1.0382507244010526
2024-01-26,190.2663116455078,192.58011726192578,189.79168833424328,192.09561130867766,44594000,188.53028462727863,-0.00901269417836259,0.012445636301732656,190.74799455915178,181.99851108127172,191.99671936035156,192.32301330566406,192.9954376220703,2.788428927682503,-1.8292996631698486
2024-01-29,189.58401489257812,190.04875551955823,187.4580852833725,189.86087972294905,47145600,188.32494201660157,-0.0035860092468754656,0.012033740007015152,191.18589346749442,182.14019181993274,190.2663116455078,191.99671936035156,192.32301330566406,2.59067023618573,-0.2768648303709256
2024-01-30,185.93533325195312,189.65325866018404,185.37172089064353,188.80288370915284,55859400,187.99303283691407,-0.019245724080125703,0.012479195398387748,190.68866620744978,182.28061218261718,189.58401489257812,190.2663116455078,191.99671936035156,4.281537769540506,-2.8675504571997124
2024-01-31,182.3360595703125,185.00585134318092,182.28663127585358,184.94651023142666,55467800,187.55894571940104,-0.019357663864583485,0.012890731289077612,189.34812709263392,182.39815741644966,185.93533325195312,189.58401489257812,190.2663116455078,2.719220067327342,-2.6104506611141574
2024-02-01,184.76853942871094,184.85752846784007,181.76257176566293,181.93066720224104,64885400,187.26131540934244,0.013340640705578277,0.013137934522007308,188.172855922154,182.53329416910807,182.3360595703125,185.93533325195312,189.58401489257812,3.094956702177143,2.837872226469898
2024-02-02,183.76983642578125,185.2332669548565,177.24370243482153,177.84687547061628,102551700,186.89578552246093,-0.005405157209217526,0.01309135804939953,186.9509735107422,182.64318016899958,184.76853942871094,182.3360595703125,185.93533325195312,7.989564520034975,5.922960955164967
2024-02-05,185.579345703125,187.1317803970082,183.75994390321247,186.0440863383638,69668800,186.66011912027994,0.009846606562522231,0.013149228141510202,186.0342058454241,182.81837751600477,183.76983642578125,184.76853942871094,182.3360595703125,3.3718364937957404,-0.4647406352387975
2024-02-06,187.18124389648438,187.1911265388062,184.67956238073768,184.76855142564483,43490800,186.48279418945313,0.008631877579318381,0.013270374767192464,185.5934818812779,183.02816179063586,185.579345703125,183.76983642578125,184.76853942871094,2.5115641580685235,2.412692470839545
2024-02-07,187.2899932861328,188.91163664571195,186.49894443287428,188.50622203381667,53439000,186.34469095865884,0.0005809844372473005,0.01324268676046322,185.26576450892858,183.23630099826389,187.18124389648438,185.579345703125,183.76983642578125,2.412692212837669,-1.2162287476838571
2024-02-08,186.21218872070312,187.41851968576853,185.25304448034683,187.27020463334281,40962000,186.18878835042318,-0.005754736526596305,0.013270011534080044,185.30531529017858,183.4267593383789,187.2899932861328,187.18124389648438,185.579345703125,2.1654752054217,-1.0580159126396893
2024-02-09,186.97457885742188,188.10325716765925,186.1330139747395,186.77655292696195,45155200,186.05500386555988,0.004094201039988032,0.013297749301777165,185.96796090262276,183.59781917995878,186.21218872070312,187.2899932861328,187.18124389648438,1.970243192919753,0.19802593045992012
2024-02-12,185.29139709472656,186.79630612181433,184.93497167008087,186.5487888854563,41781900,185.85093943277994,-0.009002195768970433,0.013372619390245376,186.04265485491072,183.7649892171224,186.97457885742188,186.21218872070312,187.2899932861328,1.8613344517334554,-1.2573917907297414
2024-02-13,183.20237731933594,184.36077144619387,181.68757282391297,183.92513863049606,56529500,185.61184997558593,-0.011274240510597777,0.013481620172227635,185.96158926827567,183.89512278238934,185.29139709472656,186.97457885742188,186.21218872070312,2.6731986222808928,-0.7227613111601272
2024-02-14,182.3212127685547,183.6875129162611,180.62820312290157,183.4796068721132,54630500,185.57048492431642,-0.004809787753164985,0.011825081674992586,185.4961417061942,184.00175035264758,183.20237731933594,185.29139709472656,186.97457885742188,3.059309793359546,-1.1583941035585212
2024-02-15,182.0341033935547,182.65785175424014,179.54903541760635,181.727184392981,65434500,185.56536254882812,-0.0015747447630488631,0.011747747637402854,184.7608359200614,184.0768792046441,182.3212127685547,183.20237731933594,185.29139709472656,3.1088163366337938,0.3069190005736857
2024-02-16,180.49948120117188,183.0142649801448,179.86583763061847,181.59845842120637,49752500,185.58621368408203,-0.008430410366924379,0.011613190649864168,183.79076276506697,184.11849822998047,182.0341033935547,182.3212127685547,183.20237731933594,3.1484273495263153,-1.0989772200344987
2024-02-20,179.75694274902344,180.6182980286837,178.2124373755958,179.98465441119404,53665600,185.60637613932292,-0.0041137982625050196,0.011614457234634093,182.86858476911272,184.1584503173828,180.49948120117188,182.0341033935547,182.3212127685547,2.405860653087899,-0.22771166217060568
2024-02-21,180.5093994140625,181.0737309260645,178.86588113831095,180.13316833455778,41371400,185.50725453694662,0.0041859671928756725,0.01072996886166111,181.94498770577567,184.19129231770833,179.75694274902344,180.49948120117188,182.0341033935547,2.2078497877535597,0.3762310795047199
2024-02-22,182.5390167236328,183.12316891523534,180.6479964148563,181.65785591778803,52292200,185.48962809244793,0.011243831712689278,0.010934395487517274,181.55179050990515,184.23670060899522,180.5093994140625,179.75694274902344,180.49948120117188,2.4751725003790455,0.881160805844786
2024-02-23,180.7073974609375,183.20236045475278,180.4202689919066,183.1726595934398,45119700,185.3763407389323,-0.010034124734376149,0.011027155748995468,181.19536481584822,184.28216620551214,182.5390167236328,180.5093994140625,179.75694274902344,2.782091462846182,-2.465262132502289
2024-02-26,179.36094665527344,180.9450483706012,178.8560016756048,180.43022324442992,40867400,185.23794759114583,-0.007450999929071056,0.011089179913373208,180.77246965680803,184.31409759521483,180.7073974609375,182.5390167236328,180.5093994140625,2.089046694996398,-1.0692765891564875
2024-02-27,180.8163299560547,182.09351248592515,177.77681047698752,179.30152539649055,54318900,185.13719024658204,0.008114270848371685,0.011197878654854554,180.59850202287947,184.37942606608073,179.36094665527344,180.7073974609375,182.5390167236328,4.316702008937625,1.5148045595641406
2024-02-28,179.61834716796875,181.30146173701146,178.34116458472795,180.6975189384851,48953900,185.0719787597656,-0.006625412585119395,0.011037694923968461,180.47262573242188,184.44581739637587,180.8163299560547,179.36094665527344,180.7073974609375,2.960297152283516,-1.0791717705163535
2024-02-29,178.95498657226562,180.75691955299587,177.74710108364005,179.4698267249393,136682600,185.0159678141276,-0.003693167241333062,0.011018459927917324,180.3580605643136,184.5090076022678,179.61834716796875,180.8163299560547,179.36094665527344,3.009818469355821,-0.5148401526736848
2024-03-01,177.8758087158203,178.73716395290236,175.61845249589473,177.76690051629518,73563100,184.72787068684895,-0.006030443057866486,0.009148392482838793,179.9818333217076,184.58851555718317,178.95498657226562,179.61834716796875,180.8163299560547,3.1187114570076346,0.10890819952513198
2024-03-04,173.36109924316406,175.14321147352493,172.06409607852763,174.4006596751229,81510100,184.19270985921224,-0.02538124495540084,0.009556065511587596,178.6707022530692,184.61654324001736,177.8758087158203,178.95498657226562,179.61834716796875,3.0791153949973022,-1.0395604319588472
2024-03-05,168.43057250976562,170.3315036177779,167.9355378949523,169.0642162124364,95132400,183.416401163737,-0.028440790667130345,0.010202121568971849,176.9168701171875,184.5849594116211,173.36109924316406,177.8758087158203,178.95498657226562,2.395965722825622,-0.6336437026707813
2024-03-06,167.44046020507812,169.53941670485264,167.00482743895031,169.36119643359416,68587700,182.56456858317057,-0.005878459533408598,0.009994427664356927,175.2139434814453,184.56804979112414,168.43057250976562,173.36109924316406,177.8758087158203,2.5345892659023264,-1.9207362285160343
2024-03-07,167.32167053222656,169.0344857697736,166.81674075207243,167.47017484778516,71765100,181.73119049072267,-0.0007094442568186254,0.010018635624563309,173.28613499232702,184.59601372612846,167.44046020507812,168.43057250976562,173.36109924316406,2.217745017701162,-0.148504315558597
2024-03-08,169.0345001220703,171.97500667784078,167.2622830078253,167.3216847390924,76267000,180.96578318277994,0.010236746886374437,0.01036796978954371,171.77415684291296,184.6284159342448,167.32167053222656,167.44046020507812,168.43057250976562,4.712723670015492,1.712815382977908
2024-03-11,171.034423828125,172.64824117092596,170.34137853305091,171.22253935977105,60139500,180.32472025553386,0.01183145277804476,0.010725521220317497,170.64264787946428,184.6603266398112,169.0345001220703,167.32167053222656,167.44046020507812,2.3068626378750423,-0.18811553164604788
2024-03-12,171.50965881347656,172.3017170819102,169.31170429451927,171.43045147590772,59825400,179.7222417195638,0.002778592605598096,0.01078632550124428,169.73319789341517,184.69225107828777,171.034423828125,169.0345001220703,167.32167053222656,2.990012787390924,0.07920733756884601
2024-03-13,169.43051147460938,171.4700511814422,169.0641756745517,171.05422401757613,52488700,179.17208099365234,-0.012122625356793093,0.010497227255821018,169.17168535505022,184.6659625583225,171.50965881347656,171.034423828125,169.0345001220703,2.4058755068904816,-1.6237125429667572
2024-03-14,171.28195190429688,172.57893998999515,170.34138929390355,171.19284931228447,72913500,178.8036107381185,0.010927432217336719,0.010328768595445821,169.5790252685547,184.62074500189888,169.43051147460938,171.50965881347656,171.034423828125,2.2375506960916027,0.08910259201240933
2024-03-15,170.90573120117188,170.90573120117188,168.5988682774061,169.47013396047814,121752700,178.34151713053384,-0.0021964993914549424,0.009912591893712228,170.07406398228235,184.5814422607422,171.28195190429688,169.43051147460938,171.50965881347656,2.3068629237657774,1.4355972406937383
2024-03-18,171.9947967529297,175.94517770513775,171.7967859641753,173.82643054023092,75604200,177.94901580810546,0.006372317324314203,0.01002810320057014,170.7416534423828,184.52593163384333,170.90573120117188,171.28195190429688,169.43051147460938,4.148391740962438,-1.8316337873012287
2024-03-19,174.33139038085938,174.85612585981306,171.31167623303145,172.60866449637948,55215200,177.57408396402994,0.01358525764756835,0.010204091781036036,171.49835205078125,184.46796485053167,171.9947967529297,170.90573120117188,171.28195190429688,3.5444496267816135,1.7227258844798996
2024-03-20,176.89564514160156,176.89564514160156,173.35119593354977,173.97494430389506,53423100,177.23123067220052,0.014709082255009331,0.010479680878428314,172.3356693812779,184.42674933539496,174.33139038085938,171.9947967529297,170.90573120117188,3.5444492080517875,2.920700837706505
2024-03-21,169.66812133789062,175.72735394947048,169.14338597139206,175.29172116809335,106181300,176.64383494059246,-0.04085755643065969,0.012656044987472326,172.07259259905135,184.3104948255751,176.89564514160156,174.33139038085938,171.9947967529297,6.5839679780784195,-5.623599830202721
2024-03-22,170.56907653808594,171.33143385532912,168.37112227286767,170.05423645695066,71160100,176.12239786783854,0.005310103000439881,0.012740277353147452,172.23524475097656,184.15777706570094,169.66812133789062,176.89564514160156,174.33139038085938,2.9603115824614576,0.5148400811352758
2024-03-25,169.15330505371094,170.2324767040703,167.76719930445816,168.87608692531137,54288300,175.52835540771486,-0.00830028228510038,0.012708544222958007,171.93115234375,184.0069073147244,170.56907653808594,169.66812133789062,176.89564514160156,2.465277399612148,0.27721812839956783
2024-03-26,168.02462768554688,169.71763732680742,167.8959138727621,168.31174106723407,57388400,174.95279642740886,-0.006672511470028231,0.012679294931552397,171.51956612723214,183.81449161105687,169.15330505371094,170.56907653808594,169.66812133789062,1.8217234540453262,-0.2871133816871918
2024-03-27,171.58885192871094,171.87598039200594,168.42063422483255,168.7176579392829,60273300,174.56567891438803,0.02121251088164522,0.013334238984225465,171.4615740094866,183.65541602240668,168.02462768554688,169.15330505371094,170.56907653808594,3.4553461671733885,2.8711939894280363
2024-03-28,169.7770233154297,170.51957504542207,168.8166552027259,170.04434616825796,65672700,174.1475392659505,-0.010559127780830457,0.013415686933739459,170.81095014299666,183.45753139919705,171.58885192871094,168.02462768554688,169.15330505371094,1.7029198426961614,-0.26732285282827206
2024-04-01,168.34144592285156,169.54933141950085,167.79690490268092,169.48992969134684,46240500,173.6911173502604,-0.008455663578875172,0.013461857937927575,169.58892168317522,183.24391547309028,169.7770233154297,171.58885192871094,168.02462768554688,1.7524265168199236,-1.1484837684952822
2024-04-02,167.1632537841797,167.65828830624176,166.55931106297376,167.40087579338118,49329500,173.24657643636067,-0.0069988239213046866,0.013442689027036747,169.2310834612165,182.9978722466363,168.34144592285156,169.7770233154297,171.58885192871094,1.0989772432679956,-0.23762200920148757
2024-04-03,167.96519470214844,168.98496453257434,166.90582876011774,167.11373478373662,47691700,172.8535181681315,0.004797351689529217,0.013503364451435653,168.85910034179688,182.76963857014974,167.1632537841797,168.34144592285156,169.7770233154297,2.0791357724565955,0.8514599184118197
2024-04-04,167.1434783935547,170.2126836435028,167.1434783935547,168.59886612133832,53704400,172.40798746744792,-0.004892182038373494,0.013457657977397322,168.57198224748885,182.52491370307075,167.96519470214844,167.1632537841797,168.34144592285156,3.069205249948112,-1.4553877277836307
2024-04-05,167.89590454101562,168.69785802201392,167.27215623034843,167.90579979250484,42104800,171.91988372802734,0.004501678167120993,0.013275764724752523,168.5535932268415,182.3032713148329,167.1434783935547,167.96519470214844,167.1632537841797,1.4257017916654888,-0.009895251489211887
2024-04-08,166.77711486816406,167.51966659518817,166.5692088446593,167.35135668326646,37425500,171.4555409749349,-0.006663591204979391,0.013225701895079262,167.86620221819197,182.07117563883463,167.89590454101562,167.1434783935547,167.96519470214844,0.9504577505288694,-0.5742418151023969
2024-04-09,167.98501586914062,168.39094781013864,166.67813256359855,167.02464767080627,42373800,171.0763432820638,0.00724260640874741,0.01331108647691316,167.6102011544364,181.8457994249132,166.77711486816406,167.89590454101562,167.1434783935547,1.7128152465400888,0.9603681983343506
2024-04-10,166.1138153076172,167.41080359039768,165.45047073196832,167.12369015897798,49709300,170.5862594604492,-0.011139092090101,0.013265933623531163,167.2919682094029,181.61094835069446,167.98501586914062,166.77711486816406,167.89590454101562,1.9603328584293536,-1.0098748513607916
2024-04-11,173.3016815185547,173.7175238179071,166.49001666248702,166.66822184170525,91070300,170.37570393880208,0.04327073096013523,0.01567138270873589,168.16888645717077,181.4495898776584,166.1138153076172,167.98501586914062,166.77711486816406,7.227507155420085,6.633459676849441
2024-04-12,174.7966766357422,176.58869902312352,172.47991891196477,172.5294102738014,101670900,170.23709360758463,0.008626547094567227,0.01576153399606483,169.14481244768416,181.29066942003038,173.3016815185547,166.1138153076172,167.98501586914062,4.108780111158751,2.2672663619407842
2024-04-15,170.9750213623047,174.8758957155582,170.78690583147454,173.6185038309996,73531800,170.00706736246744,-0.021863432114338388,0.016206255885360413,169.69217572893416,181.10917222764758,174.7966766357422,173.3016815185547,166.1138153076172,4.088989884083645,-2.6434824686949128
2024-04-16,167.69790649414062,172.0343988146065,166.59892920522176,170.04436539186383,73711200,169.81829427083332,-0.019167214263536736,0.01592366261936209,169.6638902936663,180.84742567274304,170.9750213623047,174.7966766357422,173.3016815185547,5.435469609384739,-2.3464588977232097
2024-04-17,166.3316192626953,168.95529649982927,166.3316192626953,167.92563121825307,50901200,169.74832916259766,-0.008147312390528016,0.015128223417281199,169.6002480643136,180.58258344862196,167.69790649414062,170.9750213623047,174.7966766357422,2.623677237133961,-1.594011955557761
2024-04-18,165.38113403320312,166.96525061902096,164.89600984807865,166.36130787024413,43122900,169.6796849568685,-0.005714398944142052,0.015126169602792094,169.22826494489397,180.28575625949435,166.3316192626953,167.69790649414062,170.9750213623047,2.069240770942315,-0.9801738370410078
2024-04-19,163.3614044189453,164.7474951408098,162.4505426435407,164.55939469854349,68149400,169.54767608642578,-0.012212575672944204,0.015281853449159168,168.83506338936942,179.95066663953992,165.38113403320312,166.3316192626953,167.69790649414062,2.2969524972691033,-1.197990279598173
2024-04-22,164.19305419921875,165.59895049362888,163.1336881290828,163.87623994630854,48116400,169.38629455566405,0.0050908584143942726,0.015183595978808442,167.53383091517858,179.6526138305664,163.3614044189453,165.38113403320312,166.3316192626953,2.465262364546078,0.3168142529102056
2024-04-23,165.2425079345703,165.391027347015,163.28217556978177,163.7079130900853,49537800,169.19323069254557,0.006391584226688618,0.01505881122485693,166.168949672154,179.3494118584527,164.19305419921875,163.3614044189453,165.38113403320312,2.108851777233241,1.5345948444850137
2024-04-24,167.34149169921875,167.6187098522012,164.5593998092657,164.8861093338651,48251800,169.05429178873698,0.012702444370304322,0.015253287793265768,165.6498740059989,179.03382517496746,165.2425079345703,164.19305419921875,163.3614044189453,3.0593100429354934,2.4553823653536426
2024-04-25,168.20285034179688,168.91570135131437,166.48012455092012,167.84642483703811,50558300,169.01336975097655,0.005147310651002934,0.015133030653750655,165.72200884137834,178.72616119384764,167.34149169921875,165.2425079345703,164.19305419921875,2.4355768003942444,0.3564255047587608
2024-04-26,167.6186981201172,169.63843239437367,167.49987955768663,168.19293999888993,44838400,168.8912612915039,-0.0034729032266258564,0.0149979256122586,165.90587724958147,178.41793924967448,168.20285034179688,167.34149169921875,165.2425079345703,2.1385528366870403,-0.5742418787727388
2024-04-29,171.77699279785156,174.28186646983917,171.38097119165224,171.64827897757164,68169400,168.92030334472656,0.02480805974733502,0.01569377540568368,166.81957135881697,178.17437862820094,167.6186981201172,168.20285034179688,167.34149169921875,2.900895278186937,0.12871382027992695
2024-04-30,168.6384735107422,173.2521991943247,168.31174889120035,171.60868084411632,65934800,168.8084259033203,-0.018270894349645572,0.016006176681099254,167.5734383719308,177.88440907796223,171.77699279785156,167.6186981201172,168.20285034179688,4.940450303124351,-2.970207333374134
2024-05-01,167.6186981201172,170.99483730573115,167.43058257791944,167.8959162536964,50383100,168.5846694946289,-0.006047109947067031,0.015809167718117297,168.0628160749163,177.60629085964626,168.6384735107422,171.77699279785156,167.6186981201172,3.564254727811715,-0.2772181335792254
2024-05-02,171.3116455078125,171.69777183075684,169.19289835753364,170.79680537480178,94214900,168.3985361735026,0.022031834330612066,0.016116613709529805,168.9298357282366,177.37085367838543,167.6186981201172,168.6384735107422,171.77699279785156,2.504873473223199,0.514840133010722
2024-05-03,181.55886840820312,185.14291355827163,180.84601747897057,184.7963833456082,163224100,168.79489440917968,0.05981626567192899,0.017901417778585466,170.9608895438058,177.26114010281032,171.3116455078125,167.6186981201172,168.6384735107422,4.296896079301064,-3.2375149374050807
2024-05-06,179.9054412841797,182.37070337959045,178.62824383792136,180.5390848280799,78569700,169.10610656738282,-0.009106837570203363,0.01801410425904726,172.63268824986048,177.13909759521485,181.55886840820312,171.3116455078125,167.6186981201172,3.742459541669092,-0.6336435439002059
2024-05-07,180.58860778808594,183.06378067502382,179.5193463953144,181.62818342205114,77305800,169.4872833251953,0.0037973643211108854,0.01791227235524789,174.48553248814173,177.02354753282336,179.9054412841797,181.55886840820312,171.3116455078125,3.544434279709435,-1.0395756339651996
2024-05-08,180.9252166748047,181.25194126160505,179.64801918938014,181.0341248704048,45057100,169.91730295817058,0.0018639541599088094,0.01783186911540527,175.79242161342077,176.90701293945312,180.58860778808594,179.9054412841797,181.55886840820312,1.6039220722249183,-0.10890819560012233
2024-05-09,182.737060546875,182.82616313989396,180.30148392023486,180.74701199258516,48983000,170.28890991210938,0.010014324732449564,0.01754412979517375,177.80650547572546,176.82214626736112,180.9252166748047,180.58860778808594,179.9054412841797,2.524679219659106,1.9900485542898423
2024-05-10,181.4779815673828,183.5004555242596,180.56588428269347,183.31208481142474,50759500,170.67894185384114,-0.006890112907169232,0.0174643912414169,179.7864031110491,176.79898868136937,182.737060546875,180.9252166748047,180.58860778808594,2.9345712415661183,-1.834103244041927
2024-05-13,184.6802215576172,185.49318663872077,183.0344740478803,183.84743912898392,72044800,171.22356770833332,0.01764533615911623,0.017556455052585365,181.69619968959265,176.8266825358073,181.4779815673828,182.737060546875,180.9252166748047,2.458712590840463,0.8327824286332657
2024-05-14,185.8203125,186.68285108112164,184.69010361608505,185.8996272619275,52393600,171.84546966552733,0.006173324532357194,0.017456018859647558,182.3049774169922,176.89275326199,184.6802215576172,181.4779815673828,182.737060546875,1.9927474650365866,-0.07931476192749187
2024-05-15,188.09066772460938,189.0126735344407,185.76084369802737,186.29621459797372,70400000,172.51631876627604,0.012218014242169506,0.017524870603842273,183.47429547991072,176.99207102457683,185.8203125,184.6802215576172,181.4779815673828,3.2518298364133216,1.7944531266356591
2024-05-16,188.2096405029297,189.458829238671,188.03119361367854,188.83423487080034,52845200,173.21852416992186,0.0006325288742901058,0.017457920014750453,184.5630144391741,177.04458872477213,188.09066772460938,185.8203125,184.6802215576172,1.4276356249924618,-0.6245943678706567
2024-05-17,188.2393798828125,189.1713095252472,187.55530322495105,187.8824709799172,41282900,173.89664001464843,0.00015801199026443946,0.01747255981921981,185.60789489746094,177.1020506117079,188.2096405029297,188.09066772460938,185.8203125,1.6160063002961635,0.35690890289529875
2024-05-20,189.39932250976562,190.27176982167657,187.38675756521698,187.7040166341828,44361300,174.6507136027018,0.006162061454278334,0.017360090204321166,186.5596466064453,177.16086510552302,188.2393798828125,188.2096405029297,188.09066772460938,2.8850122564595893,1.695305875582818
2024-05-21,190.6980743408203,191.07480055486454,189.28034753675723,189.44888573499304,42309400,175.4078155517578,0.006857214766371245,0.01735805053617585,187.8768027169364,177.24070214165582,189.39932250976562,188.2393798828125,188.2096405029297,1.7944530181073048,1.2491886058272712
2024-05-22,189.26052856445312,191.16405275409193,188.63594934473116,190.61877317517173,34648500,176.17937266031902,-0.007538333993860724,0.01725921413710976,188.5311322893415,177.30094078911677,190.6980743408203,189.39932250976562,188.2393798828125,2.5281034093607673,-1.3582446107186001
2024-05-23,185.27508544921875,189.35969818168277,185.02723244112752,189.3398657052663,51005900,176.57848612467447,-0.021057973077979186,0.016242276202695964,188.4532427106585,177.34205627441406,189.26052856445312,190.6980743408203,189.39932250976562,4.33246574055525,-4.064780256047555
2024-05-24,188.34841918945312,188.94327235106317,186.4250777783575,187.19839293954828,36327000,177.03021087646485,0.016587949387705025,0.01641242946939247,188.4900643484933,177.42775743272568,185.27508544921875,189.26052856445312,190.6980743408203,2.5181945727056814,1.1500262499048404
2024-05-28,188.35838317871094,191.3425280405038,187.47602704829728,189.86531862155948,52280100,177.60965627034506,5.2901900109869615e-05,0.015759829366041266,188.51131330217635,177.44819810655383,188.34841918945312,185.27508544921875,189.26052856445312,3.866500992206511,-1.506935442848544
2024-05-29,188.65576171875,190.5989356775744,187.88246165547932,187.98160889548626,53068000,178.3082514444987,0.0015787911056601711,0.015182254385695619,188.570796421596,177.4397518581814,188.35838317871094,188.34841918945312,185.27508544921875,2.7164740220950705,0.6741528232637393
2024-05-30,189.64718627929688,190.52954231443272,188.99286588586446,189.12173915319045,49889100,179.08543701171874,0.005255204248810097,0.015007376469296459,188.606205531529,177.4167224460178,188.65576171875,188.35838317871094,188.34841918945312,1.5366764285682564,0.5254471261064282
2024-05-31,190.5989532470703,190.9162123421418,188.27905284340878,189.7959119633218,75158300,179.92603098551433,0.005018618975826783,0.014883162582293356,188.592045375279,177.39009484185112,189.64718627929688,188.65576171875,188.35838317871094,2.6371594987330127,0.803041283748513
2024-06-03,192.36366271972656,193.31542486412093,190.86663609575578,191.24336235629542,50080500,180.8927729288737,0.009258757420187225,0.014546973281451277,189.0353502546038,177.39054650200737,190.5989532470703,189.64718627929688,188.65576171875,2.448788768365148,1.1203003634311415
2024-06-04,192.68093872070312,193.64260962317667,191.37226754827617,192.9684415601165,47471400,181.84236907958984,0.0016493551666192374,0.014564381198384541,190.09332929338728,177.39814893934462,192.36366271972656,190.5989532470703,189.64718627929688,2.2703420749004977,-0.28750283941337784
2024-06-05,194.18783569335938,195.20898869639487,193.19642383583022,193.7218709101011,54156800,182.80721333821614,0.007820685235712554,0.01456991027680479,190.92753165108817,177.4417214287652,192.68093872070312,192.36366271972656,190.5989532470703,2.012564860564652,0.46596478325827206
2024-06-06,192.80979919433594,194.8124556459051,192.5024638984892,194.0094143560484,41181800,183.65615692138672,-0.007096409999643227,0.014680197143493567,191.5634482247489,177.4775634765625,194.18783569335938,192.68093872070312,192.36366271972656,2.309991747415893,-1.1996151617124724
2024-06-07,195.19911193847656,195.2486855650071,192.47272888451312,192.978343568532,53103900,184.5560323079427,0.012392071119437187,0.014744948098515986,192.49821254185267,177.5804943508572,192.80979919433594,194.18783569335938,192.68093872070312,2.7759566804939766,2.220768369944551
2024-06-10,191.4614715576172,195.60558138834554,190.49980075281104,195.20900753042525,97010200,185.35079142252604,-0.01914783496575234,0.015324698515443188,192.7573961530413,177.6818878173828,195.19911193847656,192.80979919433594,194.18783569335938,5.105780635534501,-3.747535972808066
2024-06-11,205.3709716796875,205.38089548057218,191.96709351098235,191.98691085726122,172373300,186.47059071858723,0.07264908186963592,0.01944125693675888,194.86768450055803,177.91080373128256,191.4614715576172,195.19911193847656,192.80979919433594,13.413801969589827,13.384060822426278
2024-06-12,211.24014282226562,218.30889945026047,205.1231180281253,205.58908283581826,198134300,187.8906463623047,0.028578387172127462,0.01929308484121161,197.56432451520647,178.21602935791014,205.3709716796875,191.4614715576172,195.19911193847656,13.185781422135165,5.651059986447365
2024-06-13,212.40008544921875,214.88852380834695,209.782758705521,212.8957913864929,97862700,189.38335927327475,0.005491108893677765,0.019123624297386205,200.38134547642298,178.5140375773112,211.24014282226562,205.3709716796875,191.4614715576172,5.105765102825956,-0.4957059372741526
2024-06-14,210.66514587402344,213.32212283006638,209.48536314811375,212.01346682824212,70122700,190.6951426188151,-0.008168262133821491,0.01915955285042676,202.73524693080358,178.7749698215061,212.40008544921875,211.24014282226562,205.3709716796875,3.8367596819526284,-1.3483209542186785
2024-06-17,214.80923461914062,217.06965275202606,210.89316027395952,211.53757201804441,93728300,191.8034881591797,0.019671449341673863,0.016577911000812042,205.8780234200614,179.0807391696506,210.66514587402344,212.40008544921875,211.24014282226562,6.176492478066535,3.27166260109621
2024-06-18,212.4496612548828,216.75240063817128,211.1707464886947,215.72132373307375,79943300,192.88829549153647,-0.010984506175637065,0.016639369610134694,208.34238760811942,179.3722666422526,214.80923461914062,210.66514587402344,212.40008544921875,5.581654149476577,-3.271662478190933
2024-06-20,207.87925720214844,212.40010854906527,207.0563985691976,212.09275812722348,86172500,193.79798380533853,-0.021512879925240758,0.017364405655567895,210.68778555733817,179.6045408460829,212.4496612548828,214.80923461914062,210.66514587402344,5.343709979867668,-4.213500925075039
2024-06-21,205.70806884765625,210.07027533194446,205.33132746963062,208.58315742215362,241805100,194.62407887776692,-0.010444468504045346,0.017581310742835907,210.73594229561942,179.83139275444879,207.87925720214844,212.4496612548828,214.80923461914062,4.738947862313836,-2.8750885744973687
2024-06-24,206.35247802734375,210.87331399723786,204.8157865138524,205.93608683303725,80727000,195.41125946044923,0.0031326392945953963,0.017550861145922705,210.03770446777344,180.08861609564886,205.70806884765625,207.87925720214844,212.4496612548828,6.057527483385456,0.41639119430649885
2024-06-25,207.2744903564453,209.56464939365068,206.8184342324815,207.35378999494392,55549700,196.2711430867513,0.004468142752225068,0.017425330335996223,209.30547659737724,180.36587473551432,206.35247802734375,205.70806884765625,207.87925720214844,2.746215161169175,-0.0792996384986111
2024-06-26,211.4185791015625,213.01475280094434,208.83099354238436,209.68360834691896,66213200,197.16242167154948,0.019993240547790947,0.017491167621587683,209.4131099155971,180.69236891004775,207.2744903564453,206.35247802734375,205.70806884765625,4.183759258559974,1.7349707546435411
2024-06-27,212.26129150390625,213.88720639689362,210.52632069800987,212.84622088780682,49772700,198.04378763834634,0.003985990284888441,0.017489207688627672,209.0491180419922,181.04527791341147,211.4185791015625,207.2744903564453,206.35247802734375,3.3608856988837488,-0.5849293839005725
2024-06-28,208.81117248535156,214.21437951883613,208.4939285392998,213.91695291908772,82542700,198.7344711303711,-0.01625411300435431,0.01783013194680868,208.52933393205916,181.36810268825954,212.26129150390625,211.4185791015625,207.2744903564453,5.720450979536338,-5.105780433736157
2024-07-01,214.88853454589844,215.64200216221636,210.10001313722785,210.26855134899324,60402900,199.62376759847004,0.029104582806617874,0.018412788677556025,209.53065926688058,181.75009307861328,208.81117248535156,212.26129150390625,211.4185791015625,5.54198902498851,4.619983196905196
2024-07-02,218.37828063964844,218.4873365423676,213.25268346733495,214.29365375141188,58046200,200.6283976236979,0.01623979660489816,0.018513171997513452,211.34068952287947,182.14830712212458,214.88853454589844,208.81117248535156,212.26129150390625,5.234653075032639,4.084626888236556
2024-07-03,219.64730834960938,219.64730834960938,217.14894613859082,218.11061688690268,37369800,201.63666381835938,0.005811144342028118,0.018512604857573788,213.23995099748885,182.58097279866536,218.37828063964844,214.88853454589844,208.81117248535156,2.4983622110185593,1.536691462706699
2024-07-05,224.39617919921875,224.50523511983306,219.74645469045154,219.74645469045154,60412400,202.759933980306,0.021620437260495118,0.01875519737951371,215.68590654645647,183.08136427137586,219.64730834960938,218.37828063964844,214.88853454589844,4.758780429381517,4.649724508767207
2024-07-08,225.8634796142578,225.89322076278884,221.3327197032473,225.13973799267995,59085900,203.98003234863282,0.006538883238900395,0.018590393820133794,217.7494637625558,183.58188815646702,224.39617919921875,219.64730834960938,218.37828063964844,4.5605010595415365,0.723741621577858
2024-07-09,226.71607971191406,227.42989753320916,224.4259205051531,225.97252074204383,48076100,205.36139882405598,0.0037748470851168836,0.01787991060630039,219.81443350655692,184.1051962958442,225.8634796142578,224.39617919921875,219.64730834960938,3.003977028056056,0.7435589698702358
2024-07-10,230.97915649414062,231.0783037422216,227.28119408246098,227.3307677065015,62627700,206.7824234008789,0.018803592527021573,0.0179258152537301,222.98128836495536,184.68324262830947,226.71607971191406,225.8634796142578,224.39617919921875,3.797109659760622,3.648388787639135
2024-07-11,225.61561584472656,230.39421338925845,223.83107137940016,229.40280147827102,64710600,208.02433115641276,-0.023220885948425973,0.018721718562324432,224.51372855050224,185.21368492974176,230.97915649414062,226.71607971191406,225.8634796142578,6.563142009858296,-3.7871856335444534
2024-07-12,228.5601043701172,230.64207551688347,226.71607753741577,226.9540218514806,53046500,209.35447591145834,0.013050907466516382,0.018741219844291834,225.96827479771204,185.82700720893013,225.61561584472656,230.97915649414062,226.71607971191406,3.925997979467695,1.6060825186365832
2024-07-15,232.38694763183594,235.1926451763578,231.08820043911544,234.44908623752588,62631300,210.77913462320964,0.016743268788159904,0.01883031592977221,227.78822326660156,186.53763359917534,228.5601043701172,225.61561584472656,230.97915649414062,4.104444737242346,-2.0621386056899382
2024-07-16,232.80337524414062,234.2409196318231,230.3347538954296,232.98182214446476,43234300,212.18594868977866,0.001791957838201963,0.018851023804345935,228.98925127301897,187.2638882107205,232.38694763183594,228.5601043701172,225.61561584472656,3.90616573639349,-0.17844690032413268
2024-07-17,226.91436767578125,229.47221227385296,224.69359950369105,227.47946461019197,57345900,213.33763885498047,-0.02529605750854591,0.019734262770290605,229.1393781389509,187.9260292900933,232.80337524414062,232.38694763183594,228.5601043701172,4.778612770161914,-0.5650969344107182
2024-07-18,222.25469970703125,228.46094752609622,220.36111458394757,228.30231800055432,66034600,214.32343088785808,-0.020534918156473014,0.020299079704699827,228.50203813825334,188.51736484103733,226.91436767578125,232.80337524414062,232.38694763183594,8.099832942148652,-6.0476182935230725
2024-07-19,222.3836212158203,224.85224251867803,221.36246807560826,222.88925101284036,49151500,215.26329040527344,0.0005800620142522028,0.02030701993425946,227.27410452706474,189.0879114786784,222.25469970703125,226.91436767578125,232.80337524414062,3.489774443069763,-0.505629797020049
2024-07-22,222.03663635253906,225.82382229500527,221.17409763275575,225.06043082550624,48201800,216.23751831054688,-0.0015602986469246405,0.020220858275784296,226.7628217424665,189.64932234022353,222.3836212158203,222.25469970703125,226.91436767578125,4.649724662249525,-3.0237944729671824
2024-07-23,223.07757568359375,224.9910084270489,220.76758424988336,222.44307270253879,39960300,217.16680043538412,0.00468814222803271,0.020171419096096425,225.97960335867745,190.24540083143447,222.03663635253906,222.3836212158203,222.25469970703125,4.223424177165555,0.6345029810549647
2024-07-24,216.6631622314453,222.86941075843336,215.26528287042115,222.07627816799848,61777600,218.0068567911784,-0.02875418307955091,0.020633237812051012,223.7333483014788,190.74963650173612,223.07757568359375,222.03663635253906,222.3836212158203,7.604127888012215,-5.413115936553169
2024-07-25,215.62217712402344,218.95332167523742,212.77681471652627,217.0497975364767,51391200,218.34856363932292,-0.004804624361154031,0.016148672906436123,221.27889142717635,191.2464859008789,216.6631622314453,223.07757568359375,222.03663635253906,6.176506958711144,-1.4276204124532512
2024-07-26,216.088134765625,217.60499369491455,214.15486954444728,216.82176985722595,41601300,218.51016337076823,0.002160991266374035,0.015335121042309163,219.73228672572546,191.73641187879775,215.62217712402344,216.6631622314453,223.07757568359375,3.450124150467275,-0.7336350916009451
2024-07-29,216.36575317382812,217.41664743865044,213.8971319294418,215.09674706599597,36311800,218.64235229492186,0.001284746191660302,0.015310627649194431,218.89100864955358,192.20346035427517,216.088134765625,215.62217712402344,216.6631622314453,3.519515509208645,1.2690061078321548
2024-07-30,216.92092895507812,218.43778796730905,214.2639371695869,217.3075789949067,41643800,218.8508783976237,0.0025659133809590173,0.01522066213854719,218.1106240408761,192.64818572998047,216.36575317382812,216.088134765625,215.62217712402344,4.173850797722139,-0.3866500398285666
2024-07-31,220.17276000976562,221.89782218872546,218.7352157578384,219.53825698895486,50036300,219.0296625773112,0.014990858974981203,0.0150465988159427,217.8443559919085,193.20934838189018,216.92092895507812,216.36575317382812,216.088134765625,3.1626064308870525,0.6345030208107687
2024-08-01,216.48472595214844,222.55216258005441,215.15623749650504,222.44310665442717,62501000,219.1641647338867,-0.01675063735156701,0.01523965951781649,216.90252031598772,193.71952226426868,220.17276000976562,216.92092895507812,216.36575317382812,7.395925083549372,-5.958380702278731
2024-08-02,217.97183227539062,223.66254232334134,215.84030263063204,217.2679231335739,105568600,219.5005839029948,0.006869336008356042,0.014681329211011762,217.0894731794085,194.26195034450956,216.48472595214844,220.17276000976562,216.92092895507812,7.822239692709303,0.7039091418167231
2024-08-05,207.47279357910156,211.6664621054212,194.3167520967801,197.3802115476467,119548600,219.55940806070964,-0.04816695160420703,0.017161941936440515,215.92527553013392,194.7002632988824,217.97183227539062,216.48472595214844,220.17276000976562,17.349710008641097,10.092582031454867
2024-08-06,205.45030212402344,208.18660889381388,199.3432157724579,203.53688424769564,69660500,219.52933553059896,-0.009748224912713765,0.017252845482871815,214.40558515276228,195.07650163438586,207.47279357910156,217.97183227539062,216.48472595214844,8.843393121355973,1.9134178763277987
2024-08-07,208.01806640625,211.80525225793107,204.61751548926864,205.12313014700663,63516400,219.5541213989258,0.012498225875941849,0.01738634468083878,213.2130584716797,195.50140211317273,205.45030212402344,207.47279357910156,217.97183227539062,7.1877367686624325,2.894936259243366
2024-08-08,211.4780731201172,212.36042911915672,207.03655197769595,211.27979376271134,47161100,219.5561045328776,0.016633202940700142,0.017265288351881774,212.43550763811385,195.98069797092015,208.01806640625,205.45030212402344,207.47279357910156,5.32387714146077,0.1982793574058519
2024-08-09,214.38291931152344,214.91827509282652,210.1495861717322,210.2784745623819,42201600,219.62682545979817,0.013735921405697349,0.01743086255566023,211.60838753836495,196.50536092122397,211.4780731201172,208.01806640625,205.45030212402344,4.768688921094309,4.10444474914155
2024-08-12,215.91146850585938,217.8767320905019,213.9958359256548,214.4623401059105,38028100,219.8635019938151,0.007129995240501286,0.01717775742029626,211.5264936174665,197.03809729682075,214.38291931152344,211.4780731201172,208.01806640625,3.880896164847087,1.4491283999488758
2024-08-13,219.62362670898438,220.2390087017958,217.38043273085663,217.38043273085663,44155300,220.0213383992513,0.0171929644535036,0.016641222499911137,211.76246425083704,197.62121005588108,215.91146850585938,214.38291931152344,211.4780731201172,2.858575970939171,2.2431939781277492
2024-08-14,220.07029724121094,221.37054778476931,218.06532277692483,218.92885985517657,41960600,220.0777389526367,0.002033800001028263,0.016388763756118082,213.5621076311384,198.20092553032768,219.62362670898438,215.91146850585938,214.38291931152344,3.3052250078444843,1.1414373860343687
2024-08-15,223.0479736328125,223.67329096872731,221.10255033510867,222.9288713384501,46414000,220.19109446207682,0.013530569226876787,0.016536766272446973,216.07606070382255,198.82615729437933,220.07029724121094,219.62362670898438,215.91146850585938,2.570740633618641,0.11910229436239206
2024-08-16,224.3680877685547,225.1422830006272,221.98593577772976,222.25393109506462,44340200,220.19015808105468,0.005918521088720485,0.016092545471649466,218.41177804129464,199.4526358710395,223.0479736328125,220.07029724121094,219.62362670898438,3.1563472228974376,2.114156673490072
2024-08-19,224.20925903320312,224.30852103873067,221.38045847347976,224.0405257400108,40687800,220.13501739501953,-0.0007078936088067422,0.01604723846314,220.2305188860212,200.09814080132378,224.3680877685547,223.0479736328125,220.07029724121094,2.9280625652509116,0.1687332931923322
2024-08-20,224.82464599609375,225.47973889834265,223.7725353535306,224.0901616619868,30299000,220.07196960449218,0.0027446991508923713,0.01603971963913138,221.7221941266741,200.67061818440754,224.20925903320312,224.3680877685547,223.0479736328125,1.707203544812046,0.734484334106952
2024-08-21,224.71546936035156,226.28371522001356,223.37552309496598,224.8345868015738,34765500,219.8631800333659,-0.0004856079512923772,0.015635120019224513,222.9799085344587,201.2252714369032,224.82464599609375,224.20925903320312,224.3680877685547,2.9081921250475773,-0.11911744122224377
2024-08-22,222.859375,226.64102413052154,222.2340576918725,226.09511339685906,43695300,219.77130533854168,-0.00825975339230045,0.015125485991581547,223.44215829031808,201.80176425509984,224.71546936035156,224.82464599609375,224.20925903320312,4.40696643864905,-3.2357383968590625
2024-08-23,225.15219116210938,226.52192810531062,222.66087229355688,223.98097823318813,38677300,219.65770823160807,0.010288174603870104,0.015049632321604974,224.16814313616072,202.44014519585502,222.859375,224.71546936035156,224.82464599609375,3.8610558117537437,1.1712129289212498
2024-08-26,225.4896697998047,225.58893181224732,222.22415556593285,225.07279660900764,30602200,219.42779897054035,0.0014988911986750786,0.014704604719376464,224.51695687430245,203.0974568684896,225.15219116210938,222.859375,224.71546936035156,3.3647762463144772,0.4168731907970482
2024-08-27,226.33334350585938,227.14724957253156,223.21670725505913,224.31844891527626,35934600,219.21213124593098,0.003741518211471506,0.014721199989916814,224.7977076939174,203.77470364040798,225.4896697998047,225.15219116210938,222.859375,3.9305423174724297,2.0148945905831113
2024-08-28,224.8048095703125,228.149730282918,224.00082364270057,226.22416240429726,38052200,219.14181264241537,-0.006753463329221332,0.01403178509468506,224.8827863420759,204.45740814208983,226.33334350585938,225.4896697998047,225.15219116210938,4.148906640217433,-1.4193528339847603
2024-08-29,228.08026123046875,231.18697758967758,227.1770435151196,228.38796742499142,51906300,219.33599802652995,0.014570202774651042,0.01373949706573674,225.3478742327009,205.16726599799262,224.8048095703125,226.33334350585938,225.4896697998047,4.009934074557975,-0.307706194522666
2024-08-30,227.29611206054688,228.68568922028223,225.78741746908054,228.4772602189495,52990800,219.49974772135417,-0.003438040476152926,0.013762848176385279,225.71653747558594,205.85675048828125,228.08026123046875,224.8048095703125,226.33334350585938,2.8982717512016904,-1.1811481584026353
2024-09-03,221.11248779296875,227.2961293418145,219.52438650802387,226.84948058831634,50190600,219.46894276936848,-0.027205147556289666,0.014681638996903291,225.46698216029577,206.45420600043403,227.29611206054688,228.08026123046875,224.8048095703125,7.771742833790626,-5.736992795347589
2024-09-04,219.206787109375,220.12986023982222,215.86185105944423,220.01075793789536,43840200,219.3399164835612,-0.008618693148521261,0.014734993261188987,224.61763872419084,207.02091640896268,221.11248779296875,227.29611206054688,228.08026123046875,4.268009180377987,-0.8039708285203631
2024-09-05,220.72540283203125,223.80232842315377,219.87180099289256,219.98098315180297,36615400,219.47532450358074,0.006927776930093499,0.013783122730963101,223.93702915736608,207.61099090576172,219.206787109375,221.11248779296875,227.29611206054688,3.9305274302612077,0.7444196802282761
2024-09-06,219.17701721191406,223.5641288078718,218.1348266072838,222.28371844795942,48423000,219.59381917317708,-0.007014986042614635,0.013819492170502663,222.9146968296596,208.13765784369573,220.72540283203125,219.206787109375,221.11248779296875,5.429302200588012,-3.106701236045353
2024-09-09,219.2663116455078,219.62363365317324,215.0975649862482,219.17698492990527,67180000,219.69975840250652,0.0004074078328542008,0.013816540394939254,222.12348284040178,208.7001893785265,219.17701721191406,220.72540283203125,219.206787109375,4.526068666925056,0.0893267156025388
2024-09-10,218.47225952148438,219.83206111139577,215.1174037589381,217.29111136152258,51591000,219.7699752807617,-0.0036214050305511947,0.013836937096011198,220.75091116768974,209.26522894965277,219.2663116455078,219.17701721191406,220.72540283203125,4.714657352457664,1.1811481599617935
2024-09-11,221.0032958984375,221.43008920211523,216.26878297144034,219.81222755985956,44587100,219.9060541788737,0.01158516134953147,0.013982457179521828,219.85193743024553,209.8173583984375,218.47225952148438,219.2663116455078,219.17701721191406,5.161306230674882,1.191068338577935
2024-09-12,221.11248779296875,221.8866830044339,218.1844402475294,220.84449248276735,37455600,219.9373784383138,0.0004940736023295589,0.013720210924273252,219.85193743024553,210.25684305826823,221.0032958984375,218.47225952148438,219.2663116455078,3.7022427569044964,0.26799531020139966
2024-09-13,220.844482421875,222.37301734416337,220.25887596851652,221.91644846858938,36766600,220.08270365397135,-0.001212077046253035,0.01334507072523962,220.08589390345983,210.71172129313152,221.11248779296875,221.0032958984375,218.47225952148438,2.1141413756468523,-1.0719660467143797
2024-09-16,214.71047973632812,215.60377723416104,212.32832783334672,214.92882889414335,59357400,219.97399190266927,-0.027775213662930454,0.01426477136396549,219.22661917550224,211.09085320366754,220.844482421875,221.11248779296875,221.0032958984375,3.275449400814324,-0.21834915781522568
2024-09-17,215.17697143554688,215.28615358843467,212.904016801209,214.14471619981742,45519300,220.23079783121744,0.002172654542953012,0.01105121507192119,218.65518406459265,211.47142825656468,214.71047973632812,220.844482421875,221.11248779296875,2.382136787225676,1.0322552357294512
2024-09-18,219.04795837402344,221.05293280374121,215.92138686335736,215.9313221513165,59894900,220.68405303955078,0.017989782608479832,0.01125557742826523,218.62399074009485,211.87488267686632,215.17697143554688,214.71047973632812,220.844482421875,5.131545940383859,3.116636222706944
2024-09-19,227.16709899902344,228.11004268622213,222.95865620671253,223.31597824995185,66781300,221.32235412597657,0.037065584565443066,0.012816190776544315,219.8661106654576,212.3825395372179,219.04795837402344,215.17697143554688,214.71047973632812,5.151386479509597,3.8511207490715833
2024-09-20,226.50205993652344,231.35567496568984,225.9263736470506,228.25889437635817,318679900,221.82315368652343,-0.002927532487892792,0.012595355580184592,220.65164838518416,212.84722663031684,227.16709899902344,219.04795837402344,215.17697143554688,5.429301318639233,-1.7568344398347335
2024-09-23,224.78492736816406,227.74275012420983,224.12983453268782,225.64844919522082,54146000,222.16988728841145,-0.00758109029489884,0.012533002554980893,221.17628261021204,213.28016679551865,226.50205993652344,227.16709899902344,219.04795837402344,3.612915591522011,-0.8635218270567577
2024-09-24,225.67825317382812,227.64353192764617,224.05045616714196,226.94872814757065,43556100,222.49544677734374,0.003974135704396753,0.012498672858523513,221.8668212890625,213.69780663384333,224.78492736816406,226.50205993652344,227.16709899902344,3.593075760504206,-1.2704749737425232
2024-09-25,224.68568420410156,225.59883710649478,222.35317851779175,223.2563961324406,42308700,222.664182027181,-0.004398159573497096,0.012184610583224278,223.29185049874442,214.10309600830078,225.67825317382812,224.78492736816406,226.50205993652344,3.245658588703037,1.4292880716609488
2024-09-26,225.8271484375,226.79985253593196,223.73284722402752,225.608784129346,36636700,222.8560770670573,0.005080271301849182,0.012207649818154368,224.8133043561663,214.52073788113063,224.68568420410156,225.67825317382812,224.78492736816406,3.0670053119044383,0.2183643081540083
2024-09-27,226.09512329101562,227.81226214161182,225.6087788258606,226.7601514881057,34026000,222.95764872233073,0.0011866370158315487,0.011974198552279408,225.8200422014509,214.92846900092232,225.8271484375,224.68568420410156,225.67825317382812,2.203483315751214,-0.6650281970900664
2024-09-30,231.266357421875,231.266357421875,227.9412771261621,228.3283747151782,54541900,223.18759104410807,0.022871940162120463,0.012620308767218045,226.40565054757255,215.3792277018229,226.09512329101562,225.8271484375,224.68568420410156,3.325080295712894,2.9379827066968005
2024-10-01,224.52688598632812,227.9412778656533,222.07526286618742,227.81225543239978,63285000,223.19817860921225,-0.02914159893673063,0.01377462901182313,226.12348284040178,215.77107611762153,231.266357421875,226.09512329101562,225.8271484375,5.866014999465875,-3.2853694460716554
2024-10-02,225.09263610839844,225.67824256269316,221.360617941662,224.20925878310885,32880600,223.20711161295574,0.0025197433242127865,0.013773222714072123,226.16744123186385,216.21349334716797,224.52688598632812,231.266357421875,226.09512329101562,4.317624621031143,0.8833773252895867
2024-10-03,223.9908905029297,225.12240767637772,221.65838486968212,223.46483520314058,34044200,223.182958984375,-0.004894631936951388,0.013803523201079292,225.92638942173548,216.6095208062066,225.09263610839844,224.52688598632812,231.266357421875,3.4640228066955956,0.5260552997891068
2024-10-04,225.1125030517578,226.30357145139808,222.46237094034984,226.20430944090455,37245100,223.25806325276693,0.005007402516726156,0.013742681347201476,225.98736354282923,217.01789991590712,223.9908905029297,225.09263610839844,224.52688598632812,3.8412005110482426,-1.0918063891467398
2024-10-07,220.04052734375,224.01076551273388,219.68320530273118,222.8296172342201,39505400,223.08767445882162,-0.022530848527954284,0.014228275829818598,225.16070338657923,217.36661953396268,225.1125030517578,223.9908905029297,225.09263610839844,4.3275602100027015,-2.789089890470109
2024-10-08,224.09017944335938,224.29860847272343,221.58892507419034,222.6311156567822,31855700,223.04102478027343,0.018404119225196025,0.014645668273257114,224.87428283691406,217.74931945800782,220.04052734375,225.1125030517578,223.9908905029297,2.7096833985330875,1.4590637865771612
2024-10-09,227.83209228515625,228.0405364361267,223.15714569962594,223.55416342639623,33591100,223.09098307291666,0.016698245550482493,0.014950838008094137,224.38367353166853,218.16302100287544,224.09017944335938,220.04052734375,225.1125030517578,4.883390736500758,4.277928858760021
2024-10-10,227.3358154296875,227.7923994519787,225.47973405841245,226.0851959438118,28183500,223.17534993489582,-0.00217825702468466,0.014899357682958754,224.78494916643416,218.55160047743055,227.83209228515625,224.09017944335938,220.04052734375,2.312665393566249,1.2506194858756885
2024-10-11,225.85690307617188,227.7030642360917,225.64845893034402,227.59388209213523,31759200,223.10123799641926,-0.006505408532836432,0.014707745462945891,224.89413016183036,218.92022230360243,227.3358154296875,227.83209228515625,224.09017944335938,2.0546053057476854,-1.7369790159633567
2024-10-14,229.57901000976562,230.0058033150611,226.89910245149323,226.99834931201846,39882100,223.17733459472657,0.016479934342934044,0.015004138020098718,225.6924329485212,219.31345757378472,225.85690307617188,227.3358154296875,227.83209228515625,3.106700863567852,2.580660697747163
2024-10-15,232.11004638671875,235.7229623804217,230.6410474142004,231.87182665313995,64751400,223.5439198811849,0.011024685474710694,0.014175637377774743,226.69208199637276,219.7501269870334,229.57901000976562,225.85690307617188,227.3358154296875,5.081914966221319,0.2382197335788021
2024-10-16,230.0554656982422,230.39293233151975,228.12989762738192,229.87681223777446,34082200,223.9055425008138,-0.008851752521962908,0.014181559185773586,228.12278747558594,220.13741980658637,232.11004638671875,229.57901000976562,225.85690307617188,2.263034704137823,0.17865346046772856
2024-10-17,230.42266845703125,232.1100316250369,228.80480686495974,231.69314333147315,32993800,224.2287846883138,0.0015961488142632874,0.014147263416557008,229.02742876325334,220.57032199435764,230.0554656982422,232.11004638671875,229.57901000976562,3.3052247600771523,-1.270474874441902
2024-10-18,233.25148010253906,234.4226930307779,232.26884075534687,234.4226930307779,46431500,224.69793345133465,0.012276620457745135,0.014183820581722755,229.80162702287947,220.88010542127822,230.42266845703125,230.0554656982422,232.11004638671875,2.153852275431035,-1.1712129282388446
2024-10-21,234.72047424316406,235.08773156933626,232.7055796017645,232.7055796017645,36254500,225.21307220458985,0.006297898474124208,0.014199286848452,230.85657828194755,221.14099799262152,233.25148010253906,230.42266845703125,230.0554656982422,2.382151967571758,2.0148946413995645
2024-10-22,234.10508728027344,234.4624093106695,230.86934872103873,232.14974382855843,38846600,225.73416646321616,-0.0026217864669662028,0.014185908358113645,232.0348903111049,221.38216467963323,234.72047424316406,233.25148010253906,230.42266845703125,3.593060589630767,1.9553434517150095
2024-10-23,229.04302978515625,233.39044533687328,226.0653512199268,232.33833466706656,52287000,226.00215759277344,-0.02162301363855812,0.014729953799513158,231.95832170758928,221.58636338975694,234.10508728027344,234.72047424316406,233.25148010253906,7.325094116946474,-3.2953048819103117
2024-10-24,228.8544464111328,229.10258628095696,226.71051430099084,228.26882480795348,31109500,226.26022288004557,-0.0008233534729275016,0.0147343920623625,231.4932359967913,221.74242129855685,229.04302978515625,234.10508728027344,234.72047424316406,2.3920719799661185,0.5856216031793338
2024-10-25,229.68817138671875,231.48470145399645,227.8618657494506,228.03059902781462,38802300,226.55501251220704,0.0036430359499686205,0.014733049630178985,231.44076538085938,221.9339603000217,228.8544464111328,229.04302978515625,234.10508728027344,3.6228357045458495,1.6575723589041331
2024-10-28,231.66336059570312,232.983466430484,230.8196941830456,231.58396917060392,36087100,227.12010854085287,0.008599438086251299,0.01370916759269745,231.61800711495536,222.19822811550563,229.68817138671875,228.8544464111328,229.04302978515625,2.1637722474383736,0.07939142509920316
2024-10-29,231.93138122558594,232.5864741436605,230.59143496071306,231.36563017470797,35417200,227.6785888671875,0.001156940092700065,0.013711582469596204,231.4294215611049,222.4895982530382,231.66336059570312,229.68817138671875,228.8544464111328,1.995039182947437,0.5657510508779637
2024-10-30,228.38792419433594,231.7328445287285,227.84201349481597,230.87924283818487,47070900,227.98992106119792,-0.015278040481307209,0.013768592784091142,230.52477155412947,222.73443654378255,231.93138122558594,231.66336059570312,229.68817138671875,3.8908310339125194,-2.4913186438489276
2024-10-31,224.2291259765625,228.11995749798112,223.69313535160188,227.63359787833264,64370100,227.8919886271159,-0.018209361254296064,0.012481175517544848,229.1139199393136,222.92282138400608,228.38792419433594,231.93138122558594,231.66336059570312,4.426822146379237,-3.404471901770137
2024-11-01,221.25143432617188,223.67328184782377,218.6310779402587,219.32586653780092,65276700,227.7169677734375,-0.013279682723741582,0.012695916270276043,228.00083487374442,223.03207533094618,224.2291259765625,228.38792419433594,231.93138122558594,5.042203907565067,1.9255677883709552
2024-11-04,220.3581085205078,221.13230364643434,218.07523400035532,219.34570882983752,44944500,227.56940714518228,-0.0040376045849588316,0.012646108355140013,226.78707231794084,223.12203996446397,221.25143432617188,224.2291259765625,228.38792419433594,3.0570696460790145,1.0123996906702928
2024-11-05,221.78741455078125,222.28369429475046,219.49460455688452,220.14969745378525,28111300,227.43971252441406,0.006486287433985716,0.012685595576879854,225.65839276994978,223.26622043185765,220.3581085205078,221.25143432617188,224.2291259765625,2.789089737865936,1.637717096995999
2024-11-06,221.06283569335938,224.38791581537038,219.54422098922427,220.95365355112233,54561100,227.31895090738934,-0.0032669971778582774,0.012675290954884637,224.14403206961495,223.33482377794053,221.78741455078125,220.3581085205078,221.25143432617188,4.8436948261461055,0.10918214223704581
2024-11-07,225.7874298095703,226.18446269494834,222.89909318788202,222.95864433437472,42137700,227.317626953125,0.021372177287929617,0.01325668544731775,223.26632472446985,223.41714765760634,221.06283569335938,221.78741455078125,220.3581085205078,3.2853695070663207,2.8287854751955877
2024-11-08,225.5191650390625,227.20836966100222,224.97265364792685,225.72782337627459,38328800,227.29842834472657,-0.0011881297853209016,0.01325693539812911,222.85650198800224,223.48239050971137,225.7874298095703,221.06283569335938,221.78741455078125,2.2357160130753755,-0.2086583372120856
2024-11-11,222.80648803710938,224.26715706282306,220.093823487321,223.5716039938927,42005600,227.0164326985677,-0.012028587466095253,0.012700275741173927,222.65326799665178,223.46472727457683,225.5191650390625,225.7874298095703,221.06283569335938,4.173333575502056,-0.765115956783319
2024-11-12,222.80648803710938,224.1578547832826,221.94201602014732,223.12446381828886,40398300,226.9590861002604,0.0,0.011548799480990732,222.87541852678572,223.4307607014974,222.80648803710938,225.5191650390625,225.7874298095703,2.215838763135281,-0.31797578117948433
2024-11-13,223.6908416748047,225.2111273985325,221.34582330978657,222.58788780053936,48566200,226.91235961914063,0.003969155680726866,0.01156355667720525,223.35152326311385,223.39714694552953,222.80648803710938,222.80648803710938,225.5191650390625,3.865304088745944,1.1029538742653244
2024-11-14,226.77114868164062,227.41701609796436,223.57158960851197,223.59146688403666,44923900,227.00503489176432,0.013770376041206012,0.011798845420595283,224.06348528180803,223.3503913031684,223.6908416748047,222.80648803710938,222.80648803710938,3.845426489452393,3.179681797603962
2024-11-15,223.57159423828125,225.47940335635096,222.8462328667566,224.96270031544069,47923700,226.95367126464845,-0.01410917774135001,0.01205916976806005,224.421879359654,223.3276799519857,226.77114868164062,223.6908416748047,222.80648803710938,2.633170489594363,-1.391106077159435
2024-11-18,226.57241821289062,228.28149999782985,223.74050538640262,223.8199993254601,44633700,227.17140096028646,0.013422205914992658,0.01153422870988329,224.53402056012834,223.3055945502387,223.57159423828125,226.77114868164062,223.6908416748047,4.540994611427237,2.7524188874305366
2024-11-19,226.8307647705078,228.6988344551977,225.22105418122663,225.53901477922054,36211800,227.26275380452475,0.0011402383381653447,0.011058890552936658,224.72139195033483,223.24385918511285,226.57241821289062,223.57159423828125,226.77114868164062,3.4777802739710637,1.2917499912872756
2024-11-20,227.5462188720703,228.47030759238797,224.45596175602086,226.6121839320157,35169600,227.25322469075522,0.0031541316817687015,0.010641906602021623,225.39849635532923,223.18544633653428,226.8307647705078,226.57241821289062,223.57159423828125,4.014345836367113,0.9340349400546017
2024-11-21,227.0692596435547,228.6988476019872,224.27710117470866,227.42697481306035,42108300,227.2443394978841,-0.0020960982383265714,0.010641333823865763,226.00746372767858,223.18716735839843,227.5462188720703,226.8307647705078,226.57241821289062,4.421746427278549,-0.35771516950566706
2024-11-22,228.41064453125,229.25525429365297,226.6121379068964,226.6121379068964,38168300,227.3294642130534,0.005907382134424433,0.010620333987661754,226.68172127859933,223.2555667453342,227.0692596435547,227.5462188720703,226.8307647705078,2.64311638675656,1.7985066243535925
2024-11-25,231.39161682128906,231.7692092379923,228.28149797848934,229.99057974831032,90152800,227.38988444010417,0.013050934189852148,0.010458860472153109,227.34178815569197,223.35565558539497,228.41064453125,227.0692596435547,227.5462188720703,3.4877112595029587,1.4010370729787383
2024-11-26,233.56771850585938,234.07449047305911,231.84870566104107,231.84870566104107,45986200,227.4384735107422,0.009404410213577297,0.010405698130524393,228.76980590820312,223.48377872043187,231.39161682128906,228.41064453125,227.0692596435547,2.2257848120180483,1.7190128448183088
2024-11-27,233.43853759765625,234.1937224347506,232.32565277909848,232.9814664022851,33498400,227.55124257405598,-0.0005530768936284902,0.01026443611887775,229.75068010602678,223.59890051947698,233.56771850585938,231.39161682128906,228.41064453125,1.8680696556521355,0.4570711953711566
2024-11-29,235.82330322265625,236.3002516789311,232.48463370489634,233.3192972938568,28481400,227.73126373291015,0.010215818045905767,0.010414626655540186,231.0353284563337,223.8117909749349,233.43853759765625,233.56771850585938,231.39161682128906,3.815617974034751,2.504005928799444
2024-12-02,238.06895446777344,239.26133321145704,235.654388648958,235.76369091824088,48137100,227.8918462117513,0.009522601093399752,0.010321930500897634,232.53857639857702,224.06119961208768,235.82330322265625,233.43853759765625,233.56771850585938,3.606944562499052,2.3052635495325546
2024-12-03,241.10952758789062,241.21882985808793,237.3833345065081,238.28756099978403,38861000,228.1048146565755,0.0127718170011486,0.010508272093851754,234.54432896205358,224.33921508789064,238.06895446777344,235.82330322265625,233.43853759765625,3.835495351579823,2.8219665881065907
2024-12-04,241.46725463867188,242.56027739454964,239.7184333911867,241.32814402991647,44383900,228.3502202351888,0.001483670323441988,0.01048687630084583,236.40955897739954,224.61812065972222,241.10952758789062,238.06895446777344,235.82330322265625,2.841844003362951,0.13911060875540215
2024-12-05,241.4970703125,242.98754766386446,240.59285890906452,242.44105143123323,40033900,228.7653549194336,0.00012347708956528258,0.009574984973462175,237.8531951904297,224.89118889702692,241.46725463867188,241.10952758789062,238.06895446777344,2.394688754799944,-0.9439811187332339
2024-12-06,241.29832458496094,243.0769692456264,240.5431549096241,241.36788746709487,36870600,229.1801508585612,-0.0008229736587772596,0.009574981370614858,238.9575674874442,225.12591739230686,241.4970703125,241.46725463867188,241.10952758789062,2.533814336002308,-0.06956288213393691
2024-12-09,245.18350219726562,245.67039687977774,240.21524480725012,240.29473874492055,44649200,229.69666188557943,0.016101137954386058,0.009921086335354188,240.63541957310267,225.44479268391927,241.29832458496094,241.4970703125,241.46725463867188,5.455152072527625,4.888763452345074
2024-12-10,246.19705200195312,246.63426111556626,243.78247081974237,245.3226337747269,36914800,230.18111826578777,0.004133841778114489,0.009855448050339362,242.1173836844308,225.75840623643663,245.18350219726562,241.29832458496094,241.4970703125,2.851790295823889,0.8744182272262151
2024-12-11,244.9251708984375,249.20780656351602,244.69662013013263,246.3858398593606,45205800,230.61424458821614,-0.005166110207954655,0.009943031115676702,243.09684317452567,226.17454376220704,246.19705200195312,245.18350219726562,241.29832458496094,4.511186433383386,-1.4606689609231012
2024-12-12,246.3858184814453,247.1608653940442,244.1202792424049,245.32260415969785,32777500,231.21417439778645,0.00596364831613605,0.009422762019166149,243.85059901646204,226.62938283284504,244.9251708984375,246.19705200195312,245.18350219726562,3.040586151639303,1.0632143217474663
2024-12-13,246.5547637939453,247.7073880681415,244.676762972136,246.24673423955153,33155300,231.95836232503254,0.0006856941423871721,0.008579370129838091,244.57738603864397,227.057568359375,246.3858184814453,244.9251708984375,246.19705200195312,3.030625096005508,0.30802955439378366
2024-12-16,249.44627380371094,249.7841268474892,246.07779571830554,246.4156487620838,51694800,232.8981903076172,0.011727658250327622,0.008125396396031687,245.7129865373884,227.47943725585938,246.5547637939453,246.3858184814453,244.9251708984375,3.706331129183667,3.0306250416271325
2024-12-17,251.8707733154297,252.21855739876366,248.19426586582333,248.49236434269267,51356400,233.94861246744793,0.00971952587123659,0.008041696458854239,247.22333635602678,227.89596896701389,249.44627380371094,246.5547637939453,246.3858184814453,4.024291532940339,3.37840897273702
2024-12-18,246.47528076171875,252.66572594292316,246.16725119368886,250.55918941684527,56774100,234.77154134114582,-0.021421669861448778,0.009316703794777954,247.40787615094865,228.2355668809679,251.8707733154297,249.44627380371094,246.5547637939453,6.498474749234305,-4.083908655126521
2024-12-19,248.20420837402344,250.4001849209636,245.52135228225407,245.92875304737495,60882300,235.67625376383464,0.007014608552068813,0.009245507020442885,247.69461277553015,228.5531288994683,246.47528076171875,251.8707733154297,249.44627380371094,4.878832638709525,2.2754553266484834
2024-12-20,252.87437438964844,253.38113119374523,244.13023820234332,246.46531011815415,147495300,236.57915191650392,0.01881582123937009,0.009089469664276048,248.83021327427454,228.91761864556207,248.20420837402344,246.47528076171875,251.8707733154297,9.250892991401912,6.409064271494287
2024-12-23,253.6494140625,254.02699130961165,251.84096111600803,253.15258832932108,40858800,237.51682688395184,0.0030649197836760678,0.00904164558066477,249.8678697858538,229.25763465033637,252.87437438964844,248.20420837402344,246.47528076171875,2.1860301936036137,0.4968257331789232
2024-12-24,256.560791015625,256.57070690893096,253.66924678278625,253.86798918256417,23234700,238.641970316569,0.011477956548354706,0.008616336282437465,251.29730224609375,229.6153313530816,253.6494140625,252.87437438964844,248.20420837402344,2.9014601261447126,2.6928018330608268
2024-12-26,257.37554931640625,258.44870970386563,255.9943897750778,256.55083207826743,27237100,239.79427235921224,0.003175692971462807,0.008575389799645242,252.43005589076452,229.98384568956163,256.560791015625,253.6494140625,252.87437438964844,2.4543199287878394,0.8247172381388168
2024-12-27,253.96739196777344,257.05766400729357,251.45345479939442,256.19316170058187,42355300,240.8034907023112,-0.013241962407404051,0.009190363212772326,252.72957284109933,230.30765397813585,257.37554931640625,256.560791015625,253.6494140625,5.604209207899146,-2.2257697328084305
2024-12-30,250.59889221191406,251.8906421270002,249.15810064436016,250.6287005424076,35557500,241.59774881998698,-0.013263512806741762,0.009546316944940951,253.31866019112724,230.59524756537544,253.96739196777344,257.37554931640625,256.560791015625,2.7325414826400447,-0.029808330493551694
2024-12-31,248.8302001953125,251.6720440162376,247.84647977817443,250.83738041728796,39480700,242.43970235188803,-0.007057860475719546,0.009180661546489265,253.40808759416853,230.8838122897678,250.59889221191406,253.96739196777344,257.37554931640625,3.82556423806318,-2.00718022197546
